Using pre-set license
Built from '2022.3/staging' branch; Version is '2022.3.42f1 (2dcb6a0abc42) revision 3001194'; Using compiler version '192829333'; Build Type 'Release'
OS: 'Windows 11  (10.0.26200) 64bit Core' Language: 'ko' Physical Memory: 15964 MB
BatchMode: 1, IsHumanControllingUs: 0, StartBugReporterOnCrash: 0, Is64bit: 1, IsPro: 1

COMMAND LINE ARGUMENTS:
C:\Program Files\Unity\Hub\Editor\2022.3.42f1\Editor\Unity.exe
-adb2
-batchMode
-noUpm
-name
AssetImportWorker2
-projectPath
C:/Users/jongk/final_project
-logFile
Logs/AssetImportWorker2.log
-srvPort
57931
Successfully changed project path to: C:/Users/jongk/final_project
C:/Users/jongk/final_project
[UnityMemory] Configuration Parameters - Can be set up in boot.config
    "memorysetup-bucket-allocator-granularity=16"
    "memorysetup-bucket-allocator-bucket-count=8"
    "memorysetup-bucket-allocator-block-size=33554432"
    "memorysetup-bucket-allocator-block-count=8"
    "memorysetup-main-allocator-block-size=16777216"
    "memorysetup-thread-allocator-block-size=16777216"
    "memorysetup-gfx-main-allocator-block-size=16777216"
    "memorysetup-gfx-thread-allocator-block-size=16777216"
    "memorysetup-cache-allocator-block-size=4194304"
    "memorysetup-typetree-allocator-block-size=2097152"
    "memorysetup-profiler-bucket-allocator-granularity=16"
    "memorysetup-profiler-bucket-allocator-bucket-count=8"
    "memorysetup-profiler-bucket-allocator-block-size=33554432"
    "memorysetup-profiler-bucket-allocator-block-count=8"
    "memorysetup-profiler-allocator-block-size=16777216"
    "memorysetup-profiler-editor-allocator-block-size=1048576"
    "memorysetup-temp-allocator-size-main=16777216"
    "memorysetup-job-temp-allocator-block-size=2097152"
    "memorysetup-job-temp-allocator-block-size-background=1048576"
    "memorysetup-job-temp-allocator-reduction-small-platforms=262144"
    "memorysetup-allocator-temp-initial-block-size-main=262144"
    "memorysetup-allocator-temp-initial-block-size-worker=262144"
    "memorysetup-temp-allocator-size-background-worker=32768"
    "memorysetup-temp-allocator-size-job-worker=262144"
    "memorysetup-temp-allocator-size-preload-manager=33554432"
    "memorysetup-temp-allocator-size-nav-mesh-worker=65536"
    "memorysetup-temp-allocator-size-audio-worker=65536"
    "memorysetup-temp-allocator-size-cloud-worker=32768"
    "memorysetup-temp-allocator-size-gi-baking-worker=262144"
    "memorysetup-temp-allocator-size-gfx=262144"
Player connection [23192]  Target information:

Player connection [23192]  * "[IP] 172.30.1.85 [Port] 0 [Flags] 2 [Guid] 3293993238 [EditorId] 3293993238 [Version] 1048832 [Id] WindowsEditor(7,BOOK-U9ST4MTRDP) [Debug] 1 [PackageName] WindowsEditor [ProjectName] Editor" 

Player connection [23192] Host joined multi-casting on [225.0.0.222:54997]...
Player connection [23192] Host joined alternative multi-casting on [225.0.0.222:34997]...
[PhysX] Initialized MultithreadedTaskDispatcher with 18 workers.
Refreshing native plugins compatible for Editor in 9.53 ms, found 3 plugins.
Preloading 0 native plugins for Editor in 0.00 ms.
Initialize engine version: 2022.3.42f1 (2dcb6a0abc42)
[Subsystems] Discovering subsystems at path C:/Program Files/Unity/Hub/Editor/2022.3.42f1/Editor/Data/Resources/UnitySubsystems
[Subsystems] Discovering subsystems at path C:/Users/jongk/final_project/Assets
GfxDevice: creating device client; threaded=0; jobified=0
Direct3D:
    Version:  Direct3D 11.0 [level 11.1]
    Renderer: Intel(R) Arc(TM) Graphics (ID=0x7d55)
    Vendor:   Intel
    VRAM:     9099 MB
    Driver:   32.0.101.6874
Initialize mono
Mono path[0] = 'C:/Program Files/Unity/Hub/Editor/2022.3.42f1/Editor/Data/Managed'
Mono path[1] = 'C:/Program Files/Unity/Hub/Editor/2022.3.42f1/Editor/Data/MonoBleedingEdge/lib/mono/unityjit-win32'
Mono config path = 'C:/Program Files/Unity/Hub/Editor/2022.3.42f1/Editor/Data/MonoBleedingEdge/etc'
Using monoOptions --debugger-agent=transport=dt_socket,embedding=1,server=y,suspend=n,address=127.0.0.1:56144
Begin MonoManager ReloadAssembly
Registering precompiled unity dll's ...
Register platform support module: C:/Program Files/Unity/Hub/Editor/2022.3.42f1/Editor/Data/PlaybackEngines/WindowsStandaloneSupport/UnityEditor.WindowsStandalone.Extensions.dll
Registered in 0.009692 seconds.
- Loaded All Assemblies, in  0.715 seconds
Native extension for WindowsStandalone target not found
Mono: successfully reloaded assembly
- Finished resetting the current domain, in  0.672 seconds
Domain Reload Profiling: 1386ms
	BeginReloadAssembly (252ms)
		ExecutionOrderSort (0ms)
		DisableScriptedObjects (0ms)
		BackupInstance (0ms)
		ReleaseScriptingObjects (0ms)
		CreateAndSetChildDomain (1ms)
	RebuildCommonClasses (57ms)
	RebuildNativeTypeToScriptingClass (22ms)
	initialDomainReloadingComplete (115ms)
	LoadAllAssembliesAndSetupDomain (267ms)
		LoadAssemblies (249ms)
		RebuildTransferFunctionScriptingTraits (0ms)
		AnalyzeDomain (262ms)
			TypeCache.Refresh (258ms)
				TypeCache.ScanAssembly (235ms)
			ScanForSourceGeneratedMonoScriptInfo (1ms)
			ResolveRequiredComponents (1ms)
	FinalizeReload (673ms)
		ReleaseScriptCaches (0ms)
		RebuildScriptCaches (0ms)
		SetupLoadedEditorAssemblies (550ms)
			LogAssemblyErrors (0ms)
			InitializePlatformSupportModulesInManaged (30ms)
			SetLoadedEditorAssemblies (23ms)
			RefreshPlugins (0ms)
			BeforeProcessingInitializeOnLoad (5ms)
			ProcessInitializeOnLoadAttributes (375ms)
			ProcessInitializeOnLoadMethodAttributes (116ms)
			AfterProcessingInitializeOnLoad (0ms)
			EditorAssembliesLoaded (0ms)
		ExecutionOrderSort2 (0ms)
		AwakeInstancesAfterBackupRestoration (0ms)
========================================================================
Worker process is ready to serve import requests
Caller must complete domain reload
Begin MonoManager ReloadAssembly
- Loaded All Assemblies, in  1.197 seconds
Native extension for WindowsStandalone target not found
Mono: successfully reloaded assembly
- Finished resetting the current domain, in  1.632 seconds
Domain Reload Profiling: 2828ms
	BeginReloadAssembly (306ms)
		ExecutionOrderSort (0ms)
		DisableScriptedObjects (11ms)
		BackupInstance (0ms)
		ReleaseScriptingObjects (0ms)
		CreateAndSetChildDomain (37ms)
	RebuildCommonClasses (64ms)
	RebuildNativeTypeToScriptingClass (20ms)
	initialDomainReloadingComplete (83ms)
	LoadAllAssembliesAndSetupDomain (722ms)
		LoadAssemblies (610ms)
		RebuildTransferFunctionScriptingTraits (0ms)
		AnalyzeDomain (294ms)
			TypeCache.Refresh (249ms)
				TypeCache.ScanAssembly (229ms)
			ScanForSourceGeneratedMonoScriptInfo (27ms)
			ResolveRequiredComponents (14ms)
	FinalizeReload (1633ms)
		ReleaseScriptCaches (0ms)
		RebuildScriptCaches (0ms)
		SetupLoadedEditorAssemblies (1385ms)
			LogAssemblyErrors (0ms)
			InitializePlatformSupportModulesInManaged (11ms)
			SetLoadedEditorAssemblies (8ms)
			RefreshPlugins (0ms)
			BeforeProcessingInitializeOnLoad (157ms)
			ProcessInitializeOnLoadAttributes (1145ms)
			ProcessInitializeOnLoadMethodAttributes (57ms)
			AfterProcessingInitializeOnLoad (7ms)
			EditorAssembliesLoaded (0ms)
		ExecutionOrderSort2 (0ms)
		AwakeInstancesAfterBackupRestoration (10ms)
Launched and connected shader compiler UnityShaderCompiler.exe after 0.13 seconds
Refreshing native plugins compatible for Editor in 5.80 ms, found 3 plugins.
Preloading 0 native plugins for Editor in 0.00 ms.
Unloading 3244 Unused Serialized files (Serialized files now loaded: 0)
Unloading 19 unused Assets / (54.5 KB). Loaded Objects now: 3714.
Memory consumption went from 126.1 MB to 126.0 MB.
Total: 7.764900 ms (FindLiveObjects: 0.306700 ms CreateObjectMapping: 0.092100 ms MarkObjects: 7.222200 ms  DeleteObjects: 0.142200 ms)

AssetImportParameters requested are different than current active one (requested -> active):
  custom:container-demuxer-ogg: 62fdf1f143b41e24485cea50d1cbac27 -> 
  custom:video-codec-MediaFoundation-h265: 746d11721c4dcdbdad8f713fa42b33f4 -> 
  custom:video-decoder-ogg-theora: a1e56fd34408186e4bbccfd4996cb3dc -> 
  custom:framework-win-MediaFoundation: 216162199b28c13a410421893ffa2e32 -> 
  custom:CustomObjectIndexerAttribute: 9a22284fe3817be447336de3de66b15e -> 
  custom:container-demuxer-webm: 4f35f7cbe854078d1ac9338744f61a02 -> 
  custom:container-muxer-webm: aa71ff27fc2769a1b78a27578f13a17b -> 
  custom:video-decoder-webm-vp8: 9c59270c3fd7afecdb556c50c9e8de78 -> 
  custom:SearchIndexIgnoredProperties: e643bd26f0fe6173181afceb89e7c659 -> 
  custom:AudioImporter_EditorPlatform: d09bf68614088b80899f8185d706f6e7 -> 
  custom:video-encoder-webm-vp8: eb34c28f22e8b96e1ab97ce403110664 -> 
  custom:audio-decoder-ogg-vorbis: bf7c407c2cedff20999df2af8eb42d56 -> 
  custom:audio-encoder-webm-vorbis: bf7c407c2cedff20999df2af8eb42d56 -> 
========================================================================
Received Import Request.
  Time since last request: 89482.245034 seconds.
  path: Assets/npc_casual_set_00/Materials/mtl_npc_csl_shirtopenrolled_00m_01_01.mat
  artifactKey: Guid(f52faf7dac13a214499890a22b18b423) Importer(2089858483,0ecaa5967403d082aa24f35e1b516d23)
Start importing Assets/npc_casual_set_00/Materials/mtl_npc_csl_shirtopenrolled_00m_01_01.mat using Guid(f52faf7dac13a214499890a22b18b423) Importer(2089858483,0ecaa5967403d082aa24f35e1b516d23) [PhysX] Initialized MultithreadedTaskDispatcher with 18 workers.
 -> (artifact id: 'fbd7e8c69f6e08e5248df779d05b19d3') in 0.270558 seconds
Number of updated asset objects reloaded before import = 0
Number of asset objects unloaded after import = 5
========================================================================
Received Import Request.
  Time since last request: 0.000055 seconds.
  path: Assets/npc_casual_set_00/Materials/mtl_npc_hmn_face_01m_05_01.mat
  artifactKey: Guid(013b8ba2a88cf754d91158d2d8504f61) Importer(2089858483,0ecaa5967403d082aa24f35e1b516d23)
Start importing Assets/npc_casual_set_00/Materials/mtl_npc_hmn_face_01m_05_01.mat using Guid(013b8ba2a88cf754d91158d2d8504f61) Importer(2089858483,0ecaa5967403d082aa24f35e1b516d23) [PhysX] Initialized MultithreadedTaskDispatcher with 18 workers.
 -> (artifact id: '5b0334ab7c18095a6982c2f6d2f33a7e') in 0.062999 seconds
Number of updated asset objects reloaded before import = 0
Number of asset objects unloaded after import = 5
========================================================================
Received Import Request.
  Time since last request: 0.000056 seconds.
  path: Assets/npc_casual_set_00/Prefabs/npc_csl_00_character_01f_02.prefab
  artifactKey: Guid(d34700a5f6d359546bc65c95236d3535) Importer(2089858483,0ecaa5967403d082aa24f35e1b516d23)
Start importing Assets/npc_casual_set_00/Prefabs/npc_csl_00_character_01f_02.prefab using Guid(d34700a5f6d359546bc65c95236d3535) Importer(2089858483,0ecaa5967403d082aa24f35e1b516d23) [PhysX] Initialized MultithreadedTaskDispatcher with 18 workers.
 -> (artifact id: 'd1fccaec7701b98544fd5fbb7af3f82a') in 0.149270 seconds
Number of updated asset objects reloaded before import = 0
Number of asset objects unloaded after import = 680
========================================================================
Received Import Request.
  Time since last request: 0.000077 seconds.
  path: Assets/npc_casual_set_00/Materials/mtl_npc_hair_10.mat
  artifactKey: Guid(7187b14939a19e9468d8f364e1dd985d) Importer(2089858483,0ecaa5967403d082aa24f35e1b516d23)
Start importing Assets/npc_casual_set_00/Materials/mtl_npc_hair_10.mat using Guid(7187b14939a19e9468d8f364e1dd985d) Importer(2089858483,0ecaa5967403d082aa24f35e1b516d23) [PhysX] Initialized MultithreadedTaskDispatcher with 18 workers.
 -> (artifact id: '9e824126a0ae1587717e2c73236af9d6') in 0.064071 seconds
Number of updated asset objects reloaded before import = 0
Number of asset objects unloaded after import = 5
========================================================================
Received Import Request.
  Time since last request: 0.000057 seconds.
  path: Assets/npc_casual_set_00/Materials/mtl_npc_csl_shirtopenrolled_00f_01_02bw.mat
  artifactKey: Guid(580e9a0ee1b098545957c52f7c526b6d) Importer(2089858483,0ecaa5967403d082aa24f35e1b516d23)
Start importing Assets/npc_casual_set_00/Materials/mtl_npc_csl_shirtopenrolled_00f_01_02bw.mat using Guid(580e9a0ee1b098545957c52f7c526b6d) Importer(2089858483,0ecaa5967403d082aa24f35e1b516d23) [PhysX] Initialized MultithreadedTaskDispatcher with 18 workers.
 -> (artifact id: 'e7ec7a6fa5658d22d3f1f9795b0122bd') in 0.102848 seconds
Number of updated asset objects reloaded before import = 0
Number of asset objects unloaded after import = 5
========================================================================
Received Import Request.
  Time since last request: 0.000100 seconds.
  path: Assets/npc_casual_set_00/Mesh/npc_haircut_c_01.fbx
  artifactKey: Guid(6557d655a9330134a90a21ea4f272d76) Importer(2089858483,0ecaa5967403d082aa24f35e1b516d23)
Start importing Assets/npc_casual_set_00/Mesh/npc_haircut_c_01.fbx using Guid(6557d655a9330134a90a21ea4f272d76) Importer(2089858483,0ecaa5967403d082aa24f35e1b516d23) [PhysX] Initialized MultithreadedTaskDispatcher with 18 workers.
 -> (artifact id: '89830a89f914b9702bc861eeda0a7d3d') in 0.174627 seconds
Number of updated asset objects reloaded before import = 0
Number of asset objects unloaded after import = 141
========================================================================
Received Import Request.
  Time since last request: 0.000081 seconds.
  path: Assets/npc_casual_set_00/Materials/mtl_npc_csl_shirtopenrolled_00m_01_02.mat
  artifactKey: Guid(e9cb1387be7fac94686232ae21d4cd2a) Importer(2089858483,0ecaa5967403d082aa24f35e1b516d23)
Start importing Assets/npc_casual_set_00/Materials/mtl_npc_csl_shirtopenrolled_00m_01_02.mat using Guid(e9cb1387be7fac94686232ae21d4cd2a) Importer(2089858483,0ecaa5967403d082aa24f35e1b516d23) [PhysX] Initialized MultithreadedTaskDispatcher with 18 workers.
 -> (artifact id: '8cb390341fc1368fc4633e7d92897d7e') in 0.060377 seconds
Number of updated asset objects reloaded before import = 0
Number of asset objects unloaded after import = 5
========================================================================
Received Import Request.
  Time since last request: 0.000090 seconds.
  path: Assets/npc_casual_set_00/Mesh/npc_csl_shoe_01.fbx
  artifactKey: Guid(b7af57783c52b324facb78f371ecbb7e) Importer(2089858483,0ecaa5967403d082aa24f35e1b516d23)
Start importing Assets/npc_casual_set_00/Mesh/npc_csl_shoe_01.fbx using Guid(b7af57783c52b324facb78f371ecbb7e) Importer(2089858483,0ecaa5967403d082aa24f35e1b516d23) [PhysX] Initialized MultithreadedTaskDispatcher with 18 workers.
 -> (artifact id: '60597bb4ea83089d649a17b4d495b0c2') in 0.122911 seconds
Number of updated asset objects reloaded before import = 0
Number of asset objects unloaded after import = 141
========================================================================
Received Import Request.
  Time since last request: 0.000041 seconds.
  path: Assets/npc_casual_set_00/Materials/mtl_npc_csl_pants_00m_01_02.mat
  artifactKey: Guid(684bb0841d7a2bf44ac488fe561e2e50) Importer(2089858483,0ecaa5967403d082aa24f35e1b516d23)
Start importing Assets/npc_casual_set_00/Materials/mtl_npc_csl_pants_00m_01_02.mat using Guid(684bb0841d7a2bf44ac488fe561e2e50) Importer(2089858483,0ecaa5967403d082aa24f35e1b516d23) [PhysX] Initialized MultithreadedTaskDispatcher with 18 workers.
 -> (artifact id: 'd412b2958cb79b3420d789896ecdb8ce') in 0.118674 seconds
Number of updated asset objects reloaded before import = 0
Number of asset objects unloaded after import = 5
========================================================================
Received Import Request.
  Time since last request: 0.000044 seconds.
  path: Assets/npc_casual_set_00/Prefabs/npc_csl_shirtopenrolled_00f_01_02.prefab
  artifactKey: Guid(6035c4ff891b1db45a923c28dc2edf8c) Importer(2089858483,0ecaa5967403d082aa24f35e1b516d23)
Start importing Assets/npc_casual_set_00/Prefabs/npc_csl_shirtopenrolled_00f_01_02.prefab using Guid(6035c4ff891b1db45a923c28dc2edf8c) Importer(2089858483,0ecaa5967403d082aa24f35e1b516d23) [PhysX] Initialized MultithreadedTaskDispatcher with 18 workers.
 -> (artifact id: '9e1e230b1d62b9d9dbebaf8952f3ba85') in 0.063465 seconds
Number of updated asset objects reloaded before import = 0
Number of asset objects unloaded after import = 283
========================================================================
Received Import Request.
  Time since last request: 0.000131 seconds.
  path: Assets/npc_casual_set_00/Prefabs/npc_csl_tshirt_00f_01_01bw.prefab
  artifactKey: Guid(72b96680f3cae874a83d30361513ee0b) Importer(2089858483,0ecaa5967403d082aa24f35e1b516d23)
Start importing Assets/npc_casual_set_00/Prefabs/npc_csl_tshirt_00f_01_01bw.prefab using Guid(72b96680f3cae874a83d30361513ee0b) Importer(2089858483,0ecaa5967403d082aa24f35e1b516d23) [PhysX] Initialized MultithreadedTaskDispatcher with 18 workers.
 -> (artifact id: '7a0ad76f85367b76d05f7e7619f4b6a7') in 0.057398 seconds
Number of updated asset objects reloaded before import = 0
Number of asset objects unloaded after import = 283
========================================================================
Received Import Request.
  Time since last request: 0.000055 seconds.
  path: Assets/npc_casual_set_00/Prefabs/npc_csl_00_character_02m_02.prefab
  artifactKey: Guid(1e702983913400042ac3fcd1173a6d37) Importer(2089858483,0ecaa5967403d082aa24f35e1b516d23)
Start importing Assets/npc_casual_set_00/Prefabs/npc_csl_00_character_02m_02.prefab using Guid(1e702983913400042ac3fcd1173a6d37) Importer(2089858483,0ecaa5967403d082aa24f35e1b516d23) [PhysX] Initialized MultithreadedTaskDispatcher with 18 workers.
 -> (artifact id: '7c04f8adaaa860ec77ce73b64fb41eab') in 0.122142 seconds
Number of updated asset objects reloaded before import = 0
Number of asset objects unloaded after import = 457
========================================================================
Received Import Request.
  Time since last request: 0.000050 seconds.
  path: Assets/Scenes/SampleScene.unity
  artifactKey: Guid(9fc0d4010bbf28b4594072e72b8655ab) Importer(2089858483,0ecaa5967403d082aa24f35e1b516d23)
Start importing Assets/Scenes/SampleScene.unity using Guid(9fc0d4010bbf28b4594072e72b8655ab) Importer(2089858483,0ecaa5967403d082aa24f35e1b516d23) [PhysX] Initialized MultithreadedTaskDispatcher with 18 workers.
 -> (artifact id: '73f373acd55b8ed55530255cbfc43b29') in 0.037170 seconds
Number of updated asset objects reloaded before import = 0
Number of asset objects unloaded after import = 1
========================================================================
Received Import Request.
  Time since last request: 0.000095 seconds.
  path: Assets/npc_casual_set_00/Mesh/npc_csl_shoe_04.fbx
  artifactKey: Guid(aa1020ec2c37d4440b5033fccc0f4dfc) Importer(2089858483,0ecaa5967403d082aa24f35e1b516d23)
Start importing Assets/npc_casual_set_00/Mesh/npc_csl_shoe_04.fbx using Guid(aa1020ec2c37d4440b5033fccc0f4dfc) Importer(2089858483,0ecaa5967403d082aa24f35e1b516d23) [PhysX] Initialized MultithreadedTaskDispatcher with 18 workers.
 -> (artifact id: '709bed9ecae9b283c5ecdbf264b57f8a') in 0.145576 seconds
Number of updated asset objects reloaded before import = 0
Number of asset objects unloaded after import = 142
========================================================================
Received Import Request.
  Time since last request: 0.000040 seconds.
  path: Assets/npc_casual_set_00/Materials/mtl_npc_csl_tshirt_00f_01_03.mat
  artifactKey: Guid(2863d45f7bb13a643b7f1dc4f3cb5a95) Importer(2089858483,0ecaa5967403d082aa24f35e1b516d23)
Start importing Assets/npc_casual_set_00/Materials/mtl_npc_csl_tshirt_00f_01_03.mat using Guid(2863d45f7bb13a643b7f1dc4f3cb5a95) Importer(2089858483,0ecaa5967403d082aa24f35e1b516d23) [PhysX] Initialized MultithreadedTaskDispatcher with 18 workers.
 -> (artifact id: '3559ca4ab7e8ce72156e32a2326d8ced') in 0.074718 seconds
Number of updated asset objects reloaded before import = 0
Number of asset objects unloaded after import = 5
========================================================================
Received Import Request.
  Time since last request: 0.000062 seconds.
  path: Assets/npc_casual_set_00/Materials/mtl_npc_hmn_body_01m_01_01.mat
  artifactKey: Guid(449c892dcfb7f3a43a50b2a52522498e) Importer(2089858483,0ecaa5967403d082aa24f35e1b516d23)
Start importing Assets/npc_casual_set_00/Materials/mtl_npc_hmn_body_01m_01_01.mat using Guid(449c892dcfb7f3a43a50b2a52522498e) Importer(2089858483,0ecaa5967403d082aa24f35e1b516d23) [PhysX] Initialized MultithreadedTaskDispatcher with 18 workers.
 -> (artifact id: '3e84537cad189f96c2f58180b36ea881') in 0.155434 seconds
Number of updated asset objects reloaded before import = 0
Number of asset objects unloaded after import = 5
========================================================================
Received Import Request.
  Time since last request: 0.000166 seconds.
  path: Assets/npc_casual_set_00/Materials/mtl_npc_csl_pants_00f_01_02.mat
  artifactKey: Guid(a3c584e03a04b21448a3251b004db564) Importer(2089858483,0ecaa5967403d082aa24f35e1b516d23)
Start importing Assets/npc_casual_set_00/Materials/mtl_npc_csl_pants_00f_01_02.mat using Guid(a3c584e03a04b21448a3251b004db564) Importer(2089858483,0ecaa5967403d082aa24f35e1b516d23) [PhysX] Initialized MultithreadedTaskDispatcher with 18 workers.
 -> (artifact id: '6a81044e8559a2babaaee3db475a3d6f') in 0.067484 seconds
Number of updated asset objects reloaded before import = 0
Number of asset objects unloaded after import = 5
========================================================================
Received Import Request.
  Time since last request: 0.000061 seconds.
  path: Assets/npc_casual_set_00/Materials/mtl_npc_hair_05.mat
  artifactKey: Guid(7d5ab6351e8040c49b61ac717b2cac70) Importer(2089858483,0ecaa5967403d082aa24f35e1b516d23)
Start importing Assets/npc_casual_set_00/Materials/mtl_npc_hair_05.mat using Guid(7d5ab6351e8040c49b61ac717b2cac70) Importer(2089858483,0ecaa5967403d082aa24f35e1b516d23) [PhysX] Initialized MultithreadedTaskDispatcher with 18 workers.
 -> (artifact id: 'd8bae68aedf6dd0a3881e6e210745e53') in 0.082201 seconds
Number of updated asset objects reloaded before import = 0
Number of asset objects unloaded after import = 5
========================================================================
Received Import Request.
  Time since last request: 0.000041 seconds.
  path: Assets/npc_casual_set_00/Mesh/npc_csl_00_character_01m.fbx
  artifactKey: Guid(46c5ec54e9c218c4abd9fbeb01ef1d1b) Importer(2089858483,0ecaa5967403d082aa24f35e1b516d23)
Start importing Assets/npc_casual_set_00/Mesh/npc_csl_00_character_01m.fbx using Guid(46c5ec54e9c218c4abd9fbeb01ef1d1b) Importer(2089858483,0ecaa5967403d082aa24f35e1b516d23) [PhysX] Initialized MultithreadedTaskDispatcher with 18 workers.
 -> (artifact id: 'd6522ba29a4e964565361fd5f9df0144') in 0.160344 seconds
Number of updated asset objects reloaded before import = 0
Number of asset objects unloaded after import = 283
========================================================================
Received Import Request.
  Time since last request: 0.000065 seconds.
  path: Assets/npc_casual_set_00/Textures/npc_csl_pants_00f_01_03_c.tif
  artifactKey: Guid(5d1fba2c4a768064cb75f66eea06f5eb) Importer(2089858483,0ecaa5967403d082aa24f35e1b516d23)
Start importing Assets/npc_casual_set_00/Textures/npc_csl_pants_00f_01_03_c.tif using Guid(5d1fba2c4a768064cb75f66eea06f5eb) Importer(2089858483,0ecaa5967403d082aa24f35e1b516d23) [PhysX] Initialized MultithreadedTaskDispatcher with 18 workers.
 -> (artifact id: '4fe9303d1e61ee42339ec990565e021e') in 0.188767 seconds
Number of updated asset objects reloaded before import = 0
Number of asset objects unloaded after import = 1
========================================================================
Received Import Request.
  Time since last request: 0.000069 seconds.
  path: Assets/npc_casual_set_00/Textures/npc_csl_pants_00f_01_01_m.tif
  artifactKey: Guid(28cd16a11a419304098bf41cadfb4f5e) Importer(2089858483,0ecaa5967403d082aa24f35e1b516d23)
Start importing Assets/npc_casual_set_00/Textures/npc_csl_pants_00f_01_01_m.tif using Guid(28cd16a11a419304098bf41cadfb4f5e) Importer(2089858483,0ecaa5967403d082aa24f35e1b516d23) [PhysX] Initialized MultithreadedTaskDispatcher with 18 workers.
 -> (artifact id: '2f2b955f476a3bc2780327bd151854be') in 0.088256 seconds
Number of updated asset objects reloaded before import = 0
Number of asset objects unloaded after import = 1
========================================================================
Received Import Request.
  Time since last request: 0.000194 seconds.
  path: Assets/npc_casual_set_00/Prefabs/npc_haircut_c_01.prefab
  artifactKey: Guid(561b9ba52fe98a644b6d5de9e1fdcd83) Importer(2089858483,0ecaa5967403d082aa24f35e1b516d23)
Start importing Assets/npc_casual_set_00/Prefabs/npc_haircut_c_01.prefab using Guid(561b9ba52fe98a644b6d5de9e1fdcd83) Importer(2089858483,0ecaa5967403d082aa24f35e1b516d23) [PhysX] Initialized MultithreadedTaskDispatcher with 18 workers.
 -> (artifact id: '813721f6f5b08430c3c06c6cda749f55') in 0.055284 seconds
Number of updated asset objects reloaded before import = 0
Number of asset objects unloaded after import = 275
========================================================================
Received Import Request.
  Time since last request: 0.000064 seconds.
  path: Assets/npc_casual_set_00/Textures/npc_csl_pants_00m_01_03_c.tif
  artifactKey: Guid(bf528487fb535a74d855069b41cc4342) Importer(2089858483,0ecaa5967403d082aa24f35e1b516d23)
Start importing Assets/npc_casual_set_00/Textures/npc_csl_pants_00m_01_03_c.tif using Guid(bf528487fb535a74d855069b41cc4342) Importer(2089858483,0ecaa5967403d082aa24f35e1b516d23) [PhysX] Initialized MultithreadedTaskDispatcher with 18 workers.
 -> (artifact id: 'a7c55799c2c2fb5c9a7ef165086d4767') in 0.099541 seconds
Number of updated asset objects reloaded before import = 0
Number of asset objects unloaded after import = 1
========================================================================
Received Import Request.
  Time since last request: 0.000264 seconds.
  path: Assets/npc_casual_set_00/Textures/npc_csl_pants_00m_01_02_c.tif
  artifactKey: Guid(e3dc5f6bfe627724bb3d32c531376f21) Importer(2089858483,0ecaa5967403d082aa24f35e1b516d23)
Start importing Assets/npc_casual_set_00/Textures/npc_csl_pants_00m_01_02_c.tif using Guid(e3dc5f6bfe627724bb3d32c531376f21) Importer(2089858483,0ecaa5967403d082aa24f35e1b516d23) [PhysX] Initialized MultithreadedTaskDispatcher with 18 workers.
 -> (artifact id: 'b7cb2c76919f88c9b72b1a8f87d7bb28') in 0.077125 seconds
Number of updated asset objects reloaded before import = 0
Number of asset objects unloaded after import = 1
========================================================================
Received Import Request.
  Time since last request: 0.000218 seconds.
  path: Assets/npc_casual_set_00/Textures/npc_csl_pants_00m_01_01_n.tif
  artifactKey: Guid(74cd5b2609e30324eb45a50f5e087b7d) Importer(2089858483,0ecaa5967403d082aa24f35e1b516d23)
Start importing Assets/npc_casual_set_00/Textures/npc_csl_pants_00m_01_01_n.tif using Guid(74cd5b2609e30324eb45a50f5e087b7d) Importer(2089858483,0ecaa5967403d082aa24f35e1b516d23) [PhysX] Initialized MultithreadedTaskDispatcher with 18 workers.
 -> (artifact id: '76fcba323a99134c4bd5a65664980ba5') in 0.087555 seconds
Number of updated asset objects reloaded before import = 0
Number of asset objects unloaded after import = 1
========================================================================
Received Import Request.
  Time since last request: 0.000056 seconds.
  path: Assets/npc_casual_set_00/Textures/npc_csl_shirtopenrolled_00f_01_01_n.tif
  artifactKey: Guid(604df16cab02b5342afd08f689514273) Importer(2089858483,0ecaa5967403d082aa24f35e1b516d23)
Start importing Assets/npc_casual_set_00/Textures/npc_csl_shirtopenrolled_00f_01_01_n.tif using Guid(604df16cab02b5342afd08f689514273) Importer(2089858483,0ecaa5967403d082aa24f35e1b516d23) [PhysX] Initialized MultithreadedTaskDispatcher with 18 workers.
 -> (artifact id: '8e39e84f9a9b79eee38edf24c712751b') in 0.091402 seconds
Number of updated asset objects reloaded before import = 0
Number of asset objects unloaded after import = 1
========================================================================
Received Import Request.
  Time since last request: 0.000155 seconds.
  path: Assets/npc_casual_set_00/Textures/npc_csl_shirtopenrolled_00f_01_01_o.tif
  artifactKey: Guid(136013a49beb9ce4cbe294755079b65a) Importer(2089858483,0ecaa5967403d082aa24f35e1b516d23)
Start importing Assets/npc_casual_set_00/Textures/npc_csl_shirtopenrolled_00f_01_01_o.tif using Guid(136013a49beb9ce4cbe294755079b65a) Importer(2089858483,0ecaa5967403d082aa24f35e1b516d23) [PhysX] Initialized MultithreadedTaskDispatcher with 18 workers.
 -> (artifact id: '9161d2e777a9a694a22c54011017afbb') in 0.098393 seconds
Number of updated asset objects reloaded before import = 0
Number of asset objects unloaded after import = 1
========================================================================
Received Import Request.
  Time since last request: 0.000169 seconds.
  path: Assets/npc_casual_set_00/Textures/npc_csl_shirtopenrolled_00m_01_01bw_c.tif
  artifactKey: Guid(3f0fb1b79555d05488a6db32a3836923) Importer(2089858483,0ecaa5967403d082aa24f35e1b516d23)
Start importing Assets/npc_casual_set_00/Textures/npc_csl_shirtopenrolled_00m_01_01bw_c.tif using Guid(3f0fb1b79555d05488a6db32a3836923) Importer(2089858483,0ecaa5967403d082aa24f35e1b516d23) [PhysX] Initialized MultithreadedTaskDispatcher with 18 workers.
 -> (artifact id: '6257955992c2cc186760466ba9b7aa5b') in 0.092000 seconds
Number of updated asset objects reloaded before import = 0
Number of asset objects unloaded after import = 1
========================================================================
Received Import Request.
  Time since last request: 0.000293 seconds.
  path: Assets/npc_casual_set_00/Materials/mtl_npc_csl_shirtopenrolled_00m_01_02bw.mat
  artifactKey: Guid(40f01e7f83c123f4db9c5f0243a209d5) Importer(2089858483,0ecaa5967403d082aa24f35e1b516d23)
Start importing Assets/npc_casual_set_00/Materials/mtl_npc_csl_shirtopenrolled_00m_01_02bw.mat using Guid(40f01e7f83c123f4db9c5f0243a209d5) Importer(2089858483,0ecaa5967403d082aa24f35e1b516d23) [PhysX] Initialized MultithreadedTaskDispatcher with 18 workers.
 -> (artifact id: '3ca3091ab5ed2ccf9171275850443de3') in 0.062356 seconds
Number of updated asset objects reloaded before import = 0
Number of asset objects unloaded after import = 5
========================================================================
Received Import Request.
  Time since last request: 0.000065 seconds.
  path: Assets/npc_casual_set_00/Textures/npc_csl_tshirt_00m_01_01_c.tif
  artifactKey: Guid(a39f9526d30a1b14c8348071a87496d8) Importer(2089858483,0ecaa5967403d082aa24f35e1b516d23)
Start importing Assets/npc_casual_set_00/Textures/npc_csl_tshirt_00m_01_01_c.tif using Guid(a39f9526d30a1b14c8348071a87496d8) Importer(2089858483,0ecaa5967403d082aa24f35e1b516d23) [PhysX] Initialized MultithreadedTaskDispatcher with 18 workers.
 -> (artifact id: 'd3cf25c4dbefe1d3dfe2875d1f662a95') in 0.108955 seconds
Number of updated asset objects reloaded before import = 0
Number of asset objects unloaded after import = 1
========================================================================
Received Import Request.
  Time since last request: 0.000186 seconds.
  path: Assets/npc_casual_set_00/Textures/npc_csl_tshirt_00f_01_01_m.tif
  artifactKey: Guid(257579c1827e5254eb6a405d5dc2dddf) Importer(2089858483,0ecaa5967403d082aa24f35e1b516d23)
Start importing Assets/npc_casual_set_00/Textures/npc_csl_tshirt_00f_01_01_m.tif using Guid(257579c1827e5254eb6a405d5dc2dddf) Importer(2089858483,0ecaa5967403d082aa24f35e1b516d23) [PhysX] Initialized MultithreadedTaskDispatcher with 18 workers.
 -> (artifact id: '92bb3d33be8c0cd79c65f61f11caa821') in 0.085385 seconds
Number of updated asset objects reloaded before import = 0
Number of asset objects unloaded after import = 1
========================================================================
Received Import Request.
  Time since last request: 0.000308 seconds.
  path: Assets/npc_casual_set_00/Textures/npc_csl_shoe_01_00_01_o.tif
  artifactKey: Guid(fb46aaa6134efbf49bed36f649d37ee3) Importer(2089858483,0ecaa5967403d082aa24f35e1b516d23)
Start importing Assets/npc_casual_set_00/Textures/npc_csl_shoe_01_00_01_o.tif using Guid(fb46aaa6134efbf49bed36f649d37ee3) Importer(2089858483,0ecaa5967403d082aa24f35e1b516d23) [PhysX] Initialized MultithreadedTaskDispatcher with 18 workers.
 -> (artifact id: '3c0f5d52332294679ceeefdb080af94a') in 0.077739 seconds
Number of updated asset objects reloaded before import = 0
Number of asset objects unloaded after import = 1
========================================================================
Received Import Request.
  Time since last request: 0.000212 seconds.
  path: Assets/npc_casual_set_00/Textures/npc_csl_shoe_01_00_01bw_c.tif
  artifactKey: Guid(7f4f0c0a6aae772438256d06688a8506) Importer(2089858483,0ecaa5967403d082aa24f35e1b516d23)
Start importing Assets/npc_casual_set_00/Textures/npc_csl_shoe_01_00_01bw_c.tif using Guid(7f4f0c0a6aae772438256d06688a8506) Importer(2089858483,0ecaa5967403d082aa24f35e1b516d23) [PhysX] Initialized MultithreadedTaskDispatcher with 18 workers.
 -> (artifact id: '569ef679cd0f76c8b4f743751561fab3') in 0.083299 seconds
Number of updated asset objects reloaded before import = 0
Number of asset objects unloaded after import = 1
========================================================================
Received Import Request.
  Time since last request: 0.000183 seconds.
  path: Assets/npc_casual_set_00/Textures/npc_csl_shoe_01_00_03_c.tif
  artifactKey: Guid(2264306ac81a982499faf4839f90b87f) Importer(2089858483,0ecaa5967403d082aa24f35e1b516d23)
Start importing Assets/npc_casual_set_00/Textures/npc_csl_shoe_01_00_03_c.tif using Guid(2264306ac81a982499faf4839f90b87f) Importer(2089858483,0ecaa5967403d082aa24f35e1b516d23) [PhysX] Initialized MultithreadedTaskDispatcher with 18 workers.
 -> (artifact id: '2a175e7e3fb62238a8d4a4150bfb01d5') in 0.085283 seconds
Number of updated asset objects reloaded before import = 0
Number of asset objects unloaded after import = 1
========================================================================
Received Import Request.
  Time since last request: 0.000053 seconds.
  path: Assets/npc_casual_set_00/Prefabs/npc_casual_set_00.prefab
  artifactKey: Guid(00f8db70a549b7b46963a6d7484c0a8b) Importer(2089858483,0ecaa5967403d082aa24f35e1b516d23)
Start importing Assets/npc_casual_set_00/Prefabs/npc_casual_set_00.prefab using Guid(00f8db70a549b7b46963a6d7484c0a8b) Importer(2089858483,0ecaa5967403d082aa24f35e1b516d23) [PhysX] Initialized MultithreadedTaskDispatcher with 18 workers.
 -> (artifact id: 'e714d4c7e6e82dd957218bebbdc8b00d') in 0.536420 seconds
Number of updated asset objects reloaded before import = 0
Number of asset objects unloaded after import = 5056
========================================================================
Received Import Request.
  Time since last request: 0.000063 seconds.
  path: Assets/npc_casual_set_00/Textures/npc_hmn_face_01f_02_01_o.tif
  artifactKey: Guid(6c9e94161883d2d4b90cfa37354ae6e7) Importer(2089858483,0ecaa5967403d082aa24f35e1b516d23)
Start importing Assets/npc_casual_set_00/Textures/npc_hmn_face_01f_02_01_o.tif using Guid(6c9e94161883d2d4b90cfa37354ae6e7) Importer(2089858483,0ecaa5967403d082aa24f35e1b516d23) [PhysX] Initialized MultithreadedTaskDispatcher with 18 workers.
 -> (artifact id: 'd13d727d4daf0c8315432fa584ac97f7') in 0.096319 seconds
Number of updated asset objects reloaded before import = 0
Number of asset objects unloaded after import = 1
========================================================================
Received Import Request.
  Time since last request: 0.000086 seconds.
  path: Assets/npc_casual_set_00/Textures/npc_hmn_body_01f_01_01_msk.tif
  artifactKey: Guid(8ca04d853cdbf43468ab6ebfc73e11e4) Importer(2089858483,0ecaa5967403d082aa24f35e1b516d23)
Start importing Assets/npc_casual_set_00/Textures/npc_hmn_body_01f_01_01_msk.tif using Guid(8ca04d853cdbf43468ab6ebfc73e11e4) Importer(2089858483,0ecaa5967403d082aa24f35e1b516d23) [PhysX] Initialized MultithreadedTaskDispatcher with 18 workers.
 -> (artifact id: '7c0167f94db905ab1bca0a4c73bbadde') in 0.086528 seconds
Number of updated asset objects reloaded before import = 0
Number of asset objects unloaded after import = 1
========================================================================
Received Import Request.
  Time since last request: 0.000201 seconds.
  path: Assets/npc_casual_set_00/Textures/npc_hmn_face_01f_02_01_msk.tif
  artifactKey: Guid(dba67712479c2c74fabaa7ee3125f92d) Importer(2089858483,0ecaa5967403d082aa24f35e1b516d23)
Start importing Assets/npc_casual_set_00/Textures/npc_hmn_face_01f_02_01_msk.tif using Guid(dba67712479c2c74fabaa7ee3125f92d) Importer(2089858483,0ecaa5967403d082aa24f35e1b516d23) [PhysX] Initialized MultithreadedTaskDispatcher with 18 workers.
 -> (artifact id: '846cecc58916a274545068c34e34c9c3') in 0.079706 seconds
Number of updated asset objects reloaded before import = 0
Number of asset objects unloaded after import = 1
========================================================================
Received Import Request.
  Time since last request: 0.000330 seconds.
  path: Assets/npc_casual_set_00/Textures/npc_hmn_face_01f_03_01_msk.tif
  artifactKey: Guid(ffbf7521843fce342aa61afadfdc552c) Importer(2089858483,0ecaa5967403d082aa24f35e1b516d23)
Start importing Assets/npc_casual_set_00/Textures/npc_hmn_face_01f_03_01_msk.tif using Guid(ffbf7521843fce342aa61afadfdc552c) Importer(2089858483,0ecaa5967403d082aa24f35e1b516d23) [PhysX] Initialized MultithreadedTaskDispatcher with 18 workers.
 -> (artifact id: '78f02605f06cbc368d8b395d1cf92d5f') in 0.079484 seconds
Number of updated asset objects reloaded before import = 0
Number of asset objects unloaded after import = 1
========================================================================
Received Import Request.
  Time since last request: 0.000197 seconds.
  path: Assets/npc_casual_set_00/Textures/npc_hmn_body_01f_01_01_n.tif
  artifactKey: Guid(742937975a0512143872e34a3129a006) Importer(2089858483,0ecaa5967403d082aa24f35e1b516d23)
Start importing Assets/npc_casual_set_00/Textures/npc_hmn_body_01f_01_01_n.tif using Guid(742937975a0512143872e34a3129a006) Importer(2089858483,0ecaa5967403d082aa24f35e1b516d23) [PhysX] Initialized MultithreadedTaskDispatcher with 18 workers.
 -> (artifact id: 'b94e1387dd9bac65fc5e5143e2cef226') in 0.095846 seconds
Number of updated asset objects reloaded before import = 0
Number of asset objects unloaded after import = 1
========================================================================
Received Import Request.
  Time since last request: 0.000162 seconds.
  path: Assets/npc_casual_set_00/Textures/npc_hmn_face_01f_03_01_o.tif
  artifactKey: Guid(20b3f5b1a4a0fd442b83ad2ab7d27935) Importer(2089858483,0ecaa5967403d082aa24f35e1b516d23)
Start importing Assets/npc_casual_set_00/Textures/npc_hmn_face_01f_03_01_o.tif using Guid(20b3f5b1a4a0fd442b83ad2ab7d27935) Importer(2089858483,0ecaa5967403d082aa24f35e1b516d23) [PhysX] Initialized MultithreadedTaskDispatcher with 18 workers.
 -> (artifact id: '7c54827eb9a3e0db9649031576bdbf13') in 0.088036 seconds
Number of updated asset objects reloaded before import = 0
Number of asset objects unloaded after import = 1
========================================================================
Received Import Request.
  Time since last request: 0.000281 seconds.
  path: Assets/npc_casual_set_00/Textures/npc_hmn_face_01f_02_01_m.tif
  artifactKey: Guid(a1d24fdc2443c204caaf2657d3845d2e) Importer(2089858483,0ecaa5967403d082aa24f35e1b516d23)
Start importing Assets/npc_casual_set_00/Textures/npc_hmn_face_01f_02_01_m.tif using Guid(a1d24fdc2443c204caaf2657d3845d2e) Importer(2089858483,0ecaa5967403d082aa24f35e1b516d23) [PhysX] Initialized MultithreadedTaskDispatcher with 18 workers.
 -> (artifact id: 'dc4d8b5b91971b79e1aed2eeb80206c5') in 0.091673 seconds
Number of updated asset objects reloaded before import = 0
Number of asset objects unloaded after import = 1
========================================================================
Received Import Request.
  Time since last request: 0.000130 seconds.
  path: Assets/npc_casual_set_00/Textures/npc_hmn_face_01f_03_01_n.tif
  artifactKey: Guid(c3547d96760784d43bb81cf9d3b890d6) Importer(2089858483,0ecaa5967403d082aa24f35e1b516d23)
Start importing Assets/npc_casual_set_00/Textures/npc_hmn_face_01f_03_01_n.tif using Guid(c3547d96760784d43bb81cf9d3b890d6) Importer(2089858483,0ecaa5967403d082aa24f35e1b516d23) [PhysX] Initialized MultithreadedTaskDispatcher with 18 workers.
 -> (artifact id: '3afab576c97171714b107f277f420ebc') in 0.088154 seconds
Number of updated asset objects reloaded before import = 0
Number of asset objects unloaded after import = 1
========================================================================
Received Import Request.
  Time since last request: 0.000371 seconds.
  path: Assets/npc_casual_set_00/Prefabs/npc_csl_shoe_01_00_01.prefab
  artifactKey: Guid(408eb24e06bf53e428212ae56be4d250) Importer(2089858483,0ecaa5967403d082aa24f35e1b516d23)
Start importing Assets/npc_casual_set_00/Prefabs/npc_csl_shoe_01_00_01.prefab using Guid(408eb24e06bf53e428212ae56be4d250) Importer(2089858483,0ecaa5967403d082aa24f35e1b516d23) [PhysX] Initialized MultithreadedTaskDispatcher with 18 workers.
 -> (artifact id: '90bca58ac8baee8dd4e9b95941995eb0') in 0.053248 seconds
Number of updated asset objects reloaded before import = 0
Number of asset objects unloaded after import = 275
========================================================================
Received Import Request.
  Time since last request: 0.000053 seconds.
  path: Assets/npc_casual_set_00/Textures/npc_csl_shirtopenrolled_00m_01_02bw_c.tif
  artifactKey: Guid(cfa81419c7f866f4f92b423d783be527) Importer(2089858483,0ecaa5967403d082aa24f35e1b516d23)
Start importing Assets/npc_casual_set_00/Textures/npc_csl_shirtopenrolled_00m_01_02bw_c.tif using Guid(cfa81419c7f866f4f92b423d783be527) Importer(2089858483,0ecaa5967403d082aa24f35e1b516d23) [PhysX] Initialized MultithreadedTaskDispatcher with 18 workers.
 -> (artifact id: '81ac0ac3fa0e5511518b3393b5b55e5f') in 0.090028 seconds
Number of updated asset objects reloaded before import = 0
Number of asset objects unloaded after import = 1
========================================================================
Received Import Request.
  Time since last request: 0.000074 seconds.
  path: Assets/npc_casual_set_00/Textures/npc_hmn_face_01m_05_01_msk.tif
  artifactKey: Guid(2e45e2e00c23e7d49aee0a16b8bca72d) Importer(2089858483,0ecaa5967403d082aa24f35e1b516d23)
Start importing Assets/npc_casual_set_00/Textures/npc_hmn_face_01m_05_01_msk.tif using Guid(2e45e2e00c23e7d49aee0a16b8bca72d) Importer(2089858483,0ecaa5967403d082aa24f35e1b516d23) [PhysX] Initialized MultithreadedTaskDispatcher with 18 workers.
 -> (artifact id: 'd5558354abd66bd1db65599b356a090e') in 0.086349 seconds
Number of updated asset objects reloaded before import = 0
Number of asset objects unloaded after import = 1
========================================================================
Received Import Request.
  Time since last request: 0.000235 seconds.
  path: Assets/HorrorPuzzleItems/Battery/Models/BatteryC.fbx
  artifactKey: Guid(4b17199607ef6b640882e97ed67c0920) Importer(2089858483,0ecaa5967403d082aa24f35e1b516d23)
Start importing Assets/HorrorPuzzleItems/Battery/Models/BatteryC.fbx using Guid(4b17199607ef6b640882e97ed67c0920) Importer(2089858483,0ecaa5967403d082aa24f35e1b516d23) [PhysX] Initialized MultithreadedTaskDispatcher with 18 workers.
 -> (artifact id: '1e07f3e882ee0d0552b3729627248730') in 0.160657 seconds
Number of updated asset objects reloaded before import = 0
Number of asset objects unloaded after import = 7
========================================================================
Received Import Request.
  Time since last request: 0.000063 seconds.
  path: Assets/HorrorPuzzleItems/Battery/Prefabs/BatteryAA.prefab
  artifactKey: Guid(8809bf6169090444b94e702fbc61c496) Importer(2089858483,0ecaa5967403d082aa24f35e1b516d23)
Start importing Assets/HorrorPuzzleItems/Battery/Prefabs/BatteryAA.prefab using Guid(8809bf6169090444b94e702fbc61c496) Importer(2089858483,0ecaa5967403d082aa24f35e1b516d23) [PhysX] Initialized MultithreadedTaskDispatcher with 18 workers.
 -> (artifact id: 'cde1014f3257176300bbd68f36d5cb12') in 0.068736 seconds
Number of updated asset objects reloaded before import = 0
Number of asset objects unloaded after import = 9
========================================================================
Received Import Request.
  Time since last request: 0.000069 seconds.
  path: Assets/HorrorPuzzleItems/Battery/Icons/Icon_Battery_C.png
  artifactKey: Guid(d15102e1826bf5b428bb87eb66a9daef) Importer(2089858483,0ecaa5967403d082aa24f35e1b516d23)
Start importing Assets/HorrorPuzzleItems/Battery/Icons/Icon_Battery_C.png using Guid(d15102e1826bf5b428bb87eb66a9daef) Importer(2089858483,0ecaa5967403d082aa24f35e1b516d23) [PhysX] Initialized MultithreadedTaskDispatcher with 18 workers.
 -> (artifact id: '0d117d0b85670cbcd253f75db48a90c7') in 0.135477 seconds
Number of updated asset objects reloaded before import = 0
Number of asset objects unloaded after import = 3
========================================================================
Received Import Request.
  Time since last request: 0.000094 seconds.
  path: Assets/HorrorPuzzleItems/Battery/Models/BatteryAA.fbx
  artifactKey: Guid(ce5f5d2fe5375c2459d245aac4542e03) Importer(2089858483,0ecaa5967403d082aa24f35e1b516d23)
Start importing Assets/HorrorPuzzleItems/Battery/Models/BatteryAA.fbx using Guid(ce5f5d2fe5375c2459d245aac4542e03) Importer(2089858483,0ecaa5967403d082aa24f35e1b516d23) [PhysX] Initialized MultithreadedTaskDispatcher with 18 workers.
 -> (artifact id: '392d7f2650b9ac4b76a50571644c2ab9') in 0.091177 seconds
Number of updated asset objects reloaded before import = 0
Number of asset objects unloaded after import = 7
========================================================================
Received Import Request.
  Time since last request: 0.000051 seconds.
  path: Assets/npc_casual_set_00/Textures/npc_hmn_face_01m_04_01_o.tif
  artifactKey: Guid(e0ece9edc4f11ba45bb25ec8cdedca7b) Importer(2089858483,0ecaa5967403d082aa24f35e1b516d23)
Start importing Assets/npc_casual_set_00/Textures/npc_hmn_face_01m_04_01_o.tif using Guid(e0ece9edc4f11ba45bb25ec8cdedca7b) Importer(2089858483,0ecaa5967403d082aa24f35e1b516d23) [PhysX] Initialized MultithreadedTaskDispatcher with 18 workers.
 -> (artifact id: 'db760c27df496280b6280189e9cad24f') in 0.083331 seconds
Number of updated asset objects reloaded before import = 0
Number of asset objects unloaded after import = 1
========================================================================
Received Import Request.
  Time since last request: 0.000132 seconds.
  path: Assets/npc_casual_set_00/Textures/npc_hmn_face_01m_02_01_m.tif
  artifactKey: Guid(402a99ac41d6dfb4cb5d4da4db32d3d3) Importer(2089858483,0ecaa5967403d082aa24f35e1b516d23)
Start importing Assets/npc_casual_set_00/Textures/npc_hmn_face_01m_02_01_m.tif using Guid(402a99ac41d6dfb4cb5d4da4db32d3d3) Importer(2089858483,0ecaa5967403d082aa24f35e1b516d23) [PhysX] Initialized MultithreadedTaskDispatcher with 18 workers.
 -> (artifact id: 'b15c65b67cc61adc59deccbac579bc55') in 0.078581 seconds
Number of updated asset objects reloaded before import = 0
Number of asset objects unloaded after import = 1
========================================================================
Received Import Request.
  Time since last request: 0.000156 seconds.
  path: Assets/npc_casual_set_00/Textures/npc_hmn_face_01m_05_01_c.tif
  artifactKey: Guid(93d957030c3ca944298c5b35b21b367f) Importer(2089858483,0ecaa5967403d082aa24f35e1b516d23)
Start importing Assets/npc_casual_set_00/Textures/npc_hmn_face_01m_05_01_c.tif using Guid(93d957030c3ca944298c5b35b21b367f) Importer(2089858483,0ecaa5967403d082aa24f35e1b516d23) [PhysX] Initialized MultithreadedTaskDispatcher with 18 workers.
 -> (artifact id: '67e7d6f783291cea492520589a7ef2b2') in 0.080291 seconds
Number of updated asset objects reloaded before import = 0
Number of asset objects unloaded after import = 1
========================================================================
Received Import Request.
  Time since last request: 0.000278 seconds.
  path: Assets/npc_casual_set_00/Textures/npc_hmn_face_01f_04_01_n.tif
  artifactKey: Guid(ce26369fe41f0534f86c3076767c01f8) Importer(2089858483,0ecaa5967403d082aa24f35e1b516d23)
Start importing Assets/npc_casual_set_00/Textures/npc_hmn_face_01f_04_01_n.tif using Guid(ce26369fe41f0534f86c3076767c01f8) Importer(2089858483,0ecaa5967403d082aa24f35e1b516d23) [PhysX] Initialized MultithreadedTaskDispatcher with 18 workers.
 -> (artifact id: 'a6623ad7677d6c790d2242c79cf9961f') in 0.075463 seconds
Number of updated asset objects reloaded before import = 0
Number of asset objects unloaded after import = 1
========================================================================
Received Import Request.
  Time since last request: 0.000065 seconds.
  path: Assets/HorrorPuzzleItems/Card/Prefabs/Card_GateYellow.prefab
  artifactKey: Guid(266b86b5ac92ce34f994acba480f6ed1) Importer(2089858483,0ecaa5967403d082aa24f35e1b516d23)
Start importing Assets/HorrorPuzzleItems/Card/Prefabs/Card_GateYellow.prefab using Guid(266b86b5ac92ce34f994acba480f6ed1) Importer(2089858483,0ecaa5967403d082aa24f35e1b516d23) [PhysX] Initialized MultithreadedTaskDispatcher with 18 workers.
 -> (artifact id: '35c62c3b41e717fe1da9b48f21db6ec6') in 0.047486 seconds
Number of updated asset objects reloaded before import = 0
Number of asset objects unloaded after import = 9
========================================================================
Received Import Request.
  Time since last request: 0.000063 seconds.
  path: Assets/HorrorPuzzleItems/Floppy/Materials/Floppy_Red.mat
  artifactKey: Guid(3129e1974cd8b5f4289f8dd8a6efac06) Importer(2089858483,0ecaa5967403d082aa24f35e1b516d23)
Start importing Assets/HorrorPuzzleItems/Floppy/Materials/Floppy_Red.mat using Guid(3129e1974cd8b5f4289f8dd8a6efac06) Importer(2089858483,0ecaa5967403d082aa24f35e1b516d23) [PhysX] Initialized MultithreadedTaskDispatcher with 18 workers.
 -> (artifact id: '0a0718db284363867c1fd970299d910c') in 0.054667 seconds
Number of updated asset objects reloaded before import = 0
Number of asset objects unloaded after import = 2
========================================================================
Received Import Request.
  Time since last request: 0.000134 seconds.
  path: Assets/HorrorPuzzleItems/Floppy/Models/Floppy.fbx
  artifactKey: Guid(e674d7edd28d779438249d02fe04396d) Importer(2089858483,0ecaa5967403d082aa24f35e1b516d23)
Start importing Assets/HorrorPuzzleItems/Floppy/Models/Floppy.fbx using Guid(e674d7edd28d779438249d02fe04396d) Importer(2089858483,0ecaa5967403d082aa24f35e1b516d23) [PhysX] Initialized MultithreadedTaskDispatcher with 18 workers.
 -> (artifact id: 'f153c8b3bf7b8edf55f478061af1d44a') in 0.110183 seconds
Number of updated asset objects reloaded before import = 0
Number of asset objects unloaded after import = 7
========================================================================
Received Import Request.
  Time since last request: 0.000143 seconds.
  path: Assets/HorrorPuzzleItems/Card/Materials/Card_Security.mat
  artifactKey: Guid(e46113138ffd93d48ad72c93a5a3c6c7) Importer(2089858483,0ecaa5967403d082aa24f35e1b516d23)
Start importing Assets/HorrorPuzzleItems/Card/Materials/Card_Security.mat using Guid(e46113138ffd93d48ad72c93a5a3c6c7) Importer(2089858483,0ecaa5967403d082aa24f35e1b516d23) [PhysX] Initialized MultithreadedTaskDispatcher with 18 workers.
 -> (artifact id: '4ecf86397e684023072fd6fdce915219') in 0.062414 seconds
Number of updated asset objects reloaded before import = 0
Number of asset objects unloaded after import = 2
========================================================================
Received Import Request.
  Time since last request: 0.000058 seconds.
  path: Assets/HorrorPuzzleItems/Floppy/Icons/Icon_Floopy_Blue.png
  artifactKey: Guid(a398f5ce86b230c4a81aa5c24b905421) Importer(2089858483,0ecaa5967403d082aa24f35e1b516d23)
Start importing Assets/HorrorPuzzleItems/Floppy/Icons/Icon_Floopy_Blue.png using Guid(a398f5ce86b230c4a81aa5c24b905421) Importer(2089858483,0ecaa5967403d082aa24f35e1b516d23) [PhysX] Initialized MultithreadedTaskDispatcher with 18 workers.
 -> (artifact id: 'fc1f1830c783c6b4ef4f99d314a9ed05') in 0.096262 seconds
Number of updated asset objects reloaded before import = 0
Number of asset objects unloaded after import = 3
========================================================================
Received Import Request.
  Time since last request: 0.000058 seconds.
  path: Assets/HorrorPuzzleItems/Cable/Icons/Cable_Black.png
  artifactKey: Guid(d50c38928fa2cba4eac71303b083ffd0) Importer(2089858483,0ecaa5967403d082aa24f35e1b516d23)
Start importing Assets/HorrorPuzzleItems/Cable/Icons/Cable_Black.png using Guid(d50c38928fa2cba4eac71303b083ffd0) Importer(2089858483,0ecaa5967403d082aa24f35e1b516d23) [PhysX] Initialized MultithreadedTaskDispatcher with 18 workers.
 -> (artifact id: '6825e466319640e6f352eee9877205a4') in 0.129761 seconds
Number of updated asset objects reloaded before import = 0
Number of asset objects unloaded after import = 3
========================================================================
Received Import Request.
  Time since last request: 0.000094 seconds.
  path: Assets/HorrorPuzzleItems/Card/Prefabs/Card_GateBlue.prefab
  artifactKey: Guid(9ffd4edfa5582d9498e607317781e880) Importer(2089858483,0ecaa5967403d082aa24f35e1b516d23)
Start importing Assets/HorrorPuzzleItems/Card/Prefabs/Card_GateBlue.prefab using Guid(9ffd4edfa5582d9498e607317781e880) Importer(2089858483,0ecaa5967403d082aa24f35e1b516d23) [PhysX] Initialized MultithreadedTaskDispatcher with 18 workers.
 -> (artifact id: 'a9a991e09d0f52755860d7982f0b4906') in 0.051184 seconds
Number of updated asset objects reloaded before import = 0
Number of asset objects unloaded after import = 9
========================================================================
Received Import Request.
  Time since last request: 0.000068 seconds.
  path: Assets/HorrorPuzzleItems/Floppy/Icons/Icon_Floopy_Yellow.png
  artifactKey: Guid(888f4e05760d1f74285ba00b02a597c9) Importer(2089858483,0ecaa5967403d082aa24f35e1b516d23)
Start importing Assets/HorrorPuzzleItems/Floppy/Icons/Icon_Floopy_Yellow.png using Guid(888f4e05760d1f74285ba00b02a597c9) Importer(2089858483,0ecaa5967403d082aa24f35e1b516d23) [PhysX] Initialized MultithreadedTaskDispatcher with 18 workers.
 -> (artifact id: '1beb62805fdac603704b3c4261a0d5de') in 0.100092 seconds
Number of updated asset objects reloaded before import = 0
Number of asset objects unloaded after import = 3
========================================================================
Received Import Request.
  Time since last request: 0.000052 seconds.
  path: Assets/HorrorPuzzleItems/Card/Materials/Card_GateBlue.mat
  artifactKey: Guid(496490488593e8446a72eff5549c578c) Importer(2089858483,0ecaa5967403d082aa24f35e1b516d23)
Start importing Assets/HorrorPuzzleItems/Card/Materials/Card_GateBlue.mat using Guid(496490488593e8446a72eff5549c578c) Importer(2089858483,0ecaa5967403d082aa24f35e1b516d23) [PhysX] Initialized MultithreadedTaskDispatcher with 18 workers.
 -> (artifact id: '023de3d5ce75782ac58be7e6d74df74f') in 0.046920 seconds
Number of updated asset objects reloaded before import = 0
Number of asset objects unloaded after import = 2
========================================================================
Received Import Request.
  Time since last request: 0.000050 seconds.
  path: Assets/HorrorPuzzleItems/Card/Materials/Card_GateYellow.mat
  artifactKey: Guid(b18ddb68424433542b47221e9ab463e8) Importer(2089858483,0ecaa5967403d082aa24f35e1b516d23)
Start importing Assets/HorrorPuzzleItems/Card/Materials/Card_GateYellow.mat using Guid(b18ddb68424433542b47221e9ab463e8) Importer(2089858483,0ecaa5967403d082aa24f35e1b516d23) [PhysX] Initialized MultithreadedTaskDispatcher with 18 workers.
 -> (artifact id: '76e12fd92c9b781e216569ace5c1f5c4') in 0.054013 seconds
Number of updated asset objects reloaded before import = 0
Number of asset objects unloaded after import = 2
========================================================================
Received Import Request.
  Time since last request: 0.000084 seconds.
  path: Assets/npc_casual_set_00/Prefabs/npc_csl_pants_00f_01_03.prefab
  artifactKey: Guid(0d3d6ab0b358678448b8f05c3603a69f) Importer(2089858483,0ecaa5967403d082aa24f35e1b516d23)
Start importing Assets/npc_casual_set_00/Prefabs/npc_csl_pants_00f_01_03.prefab using Guid(0d3d6ab0b358678448b8f05c3603a69f) Importer(2089858483,0ecaa5967403d082aa24f35e1b516d23) [PhysX] Initialized MultithreadedTaskDispatcher with 18 workers.
 -> (artifact id: '70278eb3aad9542dd5d512cad57352ac') in 0.055734 seconds
Number of updated asset objects reloaded before import = 0
Number of asset objects unloaded after import = 283
========================================================================
Received Import Request.
  Time since last request: 0.000047 seconds.
  path: Assets/npc_casual_set_00/Prefabs/npc_csl_shirtopenrolled_00m_01_01.prefab
  artifactKey: Guid(4d83d21d452979c42baac08b97ffb377) Importer(2089858483,0ecaa5967403d082aa24f35e1b516d23)
Start importing Assets/npc_casual_set_00/Prefabs/npc_csl_shirtopenrolled_00m_01_01.prefab using Guid(4d83d21d452979c42baac08b97ffb377) Importer(2089858483,0ecaa5967403d082aa24f35e1b516d23) [PhysX] Initialized MultithreadedTaskDispatcher with 18 workers.
 -> (artifact id: 'f04988dd7ef4a965fdfeacb23de7c39b') in 0.052649 seconds
Number of updated asset objects reloaded before import = 0
Number of asset objects unloaded after import = 283
========================================================================
Received Import Request.
  Time since last request: 0.000059 seconds.
  path: Assets/npc_casual_set_00/Materials/mtl_npc_csl_tshirt_00m_01_02.mat
  artifactKey: Guid(c6ac201742a184d4db6f571bdb5c8abd) Importer(2089858483,0ecaa5967403d082aa24f35e1b516d23)
Start importing Assets/npc_casual_set_00/Materials/mtl_npc_csl_tshirt_00m_01_02.mat using Guid(c6ac201742a184d4db6f571bdb5c8abd) Importer(2089858483,0ecaa5967403d082aa24f35e1b516d23) [PhysX] Initialized MultithreadedTaskDispatcher with 18 workers.
 -> (artifact id: '4d679324e5e1cc3e288eb213e79635b1') in 0.067478 seconds
Number of updated asset objects reloaded before import = 0
Number of asset objects unloaded after import = 5
========================================================================
Received Import Request.
  Time since last request: 0.000045 seconds.
  path: Assets/npc_casual_set_00/Materials/mtl_npc_csl_shirtopenrolled_00f_01_02.mat
  artifactKey: Guid(a1bdd42f5785fc044a7f9f973598cd1f) Importer(2089858483,0ecaa5967403d082aa24f35e1b516d23)
Start importing Assets/npc_casual_set_00/Materials/mtl_npc_csl_shirtopenrolled_00f_01_02.mat using Guid(a1bdd42f5785fc044a7f9f973598cd1f) Importer(2089858483,0ecaa5967403d082aa24f35e1b516d23) [PhysX] Initialized MultithreadedTaskDispatcher with 18 workers.
 -> (artifact id: 'be9c2c863d903dfbcaceaeba38bd012f') in 0.062981 seconds
Number of updated asset objects reloaded before import = 0
Number of asset objects unloaded after import = 5
========================================================================
Received Import Request.
  Time since last request: 0.000059 seconds.
  path: Assets/npc_casual_set_00/Materials/mtl_npc_hmn_face_01f_04_01.mat
  artifactKey: Guid(202745cbd9abbe04692ed73cea7eba2c) Importer(2089858483,0ecaa5967403d082aa24f35e1b516d23)
Start importing Assets/npc_casual_set_00/Materials/mtl_npc_hmn_face_01f_04_01.mat using Guid(202745cbd9abbe04692ed73cea7eba2c) Importer(2089858483,0ecaa5967403d082aa24f35e1b516d23) [PhysX] Initialized MultithreadedTaskDispatcher with 18 workers.
 -> (artifact id: 'ce0e92cf5976b211e7e1a2c09c65a669') in 0.065994 seconds
Number of updated asset objects reloaded before import = 0
Number of asset objects unloaded after import = 5
========================================================================
Received Import Request.
  Time since last request: 0.000075 seconds.
  path: Assets/npc_casual_set_00/Textures/npc_hmn_body_01m_01_01_n.tif
  artifactKey: Guid(054c1b97af3b9624bb051e702d934d85) Importer(2089858483,0ecaa5967403d082aa24f35e1b516d23)
Start importing Assets/npc_casual_set_00/Textures/npc_hmn_body_01m_01_01_n.tif using Guid(054c1b97af3b9624bb051e702d934d85) Importer(2089858483,0ecaa5967403d082aa24f35e1b516d23) [PhysX] Initialized MultithreadedTaskDispatcher with 18 workers.
 -> (artifact id: '1d91eb6b9328895932e69fdbca63198a') in 0.085039 seconds
Number of updated asset objects reloaded before import = 0
Number of asset objects unloaded after import = 1
========================================================================
Received Import Request.
  Time since last request: 0.000379 seconds.
  path: Assets/HorrorPuzzleItems/Gem/Prefabs/Gem_Yellow.prefab
  artifactKey: Guid(998383175bea1704fafb8d9a266f119d) Importer(2089858483,0ecaa5967403d082aa24f35e1b516d23)
Start importing Assets/HorrorPuzzleItems/Gem/Prefabs/Gem_Yellow.prefab using Guid(998383175bea1704fafb8d9a266f119d) Importer(2089858483,0ecaa5967403d082aa24f35e1b516d23) [PhysX] Initialized MultithreadedTaskDispatcher with 18 workers.
 -> (artifact id: '50601778c01a959d75e207b1550bfd70') in 0.070051 seconds
Number of updated asset objects reloaded before import = 0
Number of asset objects unloaded after import = 9
========================================================================
Received Import Request.
  Time since last request: 0.000043 seconds.
  path: Assets/HorrorPuzzleItems/Lighter/Textures/Lighter_Chrome.png
  artifactKey: Guid(7e6b995e3dac41640a9e444a491ba31e) Importer(2089858483,0ecaa5967403d082aa24f35e1b516d23)
Start importing Assets/HorrorPuzzleItems/Lighter/Textures/Lighter_Chrome.png using Guid(7e6b995e3dac41640a9e444a491ba31e) Importer(2089858483,0ecaa5967403d082aa24f35e1b516d23) [PhysX] Initialized MultithreadedTaskDispatcher with 18 workers.
 -> (artifact id: '047a111855ebc5c9a3253b806abfa2ad') in 0.082877 seconds
Number of updated asset objects reloaded before import = 0
Number of asset objects unloaded after import = 1
========================================================================
Received Import Request.
  Time since last request: 0.000136 seconds.
  path: Assets/HorrorPuzzleItems/SmallKey/Materials/SmallKey_Rusty.mat
  artifactKey: Guid(e6fba336b497b09449f6d1411a1fa7b4) Importer(2089858483,0ecaa5967403d082aa24f35e1b516d23)
Start importing Assets/HorrorPuzzleItems/SmallKey/Materials/SmallKey_Rusty.mat using Guid(e6fba336b497b09449f6d1411a1fa7b4) Importer(2089858483,0ecaa5967403d082aa24f35e1b516d23) [PhysX] Initialized MultithreadedTaskDispatcher with 18 workers.
 -> (artifact id: 'fa0ca369c0aad3acb9bf4985f34ec5f6') in 0.047954 seconds
Number of updated asset objects reloaded before import = 0
Number of asset objects unloaded after import = 2
========================================================================
Received Import Request.
  Time since last request: 0.000067 seconds.
  path: Assets/HorrorPuzzleItems/USBKey/Icons/Icon_USBKey_Red.png
  artifactKey: Guid(7ba37a700c7be7e4489885e8a323df23) Importer(2089858483,0ecaa5967403d082aa24f35e1b516d23)
Start importing Assets/HorrorPuzzleItems/USBKey/Icons/Icon_USBKey_Red.png using Guid(7ba37a700c7be7e4489885e8a323df23) Importer(2089858483,0ecaa5967403d082aa24f35e1b516d23) [PhysX] Initialized MultithreadedTaskDispatcher with 18 workers.
 -> (artifact id: 'ca4d45e383b5cf1388c5060923efbbc6') in 0.091026 seconds
Number of updated asset objects reloaded before import = 0
Number of asset objects unloaded after import = 3
========================================================================
Received Import Request.
  Time since last request: 0.000055 seconds.
  path: Assets/HorrorPuzzleItems/Gem/Materials/Gem_Yellow.mat
  artifactKey: Guid(aedb89c5a6043854fb79da4a479a32c7) Importer(2089858483,0ecaa5967403d082aa24f35e1b516d23)
Start importing Assets/HorrorPuzzleItems/Gem/Materials/Gem_Yellow.mat using Guid(aedb89c5a6043854fb79da4a479a32c7) Importer(2089858483,0ecaa5967403d082aa24f35e1b516d23) [PhysX] Initialized MultithreadedTaskDispatcher with 18 workers.
 -> (artifact id: 'ec09d6a9eedefe244ee840f9169c4763') in 0.104777 seconds
Number of updated asset objects reloaded before import = 0
Number of asset objects unloaded after import = 2
========================================================================
Received Import Request.
  Time since last request: 0.000045 seconds.
  path: Assets/HorrorPuzzleItems/SmallKey/Textures/SmallKey_Rusty.png
  artifactKey: Guid(5bee37bcdd002094fb56441b756e95de) Importer(2089858483,0ecaa5967403d082aa24f35e1b516d23)
Start importing Assets/HorrorPuzzleItems/SmallKey/Textures/SmallKey_Rusty.png using Guid(5bee37bcdd002094fb56441b756e95de) Importer(2089858483,0ecaa5967403d082aa24f35e1b516d23) [PhysX] Initialized MultithreadedTaskDispatcher with 18 workers.
 -> (artifact id: '92401f6cfb28b6ab0281f3dddae7e490') in 0.078207 seconds
Number of updated asset objects reloaded before import = 0
Number of asset objects unloaded after import = 1
========================================================================
Received Import Request.
  Time since last request: 0.000193 seconds.
  path: Assets/HorrorPuzzleItems/Gem/Icons/Icon_Gem_Red.png
  artifactKey: Guid(052580296d469114d812a3a58facf451) Importer(2089858483,0ecaa5967403d082aa24f35e1b516d23)
Start importing Assets/HorrorPuzzleItems/Gem/Icons/Icon_Gem_Red.png using Guid(052580296d469114d812a3a58facf451) Importer(2089858483,0ecaa5967403d082aa24f35e1b516d23) [PhysX] Initialized MultithreadedTaskDispatcher with 18 workers.
 -> (artifact id: 'ce54b204efd167d2f9f601425e1c776d') in 0.119548 seconds
Number of updated asset objects reloaded before import = 0
Number of asset objects unloaded after import = 3
========================================================================
Received Import Request.
  Time since last request: 0.000060 seconds.
  path: Assets/HorrorPuzzleItems/Valve/Textures/Valve.png
  artifactKey: Guid(5afb58868dbb2c74e8a4f1438798c146) Importer(2089858483,0ecaa5967403d082aa24f35e1b516d23)
Start importing Assets/HorrorPuzzleItems/Valve/Textures/Valve.png using Guid(5afb58868dbb2c74e8a4f1438798c146) Importer(2089858483,0ecaa5967403d082aa24f35e1b516d23) [PhysX] Initialized MultithreadedTaskDispatcher with 18 workers.
 -> (artifact id: 'baf176a7af2d1f9748b8b0658f475186') in 0.081314 seconds
Number of updated asset objects reloaded before import = 0
Number of asset objects unloaded after import = 1
========================================================================
Received Import Request.
  Time since last request: 0.000082 seconds.
  path: Assets/nappin/HouseInteriorPack/Models/(Msh)CoatHanger.fbx
  artifactKey: Guid(e28d0d19ebbf7b748819ea9fb3fbb0ed) Importer(2089858483,0ecaa5967403d082aa24f35e1b516d23)
Start importing Assets/nappin/HouseInteriorPack/Models/(Msh)CoatHanger.fbx using Guid(e28d0d19ebbf7b748819ea9fb3fbb0ed) Importer(2089858483,0ecaa5967403d082aa24f35e1b516d23) [PhysX] Initialized MultithreadedTaskDispatcher with 18 workers.
 -> (artifact id: '5c70e2a677f47a91134028dc6f92fa92') in 0.082124 seconds
Number of updated asset objects reloaded before import = 0
Number of asset objects unloaded after import = 9
========================================================================
Received Import Request.
  Time since last request: 0.000092 seconds.
  path: Assets/HorrorPuzzleItems/USBKey/Textures/USBKey_Yellow.png
  artifactKey: Guid(9ff6a18ca73144644b880690798c1b4b) Importer(2089858483,0ecaa5967403d082aa24f35e1b516d23)
Start importing Assets/HorrorPuzzleItems/USBKey/Textures/USBKey_Yellow.png using Guid(9ff6a18ca73144644b880690798c1b4b) Importer(2089858483,0ecaa5967403d082aa24f35e1b516d23) [PhysX] Initialized MultithreadedTaskDispatcher with 18 workers.
 -> (artifact id: 'd163a372e14e3711d346046f5c654cbe') in 0.106659 seconds
Number of updated asset objects reloaded before import = 0
Number of asset objects unloaded after import = 1
========================================================================
Received Import Request.
  Time since last request: 0.000242 seconds.
  path: Assets/JustPlay/Demo/Set appliances/ReflectionProbe-0.exr
  artifactKey: Guid(4f43e0ea9d6cded4598734bbe06820fe) Importer(2089858483,0ecaa5967403d082aa24f35e1b516d23)
Start importing Assets/JustPlay/Demo/Set appliances/ReflectionProbe-0.exr using Guid(4f43e0ea9d6cded4598734bbe06820fe) Importer(2089858483,0ecaa5967403d082aa24f35e1b516d23) [PhysX] Initialized MultithreadedTaskDispatcher with 18 workers.
 -> (artifact id: '382da9b0d3aaada28a2853a2a518b42a') in 0.123806 seconds
Number of updated asset objects reloaded before import = 0
Number of asset objects unloaded after import = 1
========================================================================
Received Import Request.
  Time since last request: 0.000081 seconds.
  path: Assets/nappin/HouseInteriorPack/Models/(Msh)BedsideLight.fbx
  artifactKey: Guid(9dc13b22478e61841902a67cca9eef2d) Importer(2089858483,0ecaa5967403d082aa24f35e1b516d23)
Start importing Assets/nappin/HouseInteriorPack/Models/(Msh)BedsideLight.fbx using Guid(9dc13b22478e61841902a67cca9eef2d) Importer(2089858483,0ecaa5967403d082aa24f35e1b516d23) [PhysX] Initialized MultithreadedTaskDispatcher with 18 workers.
 -> (artifact id: '0412ed594d7eea9926b5a6e780f75cea') in 0.080975 seconds
Number of updated asset objects reloaded before import = 0
Number of asset objects unloaded after import = 9
========================================================================
Received Import Request.
  Time since last request: 0.000099 seconds.
  path: Assets/HorrorPuzzleItems/USBKey/Prefabs/USBKey_Yellow.prefab
  artifactKey: Guid(d515447a17eed434594c63e185a4d427) Importer(2089858483,0ecaa5967403d082aa24f35e1b516d23)
Start importing Assets/HorrorPuzzleItems/USBKey/Prefabs/USBKey_Yellow.prefab using Guid(d515447a17eed434594c63e185a4d427) Importer(2089858483,0ecaa5967403d082aa24f35e1b516d23) [PhysX] Initialized MultithreadedTaskDispatcher with 18 workers.
 -> (artifact id: '64315d8f3c7a8f0a0c332ceb6c3a5a7f') in 0.046436 seconds
Number of updated asset objects reloaded before import = 0
Number of asset objects unloaded after import = 9
========================================================================
Received Import Request.
  Time since last request: 0.000139 seconds.
  path: Assets/JustPlay/小omputer devices/Prefabs/Router.prefab
  artifactKey: Guid(f86cbf9cbdff6854ba30edbf2a19c8e1) Importer(2089858483,0ecaa5967403d082aa24f35e1b516d23)
Start importing Assets/JustPlay/小omputer devices/Prefabs/Router.prefab using Guid(f86cbf9cbdff6854ba30edbf2a19c8e1) Importer(2089858483,0ecaa5967403d082aa24f35e1b516d23) [PhysX] Initialized MultithreadedTaskDispatcher with 18 workers.
 -> (artifact id: '32dafcc151f3d18a618b7799bbdc70cb') in 0.056961 seconds
Number of updated asset objects reloaded before import = 0
Number of asset objects unloaded after import = 21
========================================================================
Received Import Request.
  Time since last request: 0.000151 seconds.
  path: Assets/HorrorPuzzleItems/USBKey/Textures/USBKey_Blue.png
  artifactKey: Guid(ee5fc128b3828bb46bed14e9f93b71b5) Importer(2089858483,0ecaa5967403d082aa24f35e1b516d23)
Start importing Assets/HorrorPuzzleItems/USBKey/Textures/USBKey_Blue.png using Guid(ee5fc128b3828bb46bed14e9f93b71b5) Importer(2089858483,0ecaa5967403d082aa24f35e1b516d23) [PhysX] Initialized MultithreadedTaskDispatcher with 18 workers.
 -> (artifact id: 'ed46fd25103817571bc6b3221c74d40e') in 0.086726 seconds
Number of updated asset objects reloaded before import = 0
Number of asset objects unloaded after import = 1
========================================================================
Received Import Request.
  Time since last request: 0.000224 seconds.
  path: Assets/HorrorPuzzleItems/USBKey/Models/USBKey.fbx
  artifactKey: Guid(c811bda51e5d99f4cb0bc62135ecd239) Importer(2089858483,0ecaa5967403d082aa24f35e1b516d23)
Start importing Assets/HorrorPuzzleItems/USBKey/Models/USBKey.fbx using Guid(c811bda51e5d99f4cb0bc62135ecd239) Importer(2089858483,0ecaa5967403d082aa24f35e1b516d23) [PhysX] Initialized MultithreadedTaskDispatcher with 18 workers.
 -> (artifact id: 'db49243e81c0b51994abd0037d7c8b8c') in 0.082640 seconds
Number of updated asset objects reloaded before import = 0
Number of asset objects unloaded after import = 7
========================================================================
Received Import Request.
  Time since last request: 0.000046 seconds.
  path: Assets/HorrorPuzzleItems/USBKey/Textures/USBKey_Red.png
  artifactKey: Guid(0dc00336a72773742b4e8ebcaf48b21f) Importer(2089858483,0ecaa5967403d082aa24f35e1b516d23)
Start importing Assets/HorrorPuzzleItems/USBKey/Textures/USBKey_Red.png using Guid(0dc00336a72773742b4e8ebcaf48b21f) Importer(2089858483,0ecaa5967403d082aa24f35e1b516d23) [PhysX] Initialized MultithreadedTaskDispatcher with 18 workers.
 -> (artifact id: '474fc4cd625b93dce3882e10765a6b45') in 0.080055 seconds
Number of updated asset objects reloaded before import = 0
Number of asset objects unloaded after import = 1
========================================================================
Received Import Request.
  Time since last request: 0.000088 seconds.
  path: Assets/nappin/HouseInteriorPack/Models/(Msh)Rack.fbx
  artifactKey: Guid(33a70e579890ecf4fba1bf15a7085b60) Importer(2089858483,0ecaa5967403d082aa24f35e1b516d23)
Start importing Assets/nappin/HouseInteriorPack/Models/(Msh)Rack.fbx using Guid(33a70e579890ecf4fba1bf15a7085b60) Importer(2089858483,0ecaa5967403d082aa24f35e1b516d23) [PhysX] Initialized MultithreadedTaskDispatcher with 18 workers.
 -> (artifact id: 'e2a8b93cd8c931d3be405b745b8a0517') in 0.118147 seconds
Number of updated asset objects reloaded before import = 0
Number of asset objects unloaded after import = 24
========================================================================
Received Import Request.
  Time since last request: 0.000062 seconds.
  path: Assets/nappin/HouseInteriorPack/Models/(Msh)SingleBed.fbx
  artifactKey: Guid(8c9ff27c4343b5e41b0c944eb72ca800) Importer(2089858483,0ecaa5967403d082aa24f35e1b516d23)
Start importing Assets/nappin/HouseInteriorPack/Models/(Msh)SingleBed.fbx using Guid(8c9ff27c4343b5e41b0c944eb72ca800) Importer(2089858483,0ecaa5967403d082aa24f35e1b516d23) [PhysX] Initialized MultithreadedTaskDispatcher with 18 workers.
 -> (artifact id: 'd8dfdd35df6175fe4155a9791a8c930f') in 0.114334 seconds
Number of updated asset objects reloaded before import = 0
Number of asset objects unloaded after import = 41
========================================================================
Received Import Request.
  Time since last request: 0.000056 seconds.
  path: Assets/nappin/HouseInteriorPack/Models/(Msh)Minifridge.fbx
  artifactKey: Guid(c950d3ea9d36ed640a9cc0b4bb299a85) Importer(2089858483,0ecaa5967403d082aa24f35e1b516d23)
Start importing Assets/nappin/HouseInteriorPack/Models/(Msh)Minifridge.fbx using Guid(c950d3ea9d36ed640a9cc0b4bb299a85) Importer(2089858483,0ecaa5967403d082aa24f35e1b516d23) [PhysX] Initialized MultithreadedTaskDispatcher with 18 workers.
 -> (artifact id: 'efedd84d7ca4a9a477db4e8d13832e46') in 0.120207 seconds
Number of updated asset objects reloaded before import = 0
Number of asset objects unloaded after import = 85
========================================================================
Received Import Request.
  Time since last request: 0.000087 seconds.
  path: Assets/nappin/HouseInteriorPack/Models/(Msh)CornerSofa_pillowT.fbx
  artifactKey: Guid(8b142c8a6dde2524c9f648078afec7fc) Importer(2089858483,0ecaa5967403d082aa24f35e1b516d23)
Start importing Assets/nappin/HouseInteriorPack/Models/(Msh)CornerSofa_pillowT.fbx using Guid(8b142c8a6dde2524c9f648078afec7fc) Importer(2089858483,0ecaa5967403d082aa24f35e1b516d23) [PhysX] Initialized MultithreadedTaskDispatcher with 18 workers.
 -> (artifact id: 'cc6dd893149fe3c9628310a7a5089429') in 0.076469 seconds
Number of updated asset objects reloaded before import = 0
Number of asset objects unloaded after import = 9
========================================================================
Received Import Request.
  Time since last request: 0.000067 seconds.
  path: Assets/nappin/HouseInteriorPack/Models/(Msh)Mirror3.fbx
  artifactKey: Guid(0c318aa75a947854e8cc8532c2d0418b) Importer(2089858483,0ecaa5967403d082aa24f35e1b516d23)
Start importing Assets/nappin/HouseInteriorPack/Models/(Msh)Mirror3.fbx using Guid(0c318aa75a947854e8cc8532c2d0418b) Importer(2089858483,0ecaa5967403d082aa24f35e1b516d23) [PhysX] Initialized MultithreadedTaskDispatcher with 18 workers.
 -> (artifact id: 'bf84dbd6ce5a638080d39242a8c12697') in 0.095524 seconds
Number of updated asset objects reloaded before import = 0
Number of asset objects unloaded after import = 9
========================================================================
Received Import Request.
  Time since last request: 0.000046 seconds.
  path: Assets/nappin/HouseInteriorPack/Models/(Msh)Drawer2.fbx
  artifactKey: Guid(6c7a2a8a5ceb1b24d895569a8605a3f5) Importer(2089858483,0ecaa5967403d082aa24f35e1b516d23)
Start importing Assets/nappin/HouseInteriorPack/Models/(Msh)Drawer2.fbx using Guid(6c7a2a8a5ceb1b24d895569a8605a3f5) Importer(2089858483,0ecaa5967403d082aa24f35e1b516d23) [PhysX] Initialized MultithreadedTaskDispatcher with 18 workers.
 -> (artifact id: 'a2af43d1c5d5de60601089fc9dbadc77') in 0.112609 seconds
Number of updated asset objects reloaded before import = 0
Number of asset objects unloaded after import = 21
========================================================================
Received Import Request.
  Time since last request: 0.000088 seconds.
  path: Assets/nappin/HouseInteriorPack/Models/(Msh)Lamp.fbx
  artifactKey: Guid(a85e9c176161a11478ca8775c372a363) Importer(2089858483,0ecaa5967403d082aa24f35e1b516d23)
Start importing Assets/nappin/HouseInteriorPack/Models/(Msh)Lamp.fbx using Guid(a85e9c176161a11478ca8775c372a363) Importer(2089858483,0ecaa5967403d082aa24f35e1b516d23) [PhysX] Initialized MultithreadedTaskDispatcher with 18 workers.
 -> (artifact id: '278bf23d30ca47fb9cb39a3013b6a787') in 0.072500 seconds
Number of updated asset objects reloaded before import = 0
Number of asset objects unloaded after import = 9
========================================================================
Received Import Request.
  Time since last request: 0.000088 seconds.
  path: Assets/nappin/HouseInteriorPack/Models/(Msh)DiningChair.fbx
  artifactKey: Guid(fea4f286e7a51e9498462a99c962559c) Importer(2089858483,0ecaa5967403d082aa24f35e1b516d23)
Start importing Assets/nappin/HouseInteriorPack/Models/(Msh)DiningChair.fbx using Guid(fea4f286e7a51e9498462a99c962559c) Importer(2089858483,0ecaa5967403d082aa24f35e1b516d23) [PhysX] Initialized MultithreadedTaskDispatcher with 18 workers.
 -> (artifact id: '9187db8b0c902c0ad45d1431f33eb444') in 0.081970 seconds
Number of updated asset objects reloaded before import = 0
Number of asset objects unloaded after import = 9
========================================================================
Received Import Request.
  Time since last request: 0.000068 seconds.
  path: Assets/nappin/HouseInteriorPack/Models/(Msh)Drawer3.fbx
  artifactKey: Guid(673ac7f73d1850e41b12db0a6bbe30c4) Importer(2089858483,0ecaa5967403d082aa24f35e1b516d23)
Start importing Assets/nappin/HouseInteriorPack/Models/(Msh)Drawer3.fbx using Guid(673ac7f73d1850e41b12db0a6bbe30c4) Importer(2089858483,0ecaa5967403d082aa24f35e1b516d23) [PhysX] Initialized MultithreadedTaskDispatcher with 18 workers.
 -> (artifact id: '351014035ec70962a4a67d13f5a15226') in 0.106700 seconds
Number of updated asset objects reloaded before import = 0
Number of asset objects unloaded after import = 21
========================================================================
Received Import Request.
  Time since last request: 0.000044 seconds.
  path: Assets/nappin/OfficeEssentialsPack/Materials/(Mat)GradientYellow.mat
  artifactKey: Guid(e03c61940200c9b428ea54b9134ba0a7) Importer(2089858483,0ecaa5967403d082aa24f35e1b516d23)
Start importing Assets/nappin/OfficeEssentialsPack/Materials/(Mat)GradientYellow.mat using Guid(e03c61940200c9b428ea54b9134ba0a7) Importer(2089858483,0ecaa5967403d082aa24f35e1b516d23) [PhysX] Initialized MultithreadedTaskDispatcher with 18 workers.
 -> (artifact id: 'ecb654156f96e166f25faa76c54fc542') in 0.057270 seconds
Number of updated asset objects reloaded before import = 0
Number of asset objects unloaded after import = 2
========================================================================
Received Import Request.
  Time since last request: 0.000047 seconds.
  path: Assets/nappin/OfficeEssentialsPack/Models/(Msh)BookPile3.fbx
  artifactKey: Guid(cc31666f2d3c78648838b47abbc333f8) Importer(2089858483,0ecaa5967403d082aa24f35e1b516d23)
Start importing Assets/nappin/OfficeEssentialsPack/Models/(Msh)BookPile3.fbx using Guid(cc31666f2d3c78648838b47abbc333f8) Importer(2089858483,0ecaa5967403d082aa24f35e1b516d23) [PhysX] Initialized MultithreadedTaskDispatcher with 18 workers.
 -> (artifact id: 'ae94feb31db09b37ea103778a5e3067e') in 0.153371 seconds
Number of updated asset objects reloaded before import = 0
Number of asset objects unloaded after import = 96
========================================================================
Received Import Request.
  Time since last request: 0.000066 seconds.
  path: Assets/nappin/OfficeEssentialsPack/Models/(Msh)BigDrawer.fbx
  artifactKey: Guid(49c0e5468435e4f4c947e2e2d0c5c6cf) Importer(2089858483,0ecaa5967403d082aa24f35e1b516d23)
Start importing Assets/nappin/OfficeEssentialsPack/Models/(Msh)BigDrawer.fbx using Guid(49c0e5468435e4f4c947e2e2d0c5c6cf) Importer(2089858483,0ecaa5967403d082aa24f35e1b516d23) [PhysX] Initialized MultithreadedTaskDispatcher with 18 workers.
 -> (artifact id: 'b138bda94c2c8f710517f318b9cd7860') in 0.088495 seconds
Number of updated asset objects reloaded before import = 0
Number of asset objects unloaded after import = 49
========================================================================
Received Import Request.
  Time since last request: 0.000056 seconds.
  path: Assets/nappin/OfficeEssentialsPack/Materials/(Mat)GradientDarkGreen.mat
  artifactKey: Guid(95d691d1ae476e049b3ca1db2f7b4c0d) Importer(2089858483,0ecaa5967403d082aa24f35e1b516d23)
Start importing Assets/nappin/OfficeEssentialsPack/Materials/(Mat)GradientDarkGreen.mat using Guid(95d691d1ae476e049b3ca1db2f7b4c0d) Importer(2089858483,0ecaa5967403d082aa24f35e1b516d23) [PhysX] Initialized MultithreadedTaskDispatcher with 18 workers.
 -> (artifact id: '2c48ad04834005738338bc1ec322780a') in 0.049153 seconds
Number of updated asset objects reloaded before import = 0
Number of asset objects unloaded after import = 2
========================================================================
Received Import Request.
  Time since last request: 0.000142 seconds.
  path: Assets/nappin/OfficeEssentialsPack/Materials/(Mat)GradientBrown.mat
  artifactKey: Guid(c0999236ab32ad94fb08c06e6694fa49) Importer(2089858483,0ecaa5967403d082aa24f35e1b516d23)
Start importing Assets/nappin/OfficeEssentialsPack/Materials/(Mat)GradientBrown.mat using Guid(c0999236ab32ad94fb08c06e6694fa49) Importer(2089858483,0ecaa5967403d082aa24f35e1b516d23) [PhysX] Initialized MultithreadedTaskDispatcher with 18 workers.
 -> (artifact id: '689afbeed6fb48afb58fffd4c5148470') in 0.055171 seconds
Number of updated asset objects reloaded before import = 0
Number of asset objects unloaded after import = 2
========================================================================
Received Import Request.
  Time since last request: 0.000064 seconds.
  path: Assets/nappin/OfficeEssentialsPack/Materials/(Mat)Skybox.mat
  artifactKey: Guid(f5b880b2bccf7364cbc645f81894becd) Importer(2089858483,0ecaa5967403d082aa24f35e1b516d23)
Start importing Assets/nappin/OfficeEssentialsPack/Materials/(Mat)Skybox.mat using Guid(f5b880b2bccf7364cbc645f81894becd) Importer(2089858483,0ecaa5967403d082aa24f35e1b516d23) [PhysX] Initialized MultithreadedTaskDispatcher with 18 workers.
 -> (artifact id: 'e7fa14f280f0d4136de8449836fbf5b1') in 0.045448 seconds
Number of updated asset objects reloaded before import = 0
Number of asset objects unloaded after import = 1
========================================================================
Received Import Request.
  Time since last request: 0.000100 seconds.
  path: Assets/nappin/OfficeEssentialsPack/Materials/(Mat)GradientBlack.mat
  artifactKey: Guid(7f64eac4bd640ef44ae0187dbfcb4089) Importer(2089858483,0ecaa5967403d082aa24f35e1b516d23)
Start importing Assets/nappin/OfficeEssentialsPack/Materials/(Mat)GradientBlack.mat using Guid(7f64eac4bd640ef44ae0187dbfcb4089) Importer(2089858483,0ecaa5967403d082aa24f35e1b516d23) [PhysX] Initialized MultithreadedTaskDispatcher with 18 workers.
 -> (artifact id: '0b1471d91a2181824cd2b883afc2defb') in 0.052310 seconds
Number of updated asset objects reloaded before import = 0
Number of asset objects unloaded after import = 2
========================================================================
Received Import Request.
  Time since last request: 0.000047 seconds.
  path: Assets/nappin/OfficeEssentialsPack/Materials/(Mat)Floor.mat
  artifactKey: Guid(d06cbe6bddb870d438765bf1f774411d) Importer(2089858483,0ecaa5967403d082aa24f35e1b516d23)
Start importing Assets/nappin/OfficeEssentialsPack/Materials/(Mat)Floor.mat using Guid(d06cbe6bddb870d438765bf1f774411d) Importer(2089858483,0ecaa5967403d082aa24f35e1b516d23) [PhysX] Initialized MultithreadedTaskDispatcher with 18 workers.
 -> (artifact id: 'e1e05a180abc580641c586c2671fa52c') in 0.052524 seconds
Number of updated asset objects reloaded before import = 0
Number of asset objects unloaded after import = 1
========================================================================
Received Import Request.
  Time since last request: 0.000213 seconds.
  path: Assets/nappin/OfficeEssentialsPack/Models/(Msh)Desk1.fbx
  artifactKey: Guid(aa1df8bdfe3b61943a5cbb2344613612) Importer(2089858483,0ecaa5967403d082aa24f35e1b516d23)
Start importing Assets/nappin/OfficeEssentialsPack/Models/(Msh)Desk1.fbx using Guid(aa1df8bdfe3b61943a5cbb2344613612) Importer(2089858483,0ecaa5967403d082aa24f35e1b516d23) [PhysX] Initialized MultithreadedTaskDispatcher with 18 workers.
 -> (artifact id: '297efa46559297a572a591fc3209cab2') in 0.078973 seconds
Number of updated asset objects reloaded before import = 0
Number of asset objects unloaded after import = 9
========================================================================
Received Import Request.
  Time since last request: 0.000046 seconds.
  path: Assets/nappin/OfficeEssentialsPack/Models/(Msh)SeparatorDoor.fbx
  artifactKey: Guid(1fefd438eeac9ee4f82ea1039559dbcb) Importer(2089858483,0ecaa5967403d082aa24f35e1b516d23)
Start importing Assets/nappin/OfficeEssentialsPack/Models/(Msh)SeparatorDoor.fbx using Guid(1fefd438eeac9ee4f82ea1039559dbcb) Importer(2089858483,0ecaa5967403d082aa24f35e1b516d23) [PhysX] Initialized MultithreadedTaskDispatcher with 18 workers.
 -> (artifact id: '6cbd4a18603d9b9f78accffd912afa60') in 0.077420 seconds
Number of updated asset objects reloaded before import = 0
Number of asset objects unloaded after import = 16
========================================================================
Received Import Request.
  Time since last request: 0.000041 seconds.
  path: Assets/npc_casual_set_00/Textures/npc_hair_01_o.tif
  artifactKey: Guid(0966cbf582069d44a90efdc982bc3858) Importer(2089858483,0ecaa5967403d082aa24f35e1b516d23)
Start importing Assets/npc_casual_set_00/Textures/npc_hair_01_o.tif using Guid(0966cbf582069d44a90efdc982bc3858) Importer(2089858483,0ecaa5967403d082aa24f35e1b516d23) [PhysX] Initialized MultithreadedTaskDispatcher with 18 workers.
 -> (artifact id: '6dfc86a5b872b029d09ddb6d1d0c7e2e') in 0.081715 seconds
Number of updated asset objects reloaded before import = 0
Number of asset objects unloaded after import = 1
========================================================================
Received Import Request.
  Time since last request: 0.000279 seconds.
  path: Assets/nappin/OfficeEssentialsPack/Models/(Msh)Projector.fbx
  artifactKey: Guid(662d757e856cbf044a5037efe162c6f3) Importer(2089858483,0ecaa5967403d082aa24f35e1b516d23)
Start importing Assets/nappin/OfficeEssentialsPack/Models/(Msh)Projector.fbx using Guid(662d757e856cbf044a5037efe162c6f3) Importer(2089858483,0ecaa5967403d082aa24f35e1b516d23) [PhysX] Initialized MultithreadedTaskDispatcher with 18 workers.
 -> (artifact id: '9fe42a6d36f8422bff8df62b76e34f79') in 0.073619 seconds
Number of updated asset objects reloaded before import = 0
Number of asset objects unloaded after import = 9
========================================================================
Received Import Request.
  Time since last request: 0.000046 seconds.
  path: Assets/nappin/OfficeEssentialsPack/Models/(Msh)Shelves3.fbx
  artifactKey: Guid(4a83103d843ef4d43abfd3b25ad47b44) Importer(2089858483,0ecaa5967403d082aa24f35e1b516d23)
Start importing Assets/nappin/OfficeEssentialsPack/Models/(Msh)Shelves3.fbx using Guid(4a83103d843ef4d43abfd3b25ad47b44) Importer(2089858483,0ecaa5967403d082aa24f35e1b516d23) [PhysX] Initialized MultithreadedTaskDispatcher with 18 workers.
 -> (artifact id: '0be07622143a3032a31d3203afc6828f') in 0.078220 seconds
Number of updated asset objects reloaded before import = 0
Number of asset objects unloaded after import = 9
========================================================================
Received Import Request.
  Time since last request: 0.000046 seconds.
  path: Assets/nappin/OfficeEssentialsPack/Models/(Msh)Fatboy.fbx
  artifactKey: Guid(28502d19c68219d44abc46f748d642ea) Importer(2089858483,0ecaa5967403d082aa24f35e1b516d23)
Start importing Assets/nappin/OfficeEssentialsPack/Models/(Msh)Fatboy.fbx using Guid(28502d19c68219d44abc46f748d642ea) Importer(2089858483,0ecaa5967403d082aa24f35e1b516d23) [PhysX] Initialized MultithreadedTaskDispatcher with 18 workers.
 -> (artifact id: '8fd92ada97be7115f372b17dee917785') in 0.076916 seconds
Number of updated asset objects reloaded before import = 0
Number of asset objects unloaded after import = 9
========================================================================
Received Import Request.
  Time since last request: 0.000067 seconds.
  path: Assets/nappin/OfficeEssentialsPack/Materials/(Mat)MetallicBlack.mat
  artifactKey: Guid(31e87d42f3ffa2546b1f527e7a0a4b9d) Importer(2089858483,0ecaa5967403d082aa24f35e1b516d23)
Start importing Assets/nappin/OfficeEssentialsPack/Materials/(Mat)MetallicBlack.mat using Guid(31e87d42f3ffa2546b1f527e7a0a4b9d) Importer(2089858483,0ecaa5967403d082aa24f35e1b516d23) [PhysX] Initialized MultithreadedTaskDispatcher with 18 workers.
 -> (artifact id: '213a518f3502bcaefe609502e865e2e0') in 0.053556 seconds
Number of updated asset objects reloaded before import = 0
Number of asset objects unloaded after import = 1
========================================================================
Received Import Request.
  Time since last request: 0.000300 seconds.
  path: Assets/nappin/OfficeEssentialsPack/Models/(Msh)Drawer3.fbx
  artifactKey: Guid(2a975253b89f03147813702ebc3dfa98) Importer(2089858483,0ecaa5967403d082aa24f35e1b516d23)
Start importing Assets/nappin/OfficeEssentialsPack/Models/(Msh)Drawer3.fbx using Guid(2a975253b89f03147813702ebc3dfa98) Importer(2089858483,0ecaa5967403d082aa24f35e1b516d23) [PhysX] Initialized MultithreadedTaskDispatcher with 18 workers.
 -> (artifact id: '211b9e23708011209e506693ac73ecf1') in 0.085699 seconds
Number of updated asset objects reloaded before import = 0
Number of asset objects unloaded after import = 21
========================================================================
Received Import Request.
  Time since last request: 0.000061 seconds.
  path: Assets/nappin/OfficeEssentialsPack/Models/(Msh)PenHolder.fbx
  artifactKey: Guid(3a3cfcf7e16d943438d2bae99ffa6534) Importer(2089858483,0ecaa5967403d082aa24f35e1b516d23)
Start importing Assets/nappin/OfficeEssentialsPack/Models/(Msh)PenHolder.fbx using Guid(3a3cfcf7e16d943438d2bae99ffa6534) Importer(2089858483,0ecaa5967403d082aa24f35e1b516d23) [PhysX] Initialized MultithreadedTaskDispatcher with 18 workers.
 -> (artifact id: 'ad84bfb080b2a847c43cf87b0e0dd457') in 0.082023 seconds
Number of updated asset objects reloaded before import = 0
Number of asset objects unloaded after import = 26
========================================================================
Received Import Request.
  Time since last request: 0.000045 seconds.
  path: Assets/nappin/OfficeEssentialsPack/Models/(Msh)OfficeChair.fbx
  artifactKey: Guid(bf186ae0c211e3b46b8c3cf9bc7b1d27) Importer(2089858483,0ecaa5967403d082aa24f35e1b516d23)
Start importing Assets/nappin/OfficeEssentialsPack/Models/(Msh)OfficeChair.fbx using Guid(bf186ae0c211e3b46b8c3cf9bc7b1d27) Importer(2089858483,0ecaa5967403d082aa24f35e1b516d23) [PhysX] Initialized MultithreadedTaskDispatcher with 18 workers.
 -> (artifact id: '1f96e7114489c300be8fdca4df3facb4') in 0.089433 seconds
Number of updated asset objects reloaded before import = 0
Number of asset objects unloaded after import = 9
========================================================================
Received Import Request.
  Time since last request: 0.000082 seconds.
  path: Assets/nappin/OfficeEssentialsPack/Prefabs/(Prb)Container2.prefab
  artifactKey: Guid(dffdf6411c04f9146a126f1cd6000fda) Importer(2089858483,0ecaa5967403d082aa24f35e1b516d23)
Start importing Assets/nappin/OfficeEssentialsPack/Prefabs/(Prb)Container2.prefab using Guid(dffdf6411c04f9146a126f1cd6000fda) Importer(2089858483,0ecaa5967403d082aa24f35e1b516d23) [PhysX] Initialized MultithreadedTaskDispatcher with 18 workers.
 -> (artifact id: 'a81e1a8de16b8b40a840896dfe56889d') in 0.078579 seconds
Number of updated asset objects reloaded before import = 0
Number of asset objects unloaded after import = 10
========================================================================
Received Import Request.
  Time since last request: 0.000074 seconds.
  path: Assets/nappin/OfficeEssentialsPack/Prefabs/(Prb)CeilingFan.prefab
  artifactKey: Guid(7df07a42d42030b49a881233f734958a) Importer(2089858483,0ecaa5967403d082aa24f35e1b516d23)
Start importing Assets/nappin/OfficeEssentialsPack/Prefabs/(Prb)CeilingFan.prefab using Guid(7df07a42d42030b49a881233f734958a) Importer(2089858483,0ecaa5967403d082aa24f35e1b516d23) [PhysX] Initialized MultithreadedTaskDispatcher with 18 workers.
 -> (artifact id: '074357204a13bd2dac91251acfdb37ce') in 0.054110 seconds
Number of updated asset objects reloaded before import = 0
Number of asset objects unloaded after import = 18
========================================================================
Received Import Request.
  Time since last request: 0.000065 seconds.
  path: Assets/nappin/OfficeEssentialsPack/Models/(Msh)YogaBall.fbx
  artifactKey: Guid(ecce3f1d808befa47abc1b334d5016f8) Importer(2089858483,0ecaa5967403d082aa24f35e1b516d23)
Start importing Assets/nappin/OfficeEssentialsPack/Models/(Msh)YogaBall.fbx using Guid(ecce3f1d808befa47abc1b334d5016f8) Importer(2089858483,0ecaa5967403d082aa24f35e1b516d23) [PhysX] Initialized MultithreadedTaskDispatcher with 18 workers.
 -> (artifact id: '96b9fed6ea9ba2e30b95d39fd88ce786') in 0.103900 seconds
Number of updated asset objects reloaded before import = 0
Number of asset objects unloaded after import = 9
========================================================================
Received Import Request.
  Time since last request: 0.000051 seconds.
  path: Assets/nappin/OfficeEssentialsPack/Prefabs/(Prb)Container1.prefab
  artifactKey: Guid(218346a1813791d43973c01c52508a3e) Importer(2089858483,0ecaa5967403d082aa24f35e1b516d23)
Start importing Assets/nappin/OfficeEssentialsPack/Prefabs/(Prb)Container1.prefab using Guid(218346a1813791d43973c01c52508a3e) Importer(2089858483,0ecaa5967403d082aa24f35e1b516d23) [PhysX] Initialized MultithreadedTaskDispatcher with 18 workers.
 -> (artifact id: 'c48d53634eeb710fdbcc01a80ea5d2e8') in 0.071842 seconds
Number of updated asset objects reloaded before import = 0
Number of asset objects unloaded after import = 23
========================================================================
Received Import Request.
  Time since last request: 0.000052 seconds.
  path: Assets/nappin/OfficeEssentialsPack/Prefabs/(Prb)ConferenceTable.prefab
  artifactKey: Guid(900432286b70dd3448b0884c911e1f6d) Importer(2089858483,0ecaa5967403d082aa24f35e1b516d23)
Start importing Assets/nappin/OfficeEssentialsPack/Prefabs/(Prb)ConferenceTable.prefab using Guid(900432286b70dd3448b0884c911e1f6d) Importer(2089858483,0ecaa5967403d082aa24f35e1b516d23) [PhysX] Initialized MultithreadedTaskDispatcher with 18 workers.
 -> (artifact id: '66edf65aebc22edc4a738b01cd606a70') in 0.054355 seconds
Number of updated asset objects reloaded before import = 0
Number of asset objects unloaded after import = 10
========================================================================
Received Import Request.
  Time since last request: 0.000839 seconds.
  path: Assets/nappin/OfficeEssentialsPack/Prefabs/(Prb)BedsideLight.prefab
  artifactKey: Guid(4f06099175b8866458a6cf669a7c20fb) Importer(2089858483,0ecaa5967403d082aa24f35e1b516d23)
Start importing Assets/nappin/OfficeEssentialsPack/Prefabs/(Prb)BedsideLight.prefab using Guid(4f06099175b8866458a6cf669a7c20fb) Importer(2089858483,0ecaa5967403d082aa24f35e1b516d23) [PhysX] Initialized MultithreadedTaskDispatcher with 18 workers.
 -> (artifact id: '6b123f1cf1c0d9e9a93cc13a5db4716d') in 0.059685 seconds
Number of updated asset objects reloaded before import = 0
Number of asset objects unloaded after import = 10
========================================================================
Received Import Request.
  Time since last request: 0.000065 seconds.
  path: Assets/nappin/OfficeEssentialsPack/Prefabs/(Prb)CoffeTable.prefab
  artifactKey: Guid(b235c805f008f6f4da469f7364846b10) Importer(2089858483,0ecaa5967403d082aa24f35e1b516d23)
Start importing Assets/nappin/OfficeEssentialsPack/Prefabs/(Prb)CoffeTable.prefab using Guid(b235c805f008f6f4da469f7364846b10) Importer(2089858483,0ecaa5967403d082aa24f35e1b516d23) [PhysX] Initialized MultithreadedTaskDispatcher with 18 workers.
 -> (artifact id: 'c5362695adf31ad277051208a67a6908') in 0.057104 seconds
Number of updated asset objects reloaded before import = 0
Number of asset objects unloaded after import = 10
========================================================================
Received Import Request.
  Time since last request: 0.000047 seconds.
  path: Assets/nappin/OfficeEssentialsPack/Models/(Msh)Mug.fbx
  artifactKey: Guid(d283a93eb62894849b3a3aea9ca0c8fb) Importer(2089858483,0ecaa5967403d082aa24f35e1b516d23)
Start importing Assets/nappin/OfficeEssentialsPack/Models/(Msh)Mug.fbx using Guid(d283a93eb62894849b3a3aea9ca0c8fb) Importer(2089858483,0ecaa5967403d082aa24f35e1b516d23) [PhysX] Initialized MultithreadedTaskDispatcher with 18 workers.
 -> (artifact id: '3b58f8f30437d9aa37ad6fb7b53a2157') in 0.092597 seconds
Number of updated asset objects reloaded before import = 0
Number of asset objects unloaded after import = 16
========================================================================
Received Import Request.
  Time since last request: 0.000060 seconds.
  path: Assets/nappin/OfficeEssentialsPack/Prefabs/(Prb)DeskLight.prefab
  artifactKey: Guid(e0a309163f5d1ef4e81367371dba0804) Importer(2089858483,0ecaa5967403d082aa24f35e1b516d23)
Start importing Assets/nappin/OfficeEssentialsPack/Prefabs/(Prb)DeskLight.prefab using Guid(e0a309163f5d1ef4e81367371dba0804) Importer(2089858483,0ecaa5967403d082aa24f35e1b516d23) [PhysX] Initialized MultithreadedTaskDispatcher with 18 workers.
 -> (artifact id: 'bca043ce13b2dba2f15ec93805e68a1c') in 0.071012 seconds
Number of updated asset objects reloaded before import = 0
Number of asset objects unloaded after import = 10
========================================================================
Received Import Request.
  Time since last request: 0.000076 seconds.
  path: Assets/nappin/OfficeEssentialsPack/Prefabs/(Prb)LaunchTable_vase3.prefab
  artifactKey: Guid(dd9970b340623644eb4b3204eee4458e) Importer(2089858483,0ecaa5967403d082aa24f35e1b516d23)
Start importing Assets/nappin/OfficeEssentialsPack/Prefabs/(Prb)LaunchTable_vase3.prefab using Guid(dd9970b340623644eb4b3204eee4458e) Importer(2089858483,0ecaa5967403d082aa24f35e1b516d23) [PhysX] Initialized MultithreadedTaskDispatcher with 18 workers.
 -> (artifact id: '944fbbc00cf39627d47351a44518391e') in 0.066418 seconds
Number of updated asset objects reloaded before import = 0
Number of asset objects unloaded after import = 10
========================================================================
Received Import Request.
  Time since last request: 0.000053 seconds.
  path: Assets/nappin/OfficeEssentialsPack/Prefabs/(Prb)DeskPrinter.prefab
  artifactKey: Guid(cc05ee3ee5dd90e47863e933663f5eba) Importer(2089858483,0ecaa5967403d082aa24f35e1b516d23)
Start importing Assets/nappin/OfficeEssentialsPack/Prefabs/(Prb)DeskPrinter.prefab using Guid(cc05ee3ee5dd90e47863e933663f5eba) Importer(2089858483,0ecaa5967403d082aa24f35e1b516d23) [PhysX] Initialized MultithreadedTaskDispatcher with 18 workers.
 -> (artifact id: 'ce56b76535673d64528d56627a27e9eb') in 0.060660 seconds
Number of updated asset objects reloaded before import = 0
Number of asset objects unloaded after import = 10
========================================================================
Received Import Request.
  Time since last request: 0.000130 seconds.
  path: Assets/nappin/OfficeEssentialsPack/Prefabs/(Prb)Desk1.prefab
  artifactKey: Guid(eba40b33cd75dfc4e86e9604170d19f9) Importer(2089858483,0ecaa5967403d082aa24f35e1b516d23)
Start importing Assets/nappin/OfficeEssentialsPack/Prefabs/(Prb)Desk1.prefab using Guid(eba40b33cd75dfc4e86e9604170d19f9) Importer(2089858483,0ecaa5967403d082aa24f35e1b516d23) [PhysX] Initialized MultithreadedTaskDispatcher with 18 workers.
 -> (artifact id: '14c08021f257d720146e7a9ec9ac553c') in 0.059851 seconds
Number of updated asset objects reloaded before import = 0
Number of asset objects unloaded after import = 10
========================================================================
Received Import Request.
  Time since last request: 0.000069 seconds.
  path: Assets/nappin/OfficeEssentialsPack/Prefabs/(Prb)Desk.prefab
  artifactKey: Guid(00e5c0945f7a8b0439135711f7f02840) Importer(2089858483,0ecaa5967403d082aa24f35e1b516d23)
Start importing Assets/nappin/OfficeEssentialsPack/Prefabs/(Prb)Desk.prefab using Guid(00e5c0945f7a8b0439135711f7f02840) Importer(2089858483,0ecaa5967403d082aa24f35e1b516d23) [PhysX] Initialized MultithreadedTaskDispatcher with 18 workers.
 -> (artifact id: '50d5924041836edcc1a94bc43592efa4') in 0.052757 seconds
Number of updated asset objects reloaded before import = 0
Number of asset objects unloaded after import = 43
========================================================================
Received Import Request.
  Time since last request: 0.000061 seconds.
  path: Assets/nappin/OfficeEssentialsPack/Prefabs/(Prb)LaunchTable_vase4.prefab
  artifactKey: Guid(c4357fd2cd18af449b8680904f04757c) Importer(2089858483,0ecaa5967403d082aa24f35e1b516d23)
Start importing Assets/nappin/OfficeEssentialsPack/Prefabs/(Prb)LaunchTable_vase4.prefab using Guid(c4357fd2cd18af449b8680904f04757c) Importer(2089858483,0ecaa5967403d082aa24f35e1b516d23) [PhysX] Initialized MultithreadedTaskDispatcher with 18 workers.
 -> (artifact id: '21636540741f4f49bc8002cf0e4009b0') in 0.056745 seconds
Number of updated asset objects reloaded before import = 0
Number of asset objects unloaded after import = 10
========================================================================
Received Import Request.
  Time since last request: 0.000087 seconds.
  path: Assets/nappin/OfficeEssentialsPack/Prefabs/(Prb)Fridge.prefab
  artifactKey: Guid(5e5be735ac697564c9d232fa4619bcf9) Importer(2089858483,0ecaa5967403d082aa24f35e1b516d23)
Start importing Assets/nappin/OfficeEssentialsPack/Prefabs/(Prb)Fridge.prefab using Guid(5e5be735ac697564c9d232fa4619bcf9) Importer(2089858483,0ecaa5967403d082aa24f35e1b516d23) [PhysX] Initialized MultithreadedTaskDispatcher with 18 workers.
 -> (artifact id: '6b366126663766fffcd8e120c6b5ac9c') in 0.095191 seconds
Number of updated asset objects reloaded before import = 0
Number of asset objects unloaded after import = 24
========================================================================
Received Import Request.
  Time since last request: 0.000060 seconds.
  path: Assets/nappin/OfficeEssentialsPack/Prefabs/(Prb)LoungeChair.prefab
  artifactKey: Guid(3461c8d14bc13bb4384505ad2b8b974f) Importer(2089858483,0ecaa5967403d082aa24f35e1b516d23)
Start importing Assets/nappin/OfficeEssentialsPack/Prefabs/(Prb)LoungeChair.prefab using Guid(3461c8d14bc13bb4384505ad2b8b974f) Importer(2089858483,0ecaa5967403d082aa24f35e1b516d23) [PhysX] Initialized MultithreadedTaskDispatcher with 18 workers.
 -> (artifact id: '7f4ec8bf05e80ab80d710962ad0c668e') in 0.057492 seconds
Number of updated asset objects reloaded before import = 0
Number of asset objects unloaded after import = 10
========================================================================
Received Import Request.
  Time since last request: 0.000049 seconds.
  path: Assets/nappin/OfficeEssentialsPack/Prefabs/(Prb)KitchenSink.prefab
  artifactKey: Guid(5c53a6c9c85b969488e8513f82ebf8a3) Importer(2089858483,0ecaa5967403d082aa24f35e1b516d23)
Start importing Assets/nappin/OfficeEssentialsPack/Prefabs/(Prb)KitchenSink.prefab using Guid(5c53a6c9c85b969488e8513f82ebf8a3) Importer(2089858483,0ecaa5967403d082aa24f35e1b516d23) [PhysX] Initialized MultithreadedTaskDispatcher with 18 workers.
 -> (artifact id: 'e8010b6c3c858dda0665543d8a0ea0c2') in 0.104459 seconds
Number of updated asset objects reloaded before import = 0
Number of asset objects unloaded after import = 24
========================================================================
Received Import Request.
  Time since last request: 0.000060 seconds.
  path: Assets/nappin/OfficeEssentialsPack/Prefabs/(Prb)DeskPlant.prefab
  artifactKey: Guid(c02a999a44edfa048a0420775c83cf3d) Importer(2089858483,0ecaa5967403d082aa24f35e1b516d23)
Start importing Assets/nappin/OfficeEssentialsPack/Prefabs/(Prb)DeskPlant.prefab using Guid(c02a999a44edfa048a0420775c83cf3d) Importer(2089858483,0ecaa5967403d082aa24f35e1b516d23) [PhysX] Initialized MultithreadedTaskDispatcher with 18 workers.
 -> (artifact id: '2aa0f12d3106886747519d1c1489c637') in 0.077970 seconds
Number of updated asset objects reloaded before import = 0
Number of asset objects unloaded after import = 10
========================================================================
Received Import Request.
  Time since last request: 0.000082 seconds.
  path: Assets/nappin/OfficeEssentialsPack/Prefabs/(Prb)Plant1.prefab
  artifactKey: Guid(09786b2145094304f8e76c50e272040f) Importer(2089858483,0ecaa5967403d082aa24f35e1b516d23)
Start importing Assets/nappin/OfficeEssentialsPack/Prefabs/(Prb)Plant1.prefab using Guid(09786b2145094304f8e76c50e272040f) Importer(2089858483,0ecaa5967403d082aa24f35e1b516d23) [PhysX] Initialized MultithreadedTaskDispatcher with 18 workers.
 -> (artifact id: '8c0e9480210c78e72ea05cd3df817d84') in 0.100844 seconds
Number of updated asset objects reloaded before import = 0
Number of asset objects unloaded after import = 10
========================================================================
Received Import Request.
  Time since last request: 0.000062 seconds.
  path: Assets/nappin/OfficeEssentialsPack/Prefabs/(Prb)Sofa1.prefab
  artifactKey: Guid(744fdfc5e08624943b22ba3c3e353e07) Importer(2089858483,0ecaa5967403d082aa24f35e1b516d23)
Start importing Assets/nappin/OfficeEssentialsPack/Prefabs/(Prb)Sofa1.prefab using Guid(744fdfc5e08624943b22ba3c3e353e07) Importer(2089858483,0ecaa5967403d082aa24f35e1b516d23) [PhysX] Initialized MultithreadedTaskDispatcher with 18 workers.
 -> (artifact id: 'a528403ce222ade03fe0169dcd2c1fb6') in 0.083488 seconds
Number of updated asset objects reloaded before import = 0
Number of asset objects unloaded after import = 10
========================================================================
Received Import Request.
  Time since last request: 0.000097 seconds.
  path: Assets/nappin/OfficeEssentialsPack/Prefabs/(Prb)SmokeVent.prefab
  artifactKey: Guid(cb011d3e851dd79499d8fbe7490394f0) Importer(2089858483,0ecaa5967403d082aa24f35e1b516d23)
Start importing Assets/nappin/OfficeEssentialsPack/Prefabs/(Prb)SmokeVent.prefab using Guid(cb011d3e851dd79499d8fbe7490394f0) Importer(2089858483,0ecaa5967403d082aa24f35e1b516d23) [PhysX] Initialized MultithreadedTaskDispatcher with 18 workers.
 -> (artifact id: '2c98add9e19d5fe824ea406e212392a5') in 0.134380 seconds
Number of updated asset objects reloaded before import = 0
Number of asset objects unloaded after import = 10
========================================================================
Received Import Request.
  Time since last request: 0.000998 seconds.
  path: Assets/nappin/OfficeEssentialsPack/Prefabs/(Prb)Sofa2.prefab
  artifactKey: Guid(9cf94939f3dfab54eb62e181bdc60594) Importer(2089858483,0ecaa5967403d082aa24f35e1b516d23)
Start importing Assets/nappin/OfficeEssentialsPack/Prefabs/(Prb)Sofa2.prefab using Guid(9cf94939f3dfab54eb62e181bdc60594) Importer(2089858483,0ecaa5967403d082aa24f35e1b516d23) [PhysX] Initialized MultithreadedTaskDispatcher with 18 workers.
 -> (artifact id: 'b3fa4cb74bcd461dfce9b82e84aacfb5') in 0.069702 seconds
Number of updated asset objects reloaded before import = 0
Number of asset objects unloaded after import = 10
========================================================================
Received Import Request.
  Time since last request: 0.001073 seconds.
  path: Assets/nappin/OfficeEssentialsPack/Prefabs/(Prb)Projector.prefab
  artifactKey: Guid(c4769332a3574e543a8455feae3cc05d) Importer(2089858483,0ecaa5967403d082aa24f35e1b516d23)
Start importing Assets/nappin/OfficeEssentialsPack/Prefabs/(Prb)Projector.prefab using Guid(c4769332a3574e543a8455feae3cc05d) Importer(2089858483,0ecaa5967403d082aa24f35e1b516d23) [PhysX] Initialized MultithreadedTaskDispatcher with 18 workers.
 -> (artifact id: '3c0f17834a73c01da64fa9056fe6f340') in 0.120553 seconds
Number of updated asset objects reloaded before import = 0
Number of asset objects unloaded after import = 10
========================================================================
Received Import Request.
  Time since last request: 0.000083 seconds.
  path: Assets/nappin/OfficeEssentialsPack/Prefabs/(Prb)Sofa3.prefab
  artifactKey: Guid(4c2b4033ea200a340bdf5dd2b0145174) Importer(2089858483,0ecaa5967403d082aa24f35e1b516d23)
Start importing Assets/nappin/OfficeEssentialsPack/Prefabs/(Prb)Sofa3.prefab using Guid(4c2b4033ea200a340bdf5dd2b0145174) Importer(2089858483,0ecaa5967403d082aa24f35e1b516d23) [PhysX] Initialized MultithreadedTaskDispatcher with 18 workers.
 -> (artifact id: 'cacc8eb878a60304427c57b98dbf84da') in 0.075751 seconds
Number of updated asset objects reloaded before import = 0
Number of asset objects unloaded after import = 10
========================================================================
Received Import Request.
  Time since last request: 0.000072 seconds.
  path: Assets/nappin/OfficeEssentialsPack/Prefabs/(Prb)Shelves3.prefab
  artifactKey: Guid(f149402989451fe4ab69bfd1ceb5124f) Importer(2089858483,0ecaa5967403d082aa24f35e1b516d23)
Start importing Assets/nappin/OfficeEssentialsPack/Prefabs/(Prb)Shelves3.prefab using Guid(f149402989451fe4ab69bfd1ceb5124f) Importer(2089858483,0ecaa5967403d082aa24f35e1b516d23) [PhysX] Initialized MultithreadedTaskDispatcher with 18 workers.
 -> (artifact id: '2a35d9d028e0d60392394c4b9e117a70') in 0.112404 seconds
Number of updated asset objects reloaded before import = 0
Number of asset objects unloaded after import = 10
========================================================================
Received Import Request.
  Time since last request: 0.000257 seconds.
  path: Assets/nappin/OfficeEssentialsPack/Textures/(Txt)GradientBlue.png
  artifactKey: Guid(bbea79d6aa038d54bab0fbdb23379cc8) Importer(2089858483,0ecaa5967403d082aa24f35e1b516d23)
Start importing Assets/nappin/OfficeEssentialsPack/Textures/(Txt)GradientBlue.png using Guid(bbea79d6aa038d54bab0fbdb23379cc8) Importer(2089858483,0ecaa5967403d082aa24f35e1b516d23) [PhysX] Initialized MultithreadedTaskDispatcher with 18 workers.
 -> (artifact id: 'e44e126ab6c1e0c96b32ad2927e08a92') in 0.135673 seconds
Number of updated asset objects reloaded before import = 0
Number of asset objects unloaded after import = 1
========================================================================
Received Import Request.
  Time since last request: 0.000059 seconds.
  path: Assets/nappin/OfficeEssentialsPack/Textures/(Txt)GradientBrown.png
  artifactKey: Guid(a5fbcf512e323074384f3d7eb1b798f5) Importer(2089858483,0ecaa5967403d082aa24f35e1b516d23)
Start importing Assets/nappin/OfficeEssentialsPack/Textures/(Txt)GradientBrown.png using Guid(a5fbcf512e323074384f3d7eb1b798f5) Importer(2089858483,0ecaa5967403d082aa24f35e1b516d23) [PhysX] Initialized MultithreadedTaskDispatcher with 18 workers.
 -> (artifact id: '54070ef68e0639fe495ea0fe4a39906b') in 0.116060 seconds
Number of updated asset objects reloaded before import = 0
Number of asset objects unloaded after import = 1
========================================================================
Received Import Request.
  Time since last request: 0.000238 seconds.
  path: Assets/nappin/OfficeEssentialsPack/Textures/(Txt)GradientDarkbrown.png
  artifactKey: Guid(a350ac53491e75b4e843bb6e1705a1d4) Importer(2089858483,0ecaa5967403d082aa24f35e1b516d23)
Start importing Assets/nappin/OfficeEssentialsPack/Textures/(Txt)GradientDarkbrown.png using Guid(a350ac53491e75b4e843bb6e1705a1d4) Importer(2089858483,0ecaa5967403d082aa24f35e1b516d23) [PhysX] Initialized MultithreadedTaskDispatcher with 18 workers.
 -> (artifact id: 'b013f80ace3626f7b3b9540974731f8f') in 0.105034 seconds
Number of updated asset objects reloaded before import = 0
Number of asset objects unloaded after import = 1
========================================================================
Received Import Request.
  Time since last request: 0.000254 seconds.
  path: Assets/nappin/OfficeEssentialsPack/Prefabs/(Prb)WaterDispenser.prefab
  artifactKey: Guid(135f561a417209449aa3f0e15225613e) Importer(2089858483,0ecaa5967403d082aa24f35e1b516d23)
Start importing Assets/nappin/OfficeEssentialsPack/Prefabs/(Prb)WaterDispenser.prefab using Guid(135f561a417209449aa3f0e15225613e) Importer(2089858483,0ecaa5967403d082aa24f35e1b516d23) [PhysX] Initialized MultithreadedTaskDispatcher with 18 workers.
 -> (artifact id: 'cba40fb38ac1e73226b9dc119e13797b') in 0.096854 seconds
Number of updated asset objects reloaded before import = 0
Number of asset objects unloaded after import = 10
========================================================================
Received Import Request.
  Time since last request: 0.000073 seconds.
  path: Assets/nappin/OfficeEssentialsPack/Prefabs/(Prb)SoapDispenser.prefab
  artifactKey: Guid(6a3dbb2a6b4da624abc81f5dc716f1c7) Importer(2089858483,0ecaa5967403d082aa24f35e1b516d23)
Start importing Assets/nappin/OfficeEssentialsPack/Prefabs/(Prb)SoapDispenser.prefab using Guid(6a3dbb2a6b4da624abc81f5dc716f1c7) Importer(2089858483,0ecaa5967403d082aa24f35e1b516d23) [PhysX] Initialized MultithreadedTaskDispatcher with 18 workers.
 -> (artifact id: '919b992e075aaf5fb6bcdaf19ee3434a') in 0.098060 seconds
Number of updated asset objects reloaded before import = 0
Number of asset objects unloaded after import = 18
========================================================================
Received Import Request.
  Time since last request: 0.000094 seconds.
  path: Assets/nappin/OfficeEssentialsPack/Prefabs/(Prb)ShowerFace.prefab
  artifactKey: Guid(d75d62e350e6ccb4fa03f56c0a8fd8b1) Importer(2089858483,0ecaa5967403d082aa24f35e1b516d23)
Start importing Assets/nappin/OfficeEssentialsPack/Prefabs/(Prb)ShowerFace.prefab using Guid(d75d62e350e6ccb4fa03f56c0a8fd8b1) Importer(2089858483,0ecaa5967403d082aa24f35e1b516d23) [PhysX] Initialized MultithreadedTaskDispatcher with 18 workers.
 -> (artifact id: '06fc21ec302b0acd1239ad37f421cca4') in 0.055225 seconds
Number of updated asset objects reloaded before import = 0
Number of asset objects unloaded after import = 10
========================================================================
Received Import Request.
  Time since last request: 0.000062 seconds.
  path: Assets/npc_casual_set_00/Prefabs/npc_csl_shirtopenrolled_00m_01_02.prefab
  artifactKey: Guid(fd2fbe6df2866274ea11cbb31446e614) Importer(2089858483,0ecaa5967403d082aa24f35e1b516d23)
Start importing Assets/npc_casual_set_00/Prefabs/npc_csl_shirtopenrolled_00m_01_02.prefab using Guid(fd2fbe6df2866274ea11cbb31446e614) Importer(2089858483,0ecaa5967403d082aa24f35e1b516d23) [PhysX] Initialized MultithreadedTaskDispatcher with 18 workers.
 -> (artifact id: 'a20f9a73a4b8a4685b6f2a1ec4006241') in 0.116764 seconds
Number of updated asset objects reloaded before import = 0
Number of asset objects unloaded after import = 283
========================================================================
Received Import Request.
  Time since last request: 0.000061 seconds.
  path: Assets/npc_casual_set_00/Mesh/Mesh_Parts/npc_hmn_01f_arms6.fbx
  artifactKey: Guid(c0894e5c9b83f6b4ea93481e2c460e7e) Importer(2089858483,0ecaa5967403d082aa24f35e1b516d23)
Start importing Assets/npc_casual_set_00/Mesh/Mesh_Parts/npc_hmn_01f_arms6.fbx using Guid(c0894e5c9b83f6b4ea93481e2c460e7e) Importer(2089858483,0ecaa5967403d082aa24f35e1b516d23) [PhysX] Initialized MultithreadedTaskDispatcher with 18 workers.
 -> (artifact id: 'e1d628f0747b9ac33ca96ed97a94a1dd') in 0.218278 seconds
Number of updated asset objects reloaded before import = 0
Number of asset objects unloaded after import = 145
========================================================================
Received Import Request.
  Time since last request: 0.000110 seconds.
  path: Assets/npc_casual_set_00/Mesh/Mesh_Parts/npc_csl_shirtopenrolled_00m_parts.fbx
  artifactKey: Guid(120045b833dfcd045a05fd199520f54c) Importer(2089858483,0ecaa5967403d082aa24f35e1b516d23)
Start importing Assets/npc_casual_set_00/Mesh/Mesh_Parts/npc_csl_shirtopenrolled_00m_parts.fbx using Guid(120045b833dfcd045a05fd199520f54c) Importer(2089858483,0ecaa5967403d082aa24f35e1b516d23) [PhysX] Initialized MultithreadedTaskDispatcher with 18 workers.
 -> (artifact id: 'b354fc05959f05876f857a98eb4cc1a7') in 0.307885 seconds
Number of updated asset objects reloaded before import = 0
Number of asset objects unloaded after import = 175
========================================================================
Received Import Request.
  Time since last request: 0.000107 seconds.
  path: Assets/npc_casual_set_00/Mesh/Mesh_Parts/npc_csl_tshirt_00m_sleeves.fbx
  artifactKey: Guid(5ba48d2dc704b3e45bfd5a3bf024be59) Importer(2089858483,0ecaa5967403d082aa24f35e1b516d23)
Start importing Assets/npc_casual_set_00/Mesh/Mesh_Parts/npc_csl_tshirt_00m_sleeves.fbx using Guid(5ba48d2dc704b3e45bfd5a3bf024be59) Importer(2089858483,0ecaa5967403d082aa24f35e1b516d23) [PhysX] Initialized MultithreadedTaskDispatcher with 18 workers.
 -> (artifact id: '8e5415bc39d085d9b43bf9f23bfeb6c6') in 0.266263 seconds
Number of updated asset objects reloaded before import = 0
Number of asset objects unloaded after import = 146
========================================================================
Received Import Request.
  Time since last request: 0.000066 seconds.
  path: Assets/npc_casual_set_00/Mesh/Mesh_Parts/npc_hmn_01f_lowerbody5.fbx
  artifactKey: Guid(dde3aef5ea01fcf48842be78d9ed2dd7) Importer(2089858483,0ecaa5967403d082aa24f35e1b516d23)
Start importing Assets/npc_casual_set_00/Mesh/Mesh_Parts/npc_hmn_01f_lowerbody5.fbx using Guid(dde3aef5ea01fcf48842be78d9ed2dd7) Importer(2089858483,0ecaa5967403d082aa24f35e1b516d23) [PhysX] Initialized MultithreadedTaskDispatcher with 18 workers.
 -> (artifact id: '63f92144a9df7ee27d085b88f21bc354') in 0.249020 seconds
Number of updated asset objects reloaded before import = 0
Number of asset objects unloaded after import = 145
========================================================================
Received Import Request.
  Time since last request: 0.000099 seconds.
  path: Assets/npc_casual_set_00/Mesh/Mesh_Parts/npc_hmn_01f_lowerbody4.fbx
  artifactKey: Guid(30ea2187936c86e4084426534fbdb994) Importer(2089858483,0ecaa5967403d082aa24f35e1b516d23)
Start importing Assets/npc_casual_set_00/Mesh/Mesh_Parts/npc_hmn_01f_lowerbody4.fbx using Guid(30ea2187936c86e4084426534fbdb994) Importer(2089858483,0ecaa5967403d082aa24f35e1b516d23) [PhysX] Initialized MultithreadedTaskDispatcher with 18 workers.
 -> (artifact id: 'fc3c3abf28d7109a3fdca16052faa51f') in 0.316311 seconds
Number of updated asset objects reloaded before import = 0
Number of asset objects unloaded after import = 145
========================================================================
Received Import Request.
  Time since last request: 0.000090 seconds.
  path: Assets/npc_casual_set_00/Mesh/Mesh_Parts/npc_hmn_01f_upperbody4.fbx
  artifactKey: Guid(78b56a595aa0c7d49bb956a59bf4ff07) Importer(2089858483,0ecaa5967403d082aa24f35e1b516d23)
Start importing Assets/npc_casual_set_00/Mesh/Mesh_Parts/npc_hmn_01f_upperbody4.fbx using Guid(78b56a595aa0c7d49bb956a59bf4ff07) Importer(2089858483,0ecaa5967403d082aa24f35e1b516d23) [PhysX] Initialized MultithreadedTaskDispatcher with 18 workers.
 -> (artifact id: 'de7ccc69ccf57f39b50c45269a847ae2') in 0.263752 seconds
Number of updated asset objects reloaded before import = 0
Number of asset objects unloaded after import = 145
========================================================================
Received Import Request.
  Time since last request: 0.000098 seconds.
  path: Assets/npc_casual_set_00/Mesh/Mesh_Parts/npc_hmn_01f_arms3.fbx
  artifactKey: Guid(9a0fa468d1413c944868ccd85721dbb2) Importer(2089858483,0ecaa5967403d082aa24f35e1b516d23)
Start importing Assets/npc_casual_set_00/Mesh/Mesh_Parts/npc_hmn_01f_arms3.fbx using Guid(9a0fa468d1413c944868ccd85721dbb2) Importer(2089858483,0ecaa5967403d082aa24f35e1b516d23) [PhysX] Initialized MultithreadedTaskDispatcher with 18 workers.
 -> (artifact id: 'a6735601e702152a007b46a8c421f3ba') in 0.200565 seconds
Number of updated asset objects reloaded before import = 0
Number of asset objects unloaded after import = 145
========================================================================
Received Import Request.
  Time since last request: 0.000065 seconds.
  path: Assets/npc_casual_set_00/Mesh/Mesh_Parts/npc_hmn_01f_torso2.fbx
  artifactKey: Guid(b37ce58f864d6224d819287cbd579f31) Importer(2089858483,0ecaa5967403d082aa24f35e1b516d23)
Start importing Assets/npc_casual_set_00/Mesh/Mesh_Parts/npc_hmn_01f_torso2.fbx using Guid(b37ce58f864d6224d819287cbd579f31) Importer(2089858483,0ecaa5967403d082aa24f35e1b516d23) [PhysX] Initialized MultithreadedTaskDispatcher with 18 workers.
 -> (artifact id: 'cdb7f44fe2f3aae15e778f09e886a6f8') in 0.200473 seconds
Number of updated asset objects reloaded before import = 0
Number of asset objects unloaded after import = 145
========================================================================
Received Import Request.
  Time since last request: 0.000134 seconds.
  path: Assets/npc_casual_set_00/Mesh/Mesh_Parts/npc_hmn_01m_arms6.fbx
  artifactKey: Guid(53d345d7f856b354aa43f039194dab4d) Importer(2089858483,0ecaa5967403d082aa24f35e1b516d23)
Start importing Assets/npc_casual_set_00/Mesh/Mesh_Parts/npc_hmn_01m_arms6.fbx using Guid(53d345d7f856b354aa43f039194dab4d) Importer(2089858483,0ecaa5967403d082aa24f35e1b516d23) [PhysX] Initialized MultithreadedTaskDispatcher with 18 workers.
 -> (artifact id: '6a1186f35e548f21f0c58ffc4ec05e62') in 0.217793 seconds
Number of updated asset objects reloaded before import = 0
Number of asset objects unloaded after import = 145
========================================================================
Received Import Request.
  Time since last request: 0.000110 seconds.
  path: Assets/npc_casual_set_00/Mesh/Mesh_Parts/npc_hmn_01f_head1.fbx
  artifactKey: Guid(b6a0c926c1880a54984d2433f0548931) Importer(2089858483,0ecaa5967403d082aa24f35e1b516d23)
Start importing Assets/npc_casual_set_00/Mesh/Mesh_Parts/npc_hmn_01f_head1.fbx using Guid(b6a0c926c1880a54984d2433f0548931) Importer(2089858483,0ecaa5967403d082aa24f35e1b516d23) [PhysX] Initialized MultithreadedTaskDispatcher with 18 workers.
 -> (artifact id: 'd0202773de288e3b2c6b80246357ab9a') in 0.197775 seconds
Number of updated asset objects reloaded before import = 0
Number of asset objects unloaded after import = 145
========================================================================
Received Import Request.
  Time since last request: 0.000071 seconds.
  path: Assets/npc_casual_set_00/Mesh/Mesh_Parts/npc_hmn_01m_lowerbody6.fbx
  artifactKey: Guid(4aef24d6e46c3ad48a148224865603d9) Importer(2089858483,0ecaa5967403d082aa24f35e1b516d23)
Start importing Assets/npc_casual_set_00/Mesh/Mesh_Parts/npc_hmn_01m_lowerbody6.fbx using Guid(4aef24d6e46c3ad48a148224865603d9) Importer(2089858483,0ecaa5967403d082aa24f35e1b516d23) [PhysX] Initialized MultithreadedTaskDispatcher with 18 workers.
 -> (artifact id: 'a63ca8c0b91b04ff0abaa88b1e34a6db') in 0.218393 seconds
Number of updated asset objects reloaded before import = 0
Number of asset objects unloaded after import = 145
========================================================================
Received Import Request.
  Time since last request: 0.000069 seconds.
  path: Assets/npc_casual_set_00/Mesh/Mesh_Parts/npc_hmn_01m_lowerbody3.fbx
  artifactKey: Guid(d12b223708226884383dc8134eb1b06d) Importer(2089858483,0ecaa5967403d082aa24f35e1b516d23)
Start importing Assets/npc_casual_set_00/Mesh/Mesh_Parts/npc_hmn_01m_lowerbody3.fbx using Guid(d12b223708226884383dc8134eb1b06d) Importer(2089858483,0ecaa5967403d082aa24f35e1b516d23) [PhysX] Initialized MultithreadedTaskDispatcher with 18 workers.
 -> (artifact id: 'cb37ca8f0929699472cd1930d6666270') in 0.208976 seconds
Number of updated asset objects reloaded before import = 0
Number of asset objects unloaded after import = 145
========================================================================
Received Import Request.
  Time since last request: 0.000095 seconds.
  path: Assets/npc_casual_set_00/Mesh/Mesh_Parts/npc_hmn_01f_torso1.fbx
  artifactKey: Guid(c8c7c941b1e5ba84da4f4b7b001344d2) Importer(2089858483,0ecaa5967403d082aa24f35e1b516d23)
Start importing Assets/npc_casual_set_00/Mesh/Mesh_Parts/npc_hmn_01f_torso1.fbx using Guid(c8c7c941b1e5ba84da4f4b7b001344d2) Importer(2089858483,0ecaa5967403d082aa24f35e1b516d23) [PhysX] Initialized MultithreadedTaskDispatcher with 18 workers.
 -> (artifact id: 'e72ca697836fd04ada3c76c5a223011b') in 0.215983 seconds
Number of updated asset objects reloaded before import = 0
Number of asset objects unloaded after import = 145
========================================================================
Received Import Request.
  Time since last request: 0.000093 seconds.
  path: Assets/npc_casual_set_00/Mesh/Mesh_Parts/npc_hmn_01m_parts.fbx
  artifactKey: Guid(f090d3c285e2e954dabf02b93230d025) Importer(2089858483,0ecaa5967403d082aa24f35e1b516d23)
Start importing Assets/npc_casual_set_00/Mesh/Mesh_Parts/npc_hmn_01m_parts.fbx using Guid(f090d3c285e2e954dabf02b93230d025) Importer(2089858483,0ecaa5967403d082aa24f35e1b516d23) [PhysX] Initialized MultithreadedTaskDispatcher with 18 workers.
 -> (artifact id: '65c1db0195e5050835f434c540466d25') in 2.378548 seconds
Number of updated asset objects reloaded before import = 0
Number of asset objects unloaded after import = 947
========================================================================
Received Import Request.
  Time since last request: 0.000164 seconds.
  path: Assets/npc_casual_set_00/Prefabs/Prefabs_Parts/npc_hmn_01f_upperbody5.prefab
  artifactKey: Guid(96534580952d7f84d8cf87e558986473) Importer(2089858483,0ecaa5967403d082aa24f35e1b516d23)
Start importing Assets/npc_casual_set_00/Prefabs/Prefabs_Parts/npc_hmn_01f_upperbody5.prefab using Guid(96534580952d7f84d8cf87e558986473) Importer(2089858483,0ecaa5967403d082aa24f35e1b516d23) [PhysX] Initialized MultithreadedTaskDispatcher with 18 workers.
 -> (artifact id: '374d14fdcf8a6d2288e8995d7923c77e') in 0.067150 seconds
Number of updated asset objects reloaded before import = 0
Number of asset objects unloaded after import = 283
========================================================================
Received Import Request.
  Time since last request: 0.000048 seconds.
  path: Assets/npc_casual_set_00/Prefabs/Prefabs_Parts/npc_hmn_01f_torso1.prefab
  artifactKey: Guid(0c18c169b8ca5154da79cf0b54363d49) Importer(2089858483,0ecaa5967403d082aa24f35e1b516d23)
Start importing Assets/npc_casual_set_00/Prefabs/Prefabs_Parts/npc_hmn_01f_torso1.prefab using Guid(0c18c169b8ca5154da79cf0b54363d49) Importer(2089858483,0ecaa5967403d082aa24f35e1b516d23) [PhysX] Initialized MultithreadedTaskDispatcher with 18 workers.
 -> (artifact id: '2896fe7411079d3be6e86ed4c3d92145') in 0.058397 seconds
Number of updated asset objects reloaded before import = 0
Number of asset objects unloaded after import = 283
========================================================================
Received Import Request.
  Time since last request: 0.000047 seconds.
  path: Assets/npc_casual_set_00/Prefabs/Prefabs_Parts/npc_hmn_01f_torso2.prefab
  artifactKey: Guid(7ec98accf7f7f514d81eba182373839a) Importer(2089858483,0ecaa5967403d082aa24f35e1b516d23)
Start importing Assets/npc_casual_set_00/Prefabs/Prefabs_Parts/npc_hmn_01f_torso2.prefab using Guid(7ec98accf7f7f514d81eba182373839a) Importer(2089858483,0ecaa5967403d082aa24f35e1b516d23) [PhysX] Initialized MultithreadedTaskDispatcher with 18 workers.
 -> (artifact id: 'accea9bb0f3b893867009b894cfb073f') in 0.050464 seconds
Number of updated asset objects reloaded before import = 0
Number of asset objects unloaded after import = 283
========================================================================
Received Import Request.
  Time since last request: 0.000064 seconds.
  path: Assets/npc_casual_set_00/Prefabs/Prefabs_Parts/npc_hmn_01f_torso5.prefab
  artifactKey: Guid(0f7a46dde28ae2145944955ab26872e4) Importer(2089858483,0ecaa5967403d082aa24f35e1b516d23)
Start importing Assets/npc_casual_set_00/Prefabs/Prefabs_Parts/npc_hmn_01f_torso5.prefab using Guid(0f7a46dde28ae2145944955ab26872e4) Importer(2089858483,0ecaa5967403d082aa24f35e1b516d23) [PhysX] Initialized MultithreadedTaskDispatcher with 18 workers.
 -> (artifact id: '2c1ea846555891aa719275e1b9aa05cc') in 0.056807 seconds
Number of updated asset objects reloaded before import = 0
Number of asset objects unloaded after import = 283
========================================================================
Received Import Request.
  Time since last request: 0.000054 seconds.
  path: Assets/npc_casual_set_00/Mesh/Mesh_Parts/npc_hmn_01f_head3.fbx
  artifactKey: Guid(35380195983e69846b7a277a3f992c86) Importer(2089858483,0ecaa5967403d082aa24f35e1b516d23)
Start importing Assets/npc_casual_set_00/Mesh/Mesh_Parts/npc_hmn_01f_head3.fbx using Guid(35380195983e69846b7a277a3f992c86) Importer(2089858483,0ecaa5967403d082aa24f35e1b516d23) [PhysX] Initialized MultithreadedTaskDispatcher with 18 workers.
 -> (artifact id: '570e6f56fed8b9a21b113b991e08c252') in 0.128431 seconds
Number of updated asset objects reloaded before import = 0
Number of asset objects unloaded after import = 145
========================================================================
Received Import Request.
  Time since last request: 0.000068 seconds.
  path: Assets/npc_casual_set_00/Prefabs/Prefabs_Parts/npc_hmn_01m_lowerbody5.prefab
  artifactKey: Guid(ce27506fe1071cb46a35d02d8f79d9f9) Importer(2089858483,0ecaa5967403d082aa24f35e1b516d23)
Start importing Assets/npc_casual_set_00/Prefabs/Prefabs_Parts/npc_hmn_01m_lowerbody5.prefab using Guid(ce27506fe1071cb46a35d02d8f79d9f9) Importer(2089858483,0ecaa5967403d082aa24f35e1b516d23) [PhysX] Initialized MultithreadedTaskDispatcher with 18 workers.
 -> (artifact id: '5fff53d867c452859f730957351ee690') in 0.049771 seconds
Number of updated asset objects reloaded before import = 0
Number of asset objects unloaded after import = 283
========================================================================
Received Import Request.
  Time since last request: 0.000064 seconds.
  path: Assets/npc_casual_set_00/Prefabs/Prefabs_Parts/npc_hmn_01m_fingers2.prefab
  artifactKey: Guid(9e5b758aa11364045919755d71996065) Importer(2089858483,0ecaa5967403d082aa24f35e1b516d23)
Start importing Assets/npc_casual_set_00/Prefabs/Prefabs_Parts/npc_hmn_01m_fingers2.prefab using Guid(9e5b758aa11364045919755d71996065) Importer(2089858483,0ecaa5967403d082aa24f35e1b516d23) [PhysX] Initialized MultithreadedTaskDispatcher with 18 workers.
 -> (artifact id: '1c4501ad03f234ac93898deba4e7352f') in 0.058585 seconds
Number of updated asset objects reloaded before import = 0
Number of asset objects unloaded after import = 275
========================================================================
Received Import Request.
  Time since last request: 0.000049 seconds.
  path: Assets/npc_casual_set_00/Prefabs/Prefabs_Parts/npc_hmn_01m_upperbody1.prefab
  artifactKey: Guid(8e8a9c4114cbdb1479aaf3e21fc809ca) Importer(2089858483,0ecaa5967403d082aa24f35e1b516d23)
Start importing Assets/npc_casual_set_00/Prefabs/Prefabs_Parts/npc_hmn_01m_upperbody1.prefab using Guid(8e8a9c4114cbdb1479aaf3e21fc809ca) Importer(2089858483,0ecaa5967403d082aa24f35e1b516d23) [PhysX] Initialized MultithreadedTaskDispatcher with 18 workers.
 -> (artifact id: '174007858435ba42a9bd338f41c7d947') in 0.061470 seconds
Number of updated asset objects reloaded before import = 0
Number of asset objects unloaded after import = 283
========================================================================
Received Import Request.
  Time since last request: 0.000066 seconds.
  path: Assets/npc_casual_set_00/Prefabs/Prefabs_Parts/npc_hmn_01m_lowerbody4.prefab
  artifactKey: Guid(ec1e1fe78444b5d4d867e06e008151bf) Importer(2089858483,0ecaa5967403d082aa24f35e1b516d23)
Start importing Assets/npc_casual_set_00/Prefabs/Prefabs_Parts/npc_hmn_01m_lowerbody4.prefab using Guid(ec1e1fe78444b5d4d867e06e008151bf) Importer(2089858483,0ecaa5967403d082aa24f35e1b516d23) [PhysX] Initialized MultithreadedTaskDispatcher with 18 workers.
 -> (artifact id: '88bfdf7e8a1c290ce57cc6b39b5f449a') in 0.051301 seconds
Number of updated asset objects reloaded before import = 0
Number of asset objects unloaded after import = 283
========================================================================
Received Import Request.
  Time since last request: 0.000046 seconds.
  path: Assets/npc_casual_set_00/Prefabs/Prefabs_Parts/npc_hmn_01m_upperbody2.prefab
  artifactKey: Guid(b9e23b63807a0a246a1beefbb5b22818) Importer(2089858483,0ecaa5967403d082aa24f35e1b516d23)
Start importing Assets/npc_casual_set_00/Prefabs/Prefabs_Parts/npc_hmn_01m_upperbody2.prefab using Guid(b9e23b63807a0a246a1beefbb5b22818) Importer(2089858483,0ecaa5967403d082aa24f35e1b516d23) [PhysX] Initialized MultithreadedTaskDispatcher with 18 workers.
 -> (artifact id: '96595eb561841e83e652f8635a3c8624') in 0.060386 seconds
Number of updated asset objects reloaded before import = 0
Number of asset objects unloaded after import = 283
========================================================================
Received Import Request.
  Time since last request: 0.000085 seconds.
  path: Assets/npc_casual_set_00/Prefabs/Prefabs_Parts/npc_hmn_01m_parts.prefab
  artifactKey: Guid(acb4144492eeb3947936336874ceb7bc) Importer(2089858483,0ecaa5967403d082aa24f35e1b516d23)
Start importing Assets/npc_casual_set_00/Prefabs/Prefabs_Parts/npc_hmn_01m_parts.prefab using Guid(acb4144492eeb3947936336874ceb7bc) Importer(2089858483,0ecaa5967403d082aa24f35e1b516d23) [PhysX] Initialized MultithreadedTaskDispatcher with 18 workers.
 -> (artifact id: 'e536f0598fec769d944fca00790818a9') in 0.229135 seconds
Number of updated asset objects reloaded before import = 0
Number of asset objects unloaded after import = 1752
========================================================================
Received Import Request.
  Time since last request: 0.000066 seconds.
  path: Assets/Scenes/ZNS3D/Prefabs/book_8.prefab
  artifactKey: Guid(aa6784987f23938429098eb98b93d5dd) Importer(2089858483,0ecaa5967403d082aa24f35e1b516d23)
Start importing Assets/Scenes/ZNS3D/Prefabs/book_8.prefab using Guid(aa6784987f23938429098eb98b93d5dd) Importer(2089858483,0ecaa5967403d082aa24f35e1b516d23) [PhysX] Initialized MultithreadedTaskDispatcher with 18 workers.
 -> (artifact id: 'e1e3e4865a662ed5058f93f3ff4a86b2') in 0.064456 seconds
Number of updated asset objects reloaded before import = 0
Number of asset objects unloaded after import = 7
========================================================================
Received Import Request.
  Time since last request: 0.000069 seconds.
  path: Assets/Scenes/ZNS3D/Prefabs/floor_rectangle.prefab
  artifactKey: Guid(732bef5d5f763fc4eb8deb436a0715b1) Importer(2089858483,0ecaa5967403d082aa24f35e1b516d23)
Start importing Assets/Scenes/ZNS3D/Prefabs/floor_rectangle.prefab using Guid(732bef5d5f763fc4eb8deb436a0715b1) Importer(2089858483,0ecaa5967403d082aa24f35e1b516d23) [PhysX] Initialized MultithreadedTaskDispatcher with 18 workers.
 -> (artifact id: '183154295cc44da4f4a9d74b9339dc83') in 0.061195 seconds
Number of updated asset objects reloaded before import = 0
Number of asset objects unloaded after import = 7
========================================================================
Received Import Request.
  Time since last request: 0.000039 seconds.
  path: Assets/Scenes/ZNS3D/Prefabs/curtain_2.prefab
  artifactKey: Guid(e3a9e4e6686b3754fb6ec4fdae9b86e7) Importer(2089858483,0ecaa5967403d082aa24f35e1b516d23)
Start importing Assets/Scenes/ZNS3D/Prefabs/curtain_2.prefab using Guid(e3a9e4e6686b3754fb6ec4fdae9b86e7) Importer(2089858483,0ecaa5967403d082aa24f35e1b516d23) [PhysX] Initialized MultithreadedTaskDispatcher with 18 workers.
 -> (artifact id: 'f69727dc5ca39b03ee88cb477bf44c2a') in 0.059541 seconds
Number of updated asset objects reloaded before import = 0
Number of asset objects unloaded after import = 7
========================================================================
Received Import Request.
  Time since last request: 0.000056 seconds.
  path: Assets/Scenes/ZNS3D/Prefabs/book_4.prefab
  artifactKey: Guid(84f186186acadc941a2e59ce12ace979) Importer(2089858483,0ecaa5967403d082aa24f35e1b516d23)
Start importing Assets/Scenes/ZNS3D/Prefabs/book_4.prefab using Guid(84f186186acadc941a2e59ce12ace979) Importer(2089858483,0ecaa5967403d082aa24f35e1b516d23) [PhysX] Initialized MultithreadedTaskDispatcher with 18 workers.
 -> (artifact id: '0fb688e25730beae1ca25b3a4dabe728') in 0.062202 seconds
Number of updated asset objects reloaded before import = 0
Number of asset objects unloaded after import = 7
========================================================================
Received Import Request.
  Time since last request: 0.000063 seconds.
  path: Assets/Scenes/ZNS3D/Prefabs/book_2.prefab
  artifactKey: Guid(b166b712d873b26459cbc94f94d473b6) Importer(2089858483,0ecaa5967403d082aa24f35e1b516d23)
Start importing Assets/Scenes/ZNS3D/Prefabs/book_2.prefab using Guid(b166b712d873b26459cbc94f94d473b6) Importer(2089858483,0ecaa5967403d082aa24f35e1b516d23) [PhysX] Initialized MultithreadedTaskDispatcher with 18 workers.
 -> (artifact id: '6762784ce909c084b34f9852a652024d') in 0.055708 seconds
Number of updated asset objects reloaded before import = 0
Number of asset objects unloaded after import = 7
========================================================================
Received Import Request.
  Time since last request: 0.000046 seconds.
  path: Assets/Scenes/ZNS3D/Prefabs/book_1.prefab
  artifactKey: Guid(6d0d85c7125dc534380e6015547d6bd9) Importer(2089858483,0ecaa5967403d082aa24f35e1b516d23)
Start importing Assets/Scenes/ZNS3D/Prefabs/book_1.prefab using Guid(6d0d85c7125dc534380e6015547d6bd9) Importer(2089858483,0ecaa5967403d082aa24f35e1b516d23) [PhysX] Initialized MultithreadedTaskDispatcher with 18 workers.
 -> (artifact id: '5112cb23abb5e3195ef4d3c27f20266e') in 0.065027 seconds
Number of updated asset objects reloaded before import = 0
Number of asset objects unloaded after import = 7
========================================================================
Received Import Request.
  Time since last request: 0.000130 seconds.
  path: Assets/npc_casual_set_00/Prefabs/Prefabs_Parts/npc_hmn_01m_upperbody6.prefab
  artifactKey: Guid(4a2c8799edf87a34691aad8e096fed00) Importer(2089858483,0ecaa5967403d082aa24f35e1b516d23)
Start importing Assets/npc_casual_set_00/Prefabs/Prefabs_Parts/npc_hmn_01m_upperbody6.prefab using Guid(4a2c8799edf87a34691aad8e096fed00) Importer(2089858483,0ecaa5967403d082aa24f35e1b516d23) [PhysX] Initialized MultithreadedTaskDispatcher with 18 workers.
 -> (artifact id: 'd380d9f5dd5bc3d57af041c41d9d272f') in 0.053583 seconds
Number of updated asset objects reloaded before import = 0
Number of asset objects unloaded after import = 283
========================================================================
Received Import Request.
  Time since last request: 0.000070 seconds.
  path: Assets/nappin/OfficeEssentialsPack/Prefabs/(Prb)BedsideTable.prefab
  artifactKey: Guid(f34f09e70e02cc94683d8dbaaf079f2e) Importer(2089858483,0ecaa5967403d082aa24f35e1b516d23)
Start importing Assets/nappin/OfficeEssentialsPack/Prefabs/(Prb)BedsideTable.prefab using Guid(f34f09e70e02cc94683d8dbaaf079f2e) Importer(2089858483,0ecaa5967403d082aa24f35e1b516d23) [PhysX] Initialized MultithreadedTaskDispatcher with 18 workers.
 -> (artifact id: 'd7366d4c1f1dcd5b1211b237789177df') in 0.047177 seconds
Number of updated asset objects reloaded before import = 0
Number of asset objects unloaded after import = 10
========================================================================
Received Import Request.
  Time since last request: 0.000067 seconds.
  path: Assets/Scenes/ZNS3D/Prefabs/light_desk.prefab
  artifactKey: Guid(3fd2489dcb6a5d84a9e879c1da338933) Importer(2089858483,0ecaa5967403d082aa24f35e1b516d23)
Start importing Assets/Scenes/ZNS3D/Prefabs/light_desk.prefab using Guid(3fd2489dcb6a5d84a9e879c1da338933) Importer(2089858483,0ecaa5967403d082aa24f35e1b516d23) [PhysX] Initialized MultithreadedTaskDispatcher with 18 workers.
 -> (artifact id: '9680ba8842865382b4421daf81ab64a5') in 0.065029 seconds
Number of updated asset objects reloaded before import = 0
Number of asset objects unloaded after import = 7
========================================================================
Received Import Request.
  Time since last request: 0.000045 seconds.
  path: Assets/Scenes/ZNS3D/Prefabs/tv_desk.prefab
  artifactKey: Guid(6727ad94845a00f4c8c1e26cc10fa2d0) Importer(2089858483,0ecaa5967403d082aa24f35e1b516d23)
Start importing Assets/Scenes/ZNS3D/Prefabs/tv_desk.prefab using Guid(6727ad94845a00f4c8c1e26cc10fa2d0) Importer(2089858483,0ecaa5967403d082aa24f35e1b516d23) [PhysX] Initialized MultithreadedTaskDispatcher with 18 workers.
 -> (artifact id: 'd724cce46c21183b074211a6cd6d66fe') in 0.043626 seconds
Number of updated asset objects reloaded before import = 0
Number of asset objects unloaded after import = 14
========================================================================
Received Import Request.
  Time since last request: 0.000103 seconds.
  path: Assets/Scenes/ZNS3D/Prefabs/wall_default 1.prefab
  artifactKey: Guid(dbbe5fa85d4d5e642bcdefc9738dffd0) Importer(2089858483,0ecaa5967403d082aa24f35e1b516d23)
Start importing Assets/Scenes/ZNS3D/Prefabs/wall_default 1.prefab using Guid(dbbe5fa85d4d5e642bcdefc9738dffd0) Importer(2089858483,0ecaa5967403d082aa24f35e1b516d23) [PhysX] Initialized MultithreadedTaskDispatcher with 18 workers.
 -> (artifact id: 'ef2e4b5def45ca38411c6fd4970fa8ad') in 0.060026 seconds
Number of updated asset objects reloaded before import = 0
Number of asset objects unloaded after import = 7
========================================================================
Received Import Request.
  Time since last request: 0.000060 seconds.
  path: Assets/Scenes/ZNS3D/Prefabs/painting_3.prefab
  artifactKey: Guid(ea88dc0a7713e9540a836889b3a01625) Importer(2089858483,0ecaa5967403d082aa24f35e1b516d23)
Start importing Assets/Scenes/ZNS3D/Prefabs/painting_3.prefab using Guid(ea88dc0a7713e9540a836889b3a01625) Importer(2089858483,0ecaa5967403d082aa24f35e1b516d23) [PhysX] Initialized MultithreadedTaskDispatcher with 18 workers.
 -> (artifact id: 'cd59a3d55cfe8d0d8167e7f095c13b24') in 0.060347 seconds
Number of updated asset objects reloaded before import = 0
Number of asset objects unloaded after import = 7
========================================================================
Received Import Request.
  Time since last request: 0.000046 seconds.
  path: Assets/Scenes/ZNS3D/Prefabs/painting_5.prefab
  artifactKey: Guid(fd78f9b19901dd7439c19bcfc490fa6f) Importer(2089858483,0ecaa5967403d082aa24f35e1b516d23)
Start importing Assets/Scenes/ZNS3D/Prefabs/painting_5.prefab using Guid(fd78f9b19901dd7439c19bcfc490fa6f) Importer(2089858483,0ecaa5967403d082aa24f35e1b516d23) [PhysX] Initialized MultithreadedTaskDispatcher with 18 workers.
 -> (artifact id: '8356d2d29b0f2db195d631ce001348dd') in 0.049576 seconds
Number of updated asset objects reloaded before import = 0
Number of asset objects unloaded after import = 7
========================================================================
Received Import Request.
  Time since last request: 0.000048 seconds.
  path: Assets/Scenes/ZNS3D/Prefabs/photo_3.prefab
  artifactKey: Guid(013a0cbcca9ea1942a3b51ba6ec6ecef) Importer(2089858483,0ecaa5967403d082aa24f35e1b516d23)
Start importing Assets/Scenes/ZNS3D/Prefabs/photo_3.prefab using Guid(013a0cbcca9ea1942a3b51ba6ec6ecef) Importer(2089858483,0ecaa5967403d082aa24f35e1b516d23) [PhysX] Initialized MultithreadedTaskDispatcher with 18 workers.
 -> (artifact id: 'fd8bc42ae9c3e6a6aea276b9c6b2ed73') in 0.052279 seconds
Number of updated asset objects reloaded before import = 0
Number of asset objects unloaded after import = 7
========================================================================
Received Import Request.
  Time since last request: 0.000046 seconds.
  path: Assets/Scenes/ZNS3D/Prefabs/New Lighting Settings.lighting
  artifactKey: Guid(a61477b456fdf9647a0c3d0e5cca1651) Importer(2089858483,0ecaa5967403d082aa24f35e1b516d23)
Start importing Assets/Scenes/ZNS3D/Prefabs/New Lighting Settings.lighting using Guid(a61477b456fdf9647a0c3d0e5cca1651) Importer(2089858483,0ecaa5967403d082aa24f35e1b516d23) [PhysX] Initialized MultithreadedTaskDispatcher with 18 workers.
LightingSettings: switching bake backend from 1 to 2.
 -> (artifact id: 'b9ef11e96f9791eed9f166bd48b57c21') in 0.085050 seconds
Number of updated asset objects reloaded before import = 0
Number of asset objects unloaded after import = 1
========================================================================
Received Import Request.
  Time since last request: 0.000158 seconds.
  path: Assets/Scenes/ZNS3D/Prefabs/photo_4.prefab
  artifactKey: Guid(4e5ee28445e96a9488f40c463978377d) Importer(2089858483,0ecaa5967403d082aa24f35e1b516d23)
Start importing Assets/Scenes/ZNS3D/Prefabs/photo_4.prefab using Guid(4e5ee28445e96a9488f40c463978377d) Importer(2089858483,0ecaa5967403d082aa24f35e1b516d23) [PhysX] Initialized MultithreadedTaskDispatcher with 18 workers.
 -> (artifact id: 'e4ffae7336b68856c8607cefc08658e8') in 0.062745 seconds
Number of updated asset objects reloaded before import = 0
Number of asset objects unloaded after import = 7
========================================================================
Received Import Request.
  Time since last request: 0.000049 seconds.
  path: Assets/JustPlay/小omputer devices/Objects/Monitor/Monitor.fbx
  artifactKey: Guid(6a2f98c1e8df30f42a76d8837aba3a40) Importer(2089858483,0ecaa5967403d082aa24f35e1b516d23)
Start importing Assets/JustPlay/小omputer devices/Objects/Monitor/Monitor.fbx using Guid(6a2f98c1e8df30f42a76d8837aba3a40) Importer(2089858483,0ecaa5967403d082aa24f35e1b516d23) [PhysX] Initialized MultithreadedTaskDispatcher with 18 workers.
 -> (artifact id: 'a231b481503743858a9f471199104371') in 0.101546 seconds
Number of updated asset objects reloaded before import = 0
Number of asset objects unloaded after import = 20
========================================================================
Received Import Request.
  Time since last request: 0.000050 seconds.
  path: Assets/Scenes/ZNS3D/Prefabs/wall_with_small_door.prefab
  artifactKey: Guid(983102a4b315f0e4286be9af5732dc0d) Importer(2089858483,0ecaa5967403d082aa24f35e1b516d23)
Start importing Assets/Scenes/ZNS3D/Prefabs/wall_with_small_door.prefab using Guid(983102a4b315f0e4286be9af5732dc0d) Importer(2089858483,0ecaa5967403d082aa24f35e1b516d23) [PhysX] Initialized MultithreadedTaskDispatcher with 18 workers.
 -> (artifact id: 'c3c551bb7cd1fdfc727a2dd8324f2381') in 0.055517 seconds
Number of updated asset objects reloaded before import = 0
Number of asset objects unloaded after import = 19
========================================================================
Received Import Request.
  Time since last request: 0.000054 seconds.
  path: Assets/Scenes/ZNS3D/Vintage Living Room Game Pack/Materials/Mat_Gramophone.mat
  artifactKey: Guid(62107d9de2919144d814fa52c4c39295) Importer(2089858483,0ecaa5967403d082aa24f35e1b516d23)
Start importing Assets/Scenes/ZNS3D/Vintage Living Room Game Pack/Materials/Mat_Gramophone.mat using Guid(62107d9de2919144d814fa52c4c39295) Importer(2089858483,0ecaa5967403d082aa24f35e1b516d23) [PhysX] Initialized MultithreadedTaskDispatcher with 18 workers.
 -> (artifact id: '4f9b0b837e1f2156bd9dcf18f32ccff5') in 0.054594 seconds
Number of updated asset objects reloaded before import = 0
Number of asset objects unloaded after import = 1
========================================================================
Received Import Request.
  Time since last request: 0.000080 seconds.
  path: Assets/JustPlay/小omputer devices/Objects/Router/Router.mat
  artifactKey: Guid(06fa551476d39ff4f9c99e17ef9ed5cb) Importer(2089858483,0ecaa5967403d082aa24f35e1b516d23)
Start importing Assets/JustPlay/小omputer devices/Objects/Router/Router.mat using Guid(06fa551476d39ff4f9c99e17ef9ed5cb) Importer(2089858483,0ecaa5967403d082aa24f35e1b516d23) [PhysX] Initialized MultithreadedTaskDispatcher with 18 workers.
 -> (artifact id: '486c0a54efa4d94f937a4ffb226f0462') in 0.166894 seconds
Number of updated asset objects reloaded before import = 0
Number of asset objects unloaded after import = 6
========================================================================
Received Import Request.
  Time since last request: 0.000045 seconds.
  path: Assets/JustPlay/小omputer devices/Objects/Keyboard/Keyboard.fbx
  artifactKey: Guid(40a6494d8b0491c44b30ab757b9ae5db) Importer(2089858483,0ecaa5967403d082aa24f35e1b516d23)
Start importing Assets/JustPlay/小omputer devices/Objects/Keyboard/Keyboard.fbx using Guid(40a6494d8b0491c44b30ab757b9ae5db) Importer(2089858483,0ecaa5967403d082aa24f35e1b516d23) [PhysX] Initialized MultithreadedTaskDispatcher with 18 workers.
 -> (artifact id: '7b4dee762007c80dac35370bf8d215f0') in 0.159461 seconds
Number of updated asset objects reloaded before import = 0
Number of asset objects unloaded after import = 20
========================================================================
Received Import Request.
  Time since last request: 0.000092 seconds.
  path: Assets/Scenes/ZNS3D/Vintage Living Room Game Pack/Meshes/book_8.fbx
  artifactKey: Guid(ce30244396c49274893778e768a2a204) Importer(2089858483,0ecaa5967403d082aa24f35e1b516d23)
Start importing Assets/Scenes/ZNS3D/Vintage Living Room Game Pack/Meshes/book_8.fbx using Guid(ce30244396c49274893778e768a2a204) Importer(2089858483,0ecaa5967403d082aa24f35e1b516d23) [PhysX] Initialized MultithreadedTaskDispatcher with 18 workers.
 -> (artifact id: 'e28be46fb4b59de26a28f1981694e5ca') in 0.115833 seconds
Number of updated asset objects reloaded before import = 0
Number of asset objects unloaded after import = 10
========================================================================
Received Import Request.
  Time since last request: 0.000086 seconds.
  path: Assets/Scenes/ZNS3D/Vintage Living Room Game Pack/Meshes/book_1.fbx
  artifactKey: Guid(2ad6937aba70eed459e499a19d6b3c76) Importer(2089858483,0ecaa5967403d082aa24f35e1b516d23)
Start importing Assets/Scenes/ZNS3D/Vintage Living Room Game Pack/Meshes/book_1.fbx using Guid(2ad6937aba70eed459e499a19d6b3c76) Importer(2089858483,0ecaa5967403d082aa24f35e1b516d23) [PhysX] Initialized MultithreadedTaskDispatcher with 18 workers.
 -> (artifact id: 'fe86dde08e6e263b9177f962cc32ddee') in 0.121137 seconds
Number of updated asset objects reloaded before import = 0
Number of asset objects unloaded after import = 10
========================================================================
Received Import Request.
  Time since last request: 0.000042 seconds.
  path: Assets/JustPlay/小omputer devices/Objects/Mouse from pc/Mouse.mat
  artifactKey: Guid(e585d3420961316438c99355478f2400) Importer(2089858483,0ecaa5967403d082aa24f35e1b516d23)
Start importing Assets/JustPlay/小omputer devices/Objects/Mouse from pc/Mouse.mat using Guid(e585d3420961316438c99355478f2400) Importer(2089858483,0ecaa5967403d082aa24f35e1b516d23) [PhysX] Initialized MultithreadedTaskDispatcher with 18 workers.
 -> (artifact id: 'b1b20d3818682bd1cc3046dfa0dd6c2d') in 0.081625 seconds
Number of updated asset objects reloaded before import = 0
Number of asset objects unloaded after import = 6
========================================================================
Received Import Request.
  Time since last request: 0.000064 seconds.
  path: Assets/Scenes/ZNS3D/Vintage Living Room Game Pack/Meshes/book_5.fbx
  artifactKey: Guid(99ef4eceb32648f4aa87d06fff5667c4) Importer(2089858483,0ecaa5967403d082aa24f35e1b516d23)
Start importing Assets/Scenes/ZNS3D/Vintage Living Room Game Pack/Meshes/book_5.fbx using Guid(99ef4eceb32648f4aa87d06fff5667c4) Importer(2089858483,0ecaa5967403d082aa24f35e1b516d23) [PhysX] Initialized MultithreadedTaskDispatcher with 18 workers.
 -> (artifact id: 'dfad85e9256db0787ca2fe6d59febca2') in 0.116873 seconds
Number of updated asset objects reloaded before import = 0
Number of asset objects unloaded after import = 10
========================================================================
Received Import Request.
  Time since last request: 0.000067 seconds.
  path: Assets/Scenes/ZNS3D/Vintage Living Room Game Pack/Meshes/book_4.fbx
  artifactKey: Guid(4c99c13e5ad45924b9b4053b7522725b) Importer(2089858483,0ecaa5967403d082aa24f35e1b516d23)
Start importing Assets/Scenes/ZNS3D/Vintage Living Room Game Pack/Meshes/book_4.fbx using Guid(4c99c13e5ad45924b9b4053b7522725b) Importer(2089858483,0ecaa5967403d082aa24f35e1b516d23) [PhysX] Initialized MultithreadedTaskDispatcher with 18 workers.
 -> (artifact id: '42f3551e05e8357edac3f33c3b163ded') in 0.107434 seconds
Number of updated asset objects reloaded before import = 0
Number of asset objects unloaded after import = 10
========================================================================
Received Import Request.
  Time since last request: 0.000056 seconds.
  path: Assets/Scenes/ZNS3D/Vintage Living Room Game Pack/Meshes/phone.fbx
  artifactKey: Guid(17b3b8552eede7249bcac7ccf591fa5b) Importer(2089858483,0ecaa5967403d082aa24f35e1b516d23)
Start importing Assets/Scenes/ZNS3D/Vintage Living Room Game Pack/Meshes/phone.fbx using Guid(17b3b8552eede7249bcac7ccf591fa5b) Importer(2089858483,0ecaa5967403d082aa24f35e1b516d23) [PhysX] Initialized MultithreadedTaskDispatcher with 18 workers.
 -> (artifact id: '23fcdd67aff3a8e9a88141226294b882') in 0.115881 seconds
Number of updated asset objects reloaded before import = 0
Number of asset objects unloaded after import = 10
========================================================================
Received Import Request.
  Time since last request: 0.000053 seconds.
  path: Assets/Scenes/ZNS3D/Vintage Living Room Game Pack/Meshes/painting_2.fbx
  artifactKey: Guid(054e41663f1d7364d8a122a1c1992b36) Importer(2089858483,0ecaa5967403d082aa24f35e1b516d23)
Start importing Assets/Scenes/ZNS3D/Vintage Living Room Game Pack/Meshes/painting_2.fbx using Guid(054e41663f1d7364d8a122a1c1992b36) Importer(2089858483,0ecaa5967403d082aa24f35e1b516d23) [PhysX] Initialized MultithreadedTaskDispatcher with 18 workers.
 -> (artifact id: 'ecd9645f9f6c1e4302110fdbe1682def') in 0.126325 seconds
Number of updated asset objects reloaded before import = 0
Number of asset objects unloaded after import = 10
========================================================================
Received Import Request.
  Time since last request: 0.000067 seconds.
  path: Assets/Scenes/ZNS3D/Vintage Living Room Game Pack/Meshes/floor_big.fbx
  artifactKey: Guid(8aec2c92ad9dbca44a5611c1d760a4aa) Importer(2089858483,0ecaa5967403d082aa24f35e1b516d23)
Start importing Assets/Scenes/ZNS3D/Vintage Living Room Game Pack/Meshes/floor_big.fbx using Guid(8aec2c92ad9dbca44a5611c1d760a4aa) Importer(2089858483,0ecaa5967403d082aa24f35e1b516d23) [PhysX] Initialized MultithreadedTaskDispatcher with 18 workers.
 -> (artifact id: '27cb78f969c17fe876c15159eb84c035') in 0.109299 seconds
Number of updated asset objects reloaded before import = 0
Number of asset objects unloaded after import = 10
========================================================================
Received Import Request.
  Time since last request: 0.000055 seconds.
  path: Assets/Scenes/ZNS3D/Vintage Living Room Game Pack/Materials/Mat-Antique_Light.mat
  artifactKey: Guid(1b1fb65ec5ca0334a8d1e7b52e8cefa0) Importer(2089858483,0ecaa5967403d082aa24f35e1b516d23)
Start importing Assets/Scenes/ZNS3D/Vintage Living Room Game Pack/Materials/Mat-Antique_Light.mat using Guid(1b1fb65ec5ca0334a8d1e7b52e8cefa0) Importer(2089858483,0ecaa5967403d082aa24f35e1b516d23) [PhysX] Initialized MultithreadedTaskDispatcher with 18 workers.
 -> (artifact id: '02684000fcdb53107800b6bf8bbb69a5') in 0.045292 seconds
Number of updated asset objects reloaded before import = 0
Number of asset objects unloaded after import = 1
========================================================================
Received Import Request.
  Time since last request: 0.000047 seconds.
  path: Assets/Scenes/ZNS3D/Vintage Living Room Game Pack/Meshes/ceramic_tea_glass.fbx
  artifactKey: Guid(84fa4c644e6cdf149826efb4d5879848) Importer(2089858483,0ecaa5967403d082aa24f35e1b516d23)
Start importing Assets/Scenes/ZNS3D/Vintage Living Room Game Pack/Meshes/ceramic_tea_glass.fbx using Guid(84fa4c644e6cdf149826efb4d5879848) Importer(2089858483,0ecaa5967403d082aa24f35e1b516d23) [PhysX] Initialized MultithreadedTaskDispatcher with 18 workers.
 -> (artifact id: '25efe6cfa0e4fe79318492da7446836b') in 0.110313 seconds
Number of updated asset objects reloaded before import = 0
Number of asset objects unloaded after import = 10
========================================================================
Received Import Request.
  Time since last request: 0.000050 seconds.
  path: Assets/Scenes/ZNS3D/Vintage Living Room Game Pack/Meshes/wall_default_2.fbx
  artifactKey: Guid(38a08d4ce1854664e9cf94eb6ad04d41) Importer(2089858483,0ecaa5967403d082aa24f35e1b516d23)
Start importing Assets/Scenes/ZNS3D/Vintage Living Room Game Pack/Meshes/wall_default_2.fbx using Guid(38a08d4ce1854664e9cf94eb6ad04d41) Importer(2089858483,0ecaa5967403d082aa24f35e1b516d23) [PhysX] Initialized MultithreadedTaskDispatcher with 18 workers.
 -> (artifact id: '68dc41b955fd2b41d57ae08d00bd46ed') in 0.120993 seconds
Number of updated asset objects reloaded before import = 0
Number of asset objects unloaded after import = 10
========================================================================
Received Import Request.
  Time since last request: 0.000067 seconds.
  path: Assets/Scenes/ZNS3D/Vintage Living Room Game Pack/Meshes/photo_2.fbx
  artifactKey: Guid(c3af05eb17caf8f4eb0db610b33bc2e3) Importer(2089858483,0ecaa5967403d082aa24f35e1b516d23)
Start importing Assets/Scenes/ZNS3D/Vintage Living Room Game Pack/Meshes/photo_2.fbx using Guid(c3af05eb17caf8f4eb0db610b33bc2e3) Importer(2089858483,0ecaa5967403d082aa24f35e1b516d23) [PhysX] Initialized MultithreadedTaskDispatcher with 18 workers.
 -> (artifact id: '1763fcfcc4fd5188944ae2f5d6914790') in 0.121703 seconds
Number of updated asset objects reloaded before import = 0
Number of asset objects unloaded after import = 10
========================================================================
Received Import Request.
  Time since last request: 0.000038 seconds.
  path: Assets/Scenes/ZNS3D/Vintage Living Room Game Pack/Meshes/vase_3.fbx
  artifactKey: Guid(9dfe8949ad56ab7439a5db5d2745db7c) Importer(2089858483,0ecaa5967403d082aa24f35e1b516d23)
Start importing Assets/Scenes/ZNS3D/Vintage Living Room Game Pack/Meshes/vase_3.fbx using Guid(9dfe8949ad56ab7439a5db5d2745db7c) Importer(2089858483,0ecaa5967403d082aa24f35e1b516d23) [PhysX] Initialized MultithreadedTaskDispatcher with 18 workers.
 -> (artifact id: '12f8b819807bd78d90db655459cfa95a') in 0.108271 seconds
Number of updated asset objects reloaded before import = 0
Number of asset objects unloaded after import = 10
========================================================================
Received Import Request.
  Time since last request: 0.000074 seconds.
  path: Assets/Scenes/ZNS3D/Vintage Living Room Game Pack/Meshes/wall_default.fbx
  artifactKey: Guid(f5d3267a62a1656429251807c38d9395) Importer(2089858483,0ecaa5967403d082aa24f35e1b516d23)
Start importing Assets/Scenes/ZNS3D/Vintage Living Room Game Pack/Meshes/wall_default.fbx using Guid(f5d3267a62a1656429251807c38d9395) Importer(2089858483,0ecaa5967403d082aa24f35e1b516d23) [PhysX] Initialized MultithreadedTaskDispatcher with 18 workers.
 -> (artifact id: '97fe21f258fa01663d3da33eb3252088') in 0.122361 seconds
Number of updated asset objects reloaded before import = 0
Number of asset objects unloaded after import = 10
========================================================================
Received Import Request.
  Time since last request: 0.000069 seconds.
  path: Assets/JustPlay/小omputer devices/Objects/Keyboard/Textures/Emiss.png
  artifactKey: Guid(3778bb7026d51c84798bb42ade83b932) Importer(2089858483,0ecaa5967403d082aa24f35e1b516d23)
Start importing Assets/JustPlay/小omputer devices/Objects/Keyboard/Textures/Emiss.png using Guid(3778bb7026d51c84798bb42ade83b932) Importer(2089858483,0ecaa5967403d082aa24f35e1b516d23) [PhysX] Initialized MultithreadedTaskDispatcher with 18 workers.
 -> (artifact id: '1c5dea46494758519593d0596b4f9e9a') in 0.081232 seconds
Number of updated asset objects reloaded before import = 0
Number of asset objects unloaded after import = 1
========================================================================
Received Import Request.
  Time since last request: 0.000144 seconds.
  path: Assets/Scenes/ZNS3D/Vintage Living Room Game Pack/Meshes/floor_rectangle.fbx
  artifactKey: Guid(10550e10966682948bd9e82c46dbe4a5) Importer(2089858483,0ecaa5967403d082aa24f35e1b516d23)
Start importing Assets/Scenes/ZNS3D/Vintage Living Room Game Pack/Meshes/floor_rectangle.fbx using Guid(10550e10966682948bd9e82c46dbe4a5) Importer(2089858483,0ecaa5967403d082aa24f35e1b516d23) [PhysX] Initialized MultithreadedTaskDispatcher with 18 workers.
 -> (artifact id: 'd45e071497c1ac06129a693770f40d58') in 0.114053 seconds
Number of updated asset objects reloaded before import = 0
Number of asset objects unloaded after import = 10
========================================================================
Received Import Request.
  Time since last request: 0.000062 seconds.
  path: Assets/Scenes/ZNS3D/Vintage Living Room Game Pack/Meshes/photo_4.fbx
  artifactKey: Guid(946f28e792e2584498b0f9e2de74a1cc) Importer(2089858483,0ecaa5967403d082aa24f35e1b516d23)
Start importing Assets/Scenes/ZNS3D/Vintage Living Room Game Pack/Meshes/photo_4.fbx using Guid(946f28e792e2584498b0f9e2de74a1cc) Importer(2089858483,0ecaa5967403d082aa24f35e1b516d23) [PhysX] Initialized MultithreadedTaskDispatcher with 18 workers.
 -> (artifact id: '59c1b8bfe04c33382fa786f0a53ecada') in 0.123338 seconds
Number of updated asset objects reloaded before import = 0
Number of asset objects unloaded after import = 10
========================================================================
Received Import Request.
  Time since last request: 0.000052 seconds.
  path: Assets/npc_casual_set_00/Textures/npc_csl_shirtopenrolled_00m_01_01_c.tif
  artifactKey: Guid(7a14af5d6a4f1304e80060ab6f6c1150) Importer(2089858483,0ecaa5967403d082aa24f35e1b516d23)
Start importing Assets/npc_casual_set_00/Textures/npc_csl_shirtopenrolled_00m_01_01_c.tif using Guid(7a14af5d6a4f1304e80060ab6f6c1150) Importer(2089858483,0ecaa5967403d082aa24f35e1b516d23) [PhysX] Initialized MultithreadedTaskDispatcher with 18 workers.
 -> (artifact id: '7d83373ddc45b11c4d062a6c02b1da8b') in 0.091627 seconds
Number of updated asset objects reloaded before import = 0
Number of asset objects unloaded after import = 1
========================================================================
Received Import Request.
  Time since last request: 0.000213 seconds.
  path: Assets/HorrorPuzzleItems/Lighter/Icons/Icon_Lighter_Chrome.png
  artifactKey: Guid(234d6169fa43b0a47bcc0a77b2f339bc) Importer(2089858483,0ecaa5967403d082aa24f35e1b516d23)
Start importing Assets/HorrorPuzzleItems/Lighter/Icons/Icon_Lighter_Chrome.png using Guid(234d6169fa43b0a47bcc0a77b2f339bc) Importer(2089858483,0ecaa5967403d082aa24f35e1b516d23) [PhysX] Initialized MultithreadedTaskDispatcher with 18 workers.
 -> (artifact id: '3843a362327be18df656c4bf03978ee9') in 0.097369 seconds
Number of updated asset objects reloaded before import = 0
Number of asset objects unloaded after import = 3
========================================================================
Received Import Request.
  Time since last request: 0.000055 seconds.
  path: Assets/JustPlay/小omputer devices/Objects/Phone/Textures/Metallic.png
  artifactKey: Guid(e91f0ed8a12094847a40fcf8a1246731) Importer(2089858483,0ecaa5967403d082aa24f35e1b516d23)
Start importing Assets/JustPlay/小omputer devices/Objects/Phone/Textures/Metallic.png using Guid(e91f0ed8a12094847a40fcf8a1246731) Importer(2089858483,0ecaa5967403d082aa24f35e1b516d23) [PhysX] Initialized MultithreadedTaskDispatcher with 18 workers.
 -> (artifact id: 'e8ad3f60783c23d3b3d53fcbf19195bf') in 0.102781 seconds
Number of updated asset objects reloaded before import = 0
Number of asset objects unloaded after import = 1
========================================================================
Received Import Request.
  Time since last request: 0.000206 seconds.
  path: Assets/JustPlay/小omputer devices/Objects/Router/textures/Albedo.png
  artifactKey: Guid(7bd14d7c716616a45a02d715e3daa555) Importer(2089858483,0ecaa5967403d082aa24f35e1b516d23)
Start importing Assets/JustPlay/小omputer devices/Objects/Router/textures/Albedo.png using Guid(7bd14d7c716616a45a02d715e3daa555) Importer(2089858483,0ecaa5967403d082aa24f35e1b516d23) [PhysX] Initialized MultithreadedTaskDispatcher with 18 workers.
 -> (artifact id: '2bc89b1071d5887cedef460d8858a97d') in 0.105217 seconds
Number of updated asset objects reloaded before import = 0
Number of asset objects unloaded after import = 1
========================================================================
Received Import Request.
  Time since last request: 0.000072 seconds.
  path: Assets/npc_casual_set_00/Mesh/npc_csl_00_character_02f.fbx
  artifactKey: Guid(800c7968b38a61941b1f05319e639e54) Importer(2089858483,0ecaa5967403d082aa24f35e1b516d23)
Start importing Assets/npc_casual_set_00/Mesh/npc_csl_00_character_02f.fbx using Guid(800c7968b38a61941b1f05319e639e54) Importer(2089858483,0ecaa5967403d082aa24f35e1b516d23) [PhysX] Initialized MultithreadedTaskDispatcher with 18 workers.
 -> (artifact id: '9baa879289cfc1c5d921ad07ff68c2c1') in 0.249812 seconds
Number of updated asset objects reloaded before import = 0
Number of asset objects unloaded after import = 317
========================================================================
Received Import Request.
  Time since last request: 0.000060 seconds.
  path: Assets/npc_casual_set_00/Materials/mtl_npc_hmn_body_01f_01_01.mat
  artifactKey: Guid(f57c13f543b071b4ab0815bedfd6bbdc) Importer(2089858483,0ecaa5967403d082aa24f35e1b516d23)
Start importing Assets/npc_casual_set_00/Materials/mtl_npc_hmn_body_01f_01_01.mat using Guid(f57c13f543b071b4ab0815bedfd6bbdc) Importer(2089858483,0ecaa5967403d082aa24f35e1b516d23) [PhysX] Initialized MultithreadedTaskDispatcher with 18 workers.
 -> (artifact id: '0815e3e8f572f446912984d44a575310') in 0.091222 seconds
Number of updated asset objects reloaded before import = 0
Number of asset objects unloaded after import = 5
========================================================================
Received Import Request.
  Time since last request: 0.000087 seconds.
  path: Assets/npc_casual_set_00/Prefabs/npc_hairfacial_c_01.prefab
  artifactKey: Guid(b1ecc4a98f9aa2d4e925477ac82ffc12) Importer(2089858483,0ecaa5967403d082aa24f35e1b516d23)
Start importing Assets/npc_casual_set_00/Prefabs/npc_hairfacial_c_01.prefab using Guid(b1ecc4a98f9aa2d4e925477ac82ffc12) Importer(2089858483,0ecaa5967403d082aa24f35e1b516d23) [PhysX] Initialized MultithreadedTaskDispatcher with 18 workers.
 -> (artifact id: 'd2cb57605607ed60f4163430a828f4d2') in 0.059473 seconds
Number of updated asset objects reloaded before import = 0
Number of asset objects unloaded after import = 275
========================================================================
Received Import Request.
  Time since last request: 0.000057 seconds.
  path: Assets/Scenes/ZNS3D/Vintage Living Room Game Pack/Textures/Decors_1/decors_1_Mat_decors_1_Metallic.png
  artifactKey: Guid(c8211dc1127a8774989f76e3fcf614f6) Importer(2089858483,0ecaa5967403d082aa24f35e1b516d23)
Start importing Assets/Scenes/ZNS3D/Vintage Living Room Game Pack/Textures/Decors_1/decors_1_Mat_decors_1_Metallic.png using Guid(c8211dc1127a8774989f76e3fcf614f6) Importer(2089858483,0ecaa5967403d082aa24f35e1b516d23) [PhysX] Initialized MultithreadedTaskDispatcher with 18 workers.
 -> (artifact id: '8d6cfa0f6c5fce1077a4055ebcd847b3') in 0.102907 seconds
Number of updated asset objects reloaded before import = 0
Number of asset objects unloaded after import = 1
========================================================================
Received Import Request.
  Time since last request: 0.000084 seconds.
  path: Assets/Scenes/ZNS3D/Vintage Living Room Game Pack/Demo/Demo_Scene/Sky and Fog Settings.asset
  artifactKey: Guid(bf7571410f929684c88c0ec5f6e3892b) Importer(2089858483,0ecaa5967403d082aa24f35e1b516d23)
Start importing Assets/Scenes/ZNS3D/Vintage Living Room Game Pack/Demo/Demo_Scene/Sky and Fog Settings.asset using Guid(bf7571410f929684c88c0ec5f6e3892b) Importer(2089858483,0ecaa5967403d082aa24f35e1b516d23) [PhysX] Initialized MultithreadedTaskDispatcher with 18 workers.
 -> (artifact id: 'd33e103497c7dbf1f5104de0b1467cb4') in 0.041759 seconds
Number of updated asset objects reloaded before import = 0
Number of asset objects unloaded after import = 1
========================================================================
Received Import Request.
  Time since last request: 0.000223 seconds.
  path: Assets/Scenes/ZNS3D/Vintage Living Room Game Pack/Textures/Antique_Light/antique_light_Mat_Normal.png
  artifactKey: Guid(bcbf1b9cc4bcfc94aa55c5ad03912f85) Importer(2089858483,0ecaa5967403d082aa24f35e1b516d23)
Start importing Assets/Scenes/ZNS3D/Vintage Living Room Game Pack/Textures/Antique_Light/antique_light_Mat_Normal.png using Guid(bcbf1b9cc4bcfc94aa55c5ad03912f85) Importer(2089858483,0ecaa5967403d082aa24f35e1b516d23) [PhysX] Initialized MultithreadedTaskDispatcher with 18 workers.
 -> (artifact id: 'a69bae3ed510defba9b9f2b3c6841f6d') in 0.104961 seconds
Number of updated asset objects reloaded before import = 0
Number of asset objects unloaded after import = 1
========================================================================
Received Import Request.
  Time since last request: 0.000403 seconds.
  path: Assets/HorrorPuzzleItems/Gem/Icons/Icon_Gem_Blue.png
  artifactKey: Guid(bcf0d4e599365974f9c5b39f75340e07) Importer(2089858483,0ecaa5967403d082aa24f35e1b516d23)
Start importing Assets/HorrorPuzzleItems/Gem/Icons/Icon_Gem_Blue.png using Guid(bcf0d4e599365974f9c5b39f75340e07) Importer(2089858483,0ecaa5967403d082aa24f35e1b516d23) [PhysX] Initialized MultithreadedTaskDispatcher with 18 workers.
 -> (artifact id: 'b298140d7e7bc771b75dba487898daf6') in 0.115000 seconds
Number of updated asset objects reloaded before import = 0
Number of asset objects unloaded after import = 3
========================================================================
Received Import Request.
  Time since last request: 0.000057 seconds.
  path: Assets/npc_casual_set_00/Textures/npc_csl_tshirt_00m_01_01_m.tif
  artifactKey: Guid(f968756c6232f31428504a70021c2b47) Importer(2089858483,0ecaa5967403d082aa24f35e1b516d23)
Start importing Assets/npc_casual_set_00/Textures/npc_csl_tshirt_00m_01_01_m.tif using Guid(f968756c6232f31428504a70021c2b47) Importer(2089858483,0ecaa5967403d082aa24f35e1b516d23) [PhysX] Initialized MultithreadedTaskDispatcher with 18 workers.
 -> (artifact id: 'ac3fb969cbe96fb667acad0da4c9edbb') in 0.107723 seconds
Number of updated asset objects reloaded before import = 0
Number of asset objects unloaded after import = 1
========================================================================
Received Import Request.
  Time since last request: 0.000185 seconds.
  path: Assets/Scenes/ZNS3D/Vintage Living Room Game Pack/Textures/Decors_2/decors_2_Mat_Decors_2_BaseColor.png
  artifactKey: Guid(3459b5b386c1e5c42869d2ee8ff829b7) Importer(2089858483,0ecaa5967403d082aa24f35e1b516d23)
Start importing Assets/Scenes/ZNS3D/Vintage Living Room Game Pack/Textures/Decors_2/decors_2_Mat_Decors_2_BaseColor.png using Guid(3459b5b386c1e5c42869d2ee8ff829b7) Importer(2089858483,0ecaa5967403d082aa24f35e1b516d23) [PhysX] Initialized MultithreadedTaskDispatcher with 18 workers.
 -> (artifact id: '03439e64ee9a7508babe8c65745c06e9') in 0.122160 seconds
Number of updated asset objects reloaded before import = 0
Number of asset objects unloaded after import = 1
========================================================================
Received Import Request.
  Time since last request: 0.000258 seconds.
  path: Assets/Scenes/ZNS3D/Vintage Living Room Game Pack/Textures/Antique_Light/antique_light_Mat_Metallic.png
  artifactKey: Guid(4d5638469b403bb4d809b05811d0b36d) Importer(2089858483,0ecaa5967403d082aa24f35e1b516d23)
Start importing Assets/Scenes/ZNS3D/Vintage Living Room Game Pack/Textures/Antique_Light/antique_light_Mat_Metallic.png using Guid(4d5638469b403bb4d809b05811d0b36d) Importer(2089858483,0ecaa5967403d082aa24f35e1b516d23) [PhysX] Initialized MultithreadedTaskDispatcher with 18 workers.
 -> (artifact id: '47b2259b6c60a14d1f1821124e77fa21') in 0.082102 seconds
Number of updated asset objects reloaded before import = 0
Number of asset objects unloaded after import = 1
========================================================================
Received Import Request.
  Time since last request: 0.000301 seconds.
  path: Assets/Scenes/ZNS3D/Vintage Living Room Game Pack/Textures/Floors/floors_Mat_Floors_Roughness.png
  artifactKey: Guid(e16dd93794a4b6a4cae39c39d85b0888) Importer(2089858483,0ecaa5967403d082aa24f35e1b516d23)
Start importing Assets/Scenes/ZNS3D/Vintage Living Room Game Pack/Textures/Floors/floors_Mat_Floors_Roughness.png using Guid(e16dd93794a4b6a4cae39c39d85b0888) Importer(2089858483,0ecaa5967403d082aa24f35e1b516d23) [PhysX] Initialized MultithreadedTaskDispatcher with 18 workers.
 -> (artifact id: '1f787df34d7c493afe24e05c3bc54f56') in 0.094546 seconds
Number of updated asset objects reloaded before import = 0
Number of asset objects unloaded after import = 1
========================================================================
Received Import Request.
  Time since last request: 0.000256 seconds.
  path: Assets/Scenes/ZNS3D/Vintage Living Room Game Pack/Textures/Walls/walls_Mat_Walls_Height.png
  artifactKey: Guid(eb15ea35eb69a4545bc9d55c47c08dcf) Importer(2089858483,0ecaa5967403d082aa24f35e1b516d23)
Start importing Assets/Scenes/ZNS3D/Vintage Living Room Game Pack/Textures/Walls/walls_Mat_Walls_Height.png using Guid(eb15ea35eb69a4545bc9d55c47c08dcf) Importer(2089858483,0ecaa5967403d082aa24f35e1b516d23) [PhysX] Initialized MultithreadedTaskDispatcher with 18 workers.
 -> (artifact id: 'b3d3d3509f74d4dc6bc3c64b3323beff') in 0.091292 seconds
Number of updated asset objects reloaded before import = 0
Number of asset objects unloaded after import = 1
========================================================================
Received Import Request.
  Time since last request: 0.000172 seconds.
  path: Assets/Scenes/ZNS3D/Vintage Living Room Game Pack/Textures/Furnitures_1/furnitures_1_Mat_Furnitures_1_Height.png
  artifactKey: Guid(2e724d7b06343554fbed8308ca7a22e7) Importer(2089858483,0ecaa5967403d082aa24f35e1b516d23)
Start importing Assets/Scenes/ZNS3D/Vintage Living Room Game Pack/Textures/Furnitures_1/furnitures_1_Mat_Furnitures_1_Height.png using Guid(2e724d7b06343554fbed8308ca7a22e7) Importer(2089858483,0ecaa5967403d082aa24f35e1b516d23) [PhysX] Initialized MultithreadedTaskDispatcher with 18 workers.
 -> (artifact id: '26a18d2c71894233bf5394745c4bb5e1') in 0.096024 seconds
Number of updated asset objects reloaded before import = 0
Number of asset objects unloaded after import = 1
========================================================================
Received Import Request.
  Time since last request: 0.000145 seconds.
  path: Assets/Scenes/ZNS3D/Vintage Living Room Game Pack/Textures/Decors_2/decors_2_Mat_Decors_2_Metallic.png
  artifactKey: Guid(fc62da4ffbe80c64589ada420b7c566a) Importer(2089858483,0ecaa5967403d082aa24f35e1b516d23)
Start importing Assets/Scenes/ZNS3D/Vintage Living Room Game Pack/Textures/Decors_2/decors_2_Mat_Decors_2_Metallic.png using Guid(fc62da4ffbe80c64589ada420b7c566a) Importer(2089858483,0ecaa5967403d082aa24f35e1b516d23) [PhysX] Initialized MultithreadedTaskDispatcher with 18 workers.
 -> (artifact id: '94971e690f6da6c7070897ecf91e7ce1') in 0.112539 seconds
Number of updated asset objects reloaded before import = 0
Number of asset objects unloaded after import = 1
========================================================================
Received Import Request.
  Time since last request: 0.000056 seconds.
  path: Assets/JustPlay/小omputer devices/Objects/Monitor 2/Textures/Roughness.png
  artifactKey: Guid(c81b366d4e62bbb469346edf3b065d91) Importer(2089858483,0ecaa5967403d082aa24f35e1b516d23)
Start importing Assets/JustPlay/小omputer devices/Objects/Monitor 2/Textures/Roughness.png using Guid(c81b366d4e62bbb469346edf3b065d91) Importer(2089858483,0ecaa5967403d082aa24f35e1b516d23) [PhysX] Initialized MultithreadedTaskDispatcher with 18 workers.
 -> (artifact id: 'a7e5d8fee31a6c55887b1c78001dd0fe') in 0.079884 seconds
Number of updated asset objects reloaded before import = 0
Number of asset objects unloaded after import = 1
========================================================================
Received Import Request.
  Time since last request: 0.000328 seconds.
  path: Assets/Scenes/ZNS3D/Vintage Living Room Game Pack/Textures/Windows_Doors/Mat_Windows_Doors_Height.png
  artifactKey: Guid(aa2aed9a081662f4d85f9b716d02d1a9) Importer(2089858483,0ecaa5967403d082aa24f35e1b516d23)
Start importing Assets/Scenes/ZNS3D/Vintage Living Room Game Pack/Textures/Windows_Doors/Mat_Windows_Doors_Height.png using Guid(aa2aed9a081662f4d85f9b716d02d1a9) Importer(2089858483,0ecaa5967403d082aa24f35e1b516d23) [PhysX] Initialized MultithreadedTaskDispatcher with 18 workers.
 -> (artifact id: 'af3a2c58dffc7cd2d0277ed072e580ce') in 0.118245 seconds
Number of updated asset objects reloaded before import = 0
Number of asset objects unloaded after import = 1
========================================================================
Received Import Request.
  Time since last request: 0.000176 seconds.
  path: Assets/Scenes/ZNS3D/Vintage Living Room Game Pack/Textures/Windows_Doors/windows_doors_Mat_Roughness.png
  artifactKey: Guid(32857441eb7427744b44e4d45801b210) Importer(2089858483,0ecaa5967403d082aa24f35e1b516d23)
Start importing Assets/Scenes/ZNS3D/Vintage Living Room Game Pack/Textures/Windows_Doors/windows_doors_Mat_Roughness.png using Guid(32857441eb7427744b44e4d45801b210) Importer(2089858483,0ecaa5967403d082aa24f35e1b516d23) [PhysX] Initialized MultithreadedTaskDispatcher with 18 workers.
 -> (artifact id: '4908839c63466f8560f68d3b5ea717a5') in 0.091880 seconds
Number of updated asset objects reloaded before import = 0
Number of asset objects unloaded after import = 1
========================================================================
Received Import Request.
  Time since last request: 0.000060 seconds.
  path: Assets/Scenes/ZNS3D/Vintage Living Room Game Pack/Textures/Gramophone/gramafon_Mat_Gramafon_BaseColor.png
  artifactKey: Guid(dbb85f711baa62c46958a148c0ed2822) Importer(2089858483,0ecaa5967403d082aa24f35e1b516d23)
Start importing Assets/Scenes/ZNS3D/Vintage Living Room Game Pack/Textures/Gramophone/gramafon_Mat_Gramafon_BaseColor.png using Guid(dbb85f711baa62c46958a148c0ed2822) Importer(2089858483,0ecaa5967403d082aa24f35e1b516d23) [PhysX] Initialized MultithreadedTaskDispatcher with 18 workers.
 -> (artifact id: '73ab67f80a475347dcdd7215d7890c5b') in 0.092562 seconds
Number of updated asset objects reloaded before import = 0
Number of asset objects unloaded after import = 1
========================================================================
Received Import Request.
  Time since last request: 0.000043 seconds.
  path: Assets/JustPlay/小omputer devices/Objects/Router/textures/Height.png
  artifactKey: Guid(769c40fc93c0a724e96864d6192dff99) Importer(2089858483,0ecaa5967403d082aa24f35e1b516d23)
Start importing Assets/JustPlay/小omputer devices/Objects/Router/textures/Height.png using Guid(769c40fc93c0a724e96864d6192dff99) Importer(2089858483,0ecaa5967403d082aa24f35e1b516d23) [PhysX] Initialized MultithreadedTaskDispatcher with 18 workers.
 -> (artifact id: '88764ebb35c2c9ae7a77bb2150b59ea0') in 0.094045 seconds
Number of updated asset objects reloaded before import = 0
Number of asset objects unloaded after import = 1
========================================================================
Received Import Request.
  Time since last request: 0.000126 seconds.
  path: Assets/JustPlay/小omputer devices/Objects/Monitor/Textures/Normal.png
  artifactKey: Guid(ff2bbe40e5f8ce84baf92e3ab7336b02) Importer(2089858483,0ecaa5967403d082aa24f35e1b516d23)
Start importing Assets/JustPlay/小omputer devices/Objects/Monitor/Textures/Normal.png using Guid(ff2bbe40e5f8ce84baf92e3ab7336b02) Importer(2089858483,0ecaa5967403d082aa24f35e1b516d23) [PhysX] Initialized MultithreadedTaskDispatcher with 18 workers.
 -> (artifact id: 'c974d4ae31945bc85d5a117e7c093b1e') in 0.100632 seconds
Number of updated asset objects reloaded before import = 0
Number of asset objects unloaded after import = 1
========================================================================
Received Import Request.
  Time since last request: 0.000237 seconds.
  path: Assets/JustPlay/小omputer devices/Objects/Keyboard/Textures/Albedo.png
  artifactKey: Guid(82739909ed66eb84bbb9e8c714546886) Importer(2089858483,0ecaa5967403d082aa24f35e1b516d23)
Start importing Assets/JustPlay/小omputer devices/Objects/Keyboard/Textures/Albedo.png using Guid(82739909ed66eb84bbb9e8c714546886) Importer(2089858483,0ecaa5967403d082aa24f35e1b516d23) [PhysX] Initialized MultithreadedTaskDispatcher with 18 workers.
 -> (artifact id: '55b0129ce4ca0e161f2ff96065b2c9bd') in 0.092197 seconds
Number of updated asset objects reloaded before import = 0
Number of asset objects unloaded after import = 1
========================================================================
Received Import Request.
  Time since last request: 0.000202 seconds.
  path: Assets/Scenes/ZNS3D/Vintage Living Room Game Pack/Textures/Decors_1/decors_1_Mat_decors_1_BaseColor.png
  artifactKey: Guid(850ade9d1c7bf6347b60c6884491467d) Importer(2089858483,0ecaa5967403d082aa24f35e1b516d23)
Start importing Assets/Scenes/ZNS3D/Vintage Living Room Game Pack/Textures/Decors_1/decors_1_Mat_decors_1_BaseColor.png using Guid(850ade9d1c7bf6347b60c6884491467d) Importer(2089858483,0ecaa5967403d082aa24f35e1b516d23) [PhysX] Initialized MultithreadedTaskDispatcher with 18 workers.
 -> (artifact id: '7665988ca9c028cd9289e3b47f81233c') in 0.088626 seconds
Number of updated asset objects reloaded before import = 0
Number of asset objects unloaded after import = 1
========================================================================
Received Import Request.
  Time since last request: 0.000088 seconds.
  path: Assets/JustPlay/小omputer devices/Objects/Router/textures/Normal.png
  artifactKey: Guid(f6a2bf272131ff64cbf9148c98e618d2) Importer(2089858483,0ecaa5967403d082aa24f35e1b516d23)
Start importing Assets/JustPlay/小omputer devices/Objects/Router/textures/Normal.png using Guid(f6a2bf272131ff64cbf9148c98e618d2) Importer(2089858483,0ecaa5967403d082aa24f35e1b516d23) [PhysX] Initialized MultithreadedTaskDispatcher with 18 workers.
 -> (artifact id: '9f0e569adc1b9fb14af7961e1f072d52') in 0.092681 seconds
Number of updated asset objects reloaded before import = 0
Number of asset objects unloaded after import = 1
========================================================================
Received Import Request.
  Time since last request: 0.000175 seconds.
  path: Assets/Scenes/ZNS3D/Vintage Living Room Game Pack/Meshes/wall_with_two_window.fbx
  artifactKey: Guid(cd9f729a4a97ea147a6a79eb9512ade9) Importer(2089858483,0ecaa5967403d082aa24f35e1b516d23)
Start importing Assets/Scenes/ZNS3D/Vintage Living Room Game Pack/Meshes/wall_with_two_window.fbx using Guid(cd9f729a4a97ea147a6a79eb9512ade9) Importer(2089858483,0ecaa5967403d082aa24f35e1b516d23) [PhysX] Initialized MultithreadedTaskDispatcher with 18 workers.
 -> (artifact id: '4d1878ab50dd8221536d51e7de8d57b2') in 0.176646 seconds
Number of updated asset objects reloaded before import = 0
Number of asset objects unloaded after import = 44
========================================================================
Received Import Request.
  Time since last request: 0.000061 seconds.
  path: Assets/Scenes/ZNS3D/Vintage Living Room Game Pack/Meshes/carpet_1.fbx
  artifactKey: Guid(098c0ef3b2013ca44a4c45d2ab223a00) Importer(2089858483,0ecaa5967403d082aa24f35e1b516d23)
Start importing Assets/Scenes/ZNS3D/Vintage Living Room Game Pack/Meshes/carpet_1.fbx using Guid(098c0ef3b2013ca44a4c45d2ab223a00) Importer(2089858483,0ecaa5967403d082aa24f35e1b516d23) [PhysX] Initialized MultithreadedTaskDispatcher with 18 workers.
 -> (artifact id: '378b474e34b8f57bdd9f37c278846952') in 0.129506 seconds
Number of updated asset objects reloaded before import = 0
Number of asset objects unloaded after import = 10
========================================================================
Received Import Request.
  Time since last request: 0.000098 seconds.
  path: Assets/Scenes/ZNS3D/Vintage Living Room Game Pack/Meshes/light_desk.fbx
  artifactKey: Guid(60acb1fb42043d346bc65a46466d3598) Importer(2089858483,0ecaa5967403d082aa24f35e1b516d23)
Start importing Assets/Scenes/ZNS3D/Vintage Living Room Game Pack/Meshes/light_desk.fbx using Guid(60acb1fb42043d346bc65a46466d3598) Importer(2089858483,0ecaa5967403d082aa24f35e1b516d23) [PhysX] Initialized MultithreadedTaskDispatcher with 18 workers.
 -> (artifact id: '2fdac541436ab83b1c5bd75df28563b1') in 0.131938 seconds
Number of updated asset objects reloaded before import = 0
Number of asset objects unloaded after import = 10
========================================================================
Received Import Request.
  Time since last request: 0.000065 seconds.
  path: Assets/Scenes/ZNS3D/Vintage Living Room Game Pack/Demo/Demo_Scene/ReflectionProbe-0.exr
  artifactKey: Guid(8053083f34f23314c9c187f6da9f884a) Importer(2089858483,0ecaa5967403d082aa24f35e1b516d23)
Start importing Assets/Scenes/ZNS3D/Vintage Living Room Game Pack/Demo/Demo_Scene/ReflectionProbe-0.exr using Guid(8053083f34f23314c9c187f6da9f884a) Importer(2089858483,0ecaa5967403d082aa24f35e1b516d23) [PhysX] Initialized MultithreadedTaskDispatcher with 18 workers.
 -> (artifact id: '25d4ac0d4cfd61cdd598d21c2a6a9906') in 0.092325 seconds
Number of updated asset objects reloaded before import = 0
Number of asset objects unloaded after import = 1
========================================================================
Received Import Request.
  Time since last request: 0.000068 seconds.
  path: Assets/nappin/OfficeEssentialsPack/Prefabs/(Prb)LaunchTable.prefab
  artifactKey: Guid(7bb52cc09c8c76e43a75786dccaf3fa4) Importer(2089858483,0ecaa5967403d082aa24f35e1b516d23)
Start importing Assets/nappin/OfficeEssentialsPack/Prefabs/(Prb)LaunchTable.prefab using Guid(7bb52cc09c8c76e43a75786dccaf3fa4) Importer(2089858483,0ecaa5967403d082aa24f35e1b516d23) [PhysX] Initialized MultithreadedTaskDispatcher with 18 workers.
 -> (artifact id: '4fe9f0714e4d82112bc6c0066d07f355') in 0.051366 seconds
Number of updated asset objects reloaded before import = 0
Number of asset objects unloaded after import = 10
========================================================================
Received Import Request.
  Time since last request: 0.000086 seconds.
  path: Assets/npc_casual_set_00/Textures/npc_csl_tshirt_00m_01_02_c.tif
  artifactKey: Guid(5eb6ee567c77db448b875502d6075c64) Importer(2089858483,0ecaa5967403d082aa24f35e1b516d23)
Start importing Assets/npc_casual_set_00/Textures/npc_csl_tshirt_00m_01_02_c.tif using Guid(5eb6ee567c77db448b875502d6075c64) Importer(2089858483,0ecaa5967403d082aa24f35e1b516d23) [PhysX] Initialized MultithreadedTaskDispatcher with 18 workers.
 -> (artifact id: 'e734e4dc9796122c655b351bd52a2fa7') in 0.089411 seconds
Number of updated asset objects reloaded before import = 0
Number of asset objects unloaded after import = 1
========================================================================
Received Import Request.
  Time since last request: 0.000213 seconds.
  path: Assets/nappin/OfficeEssentialsPack/Prefabs/(Prb)Clock.prefab
  artifactKey: Guid(b2baa11c7e87fe941afe32f3c50cc082) Importer(2089858483,0ecaa5967403d082aa24f35e1b516d23)
Start importing Assets/nappin/OfficeEssentialsPack/Prefabs/(Prb)Clock.prefab using Guid(b2baa11c7e87fe941afe32f3c50cc082) Importer(2089858483,0ecaa5967403d082aa24f35e1b516d23) [PhysX] Initialized MultithreadedTaskDispatcher with 18 workers.
 -> (artifact id: '002cdc982678f8b2b7b3bf008d47e309') in 0.081014 seconds
Number of updated asset objects reloaded before import = 0
Number of asset objects unloaded after import = 30
========================================================================
Received Import Request.
  Time since last request: 0.000043 seconds.
  path: Assets/npc_casual_set_00/Materials/mtl_npc_hair_08.mat
  artifactKey: Guid(d372b3dc14eb8f548978e806a9d5056c) Importer(2089858483,0ecaa5967403d082aa24f35e1b516d23)
Start importing Assets/npc_casual_set_00/Materials/mtl_npc_hair_08.mat using Guid(d372b3dc14eb8f548978e806a9d5056c) Importer(2089858483,0ecaa5967403d082aa24f35e1b516d23) [PhysX] Initialized MultithreadedTaskDispatcher with 18 workers.
 -> (artifact id: 'b82b3db875069aca1545b8cf14cd4f81') in 0.070187 seconds
Number of updated asset objects reloaded before import = 0
Number of asset objects unloaded after import = 5
========================================================================
Received Import Request.
  Time since last request: 0.000069 seconds.
  path: Assets/nappin/HouseInteriorPack/readme.txt
  artifactKey: Guid(d951ef7672251234bb730f4cc1ea059c) Importer(2089858483,0ecaa5967403d082aa24f35e1b516d23)
Start importing Assets/nappin/HouseInteriorPack/readme.txt using Guid(d951ef7672251234bb730f4cc1ea059c) Importer(2089858483,0ecaa5967403d082aa24f35e1b516d23) [PhysX] Initialized MultithreadedTaskDispatcher with 18 workers.
 -> (artifact id: '536199ca26588aa9dbdd7a31c6ce7b3c') in 0.039108 seconds
Number of updated asset objects reloaded before import = 0
Number of asset objects unloaded after import = 1
========================================================================
Received Import Request.
  Time since last request: 0.000078 seconds.
  path: Assets/npc_casual_set_00/Mesh/npc_csl_shoe_02.fbx
  artifactKey: Guid(75128e7f08623594fa3a81d55434b088) Importer(2089858483,0ecaa5967403d082aa24f35e1b516d23)
Start importing Assets/npc_casual_set_00/Mesh/npc_csl_shoe_02.fbx using Guid(75128e7f08623594fa3a81d55434b088) Importer(2089858483,0ecaa5967403d082aa24f35e1b516d23) [PhysX] Initialized MultithreadedTaskDispatcher with 18 workers.
 -> (artifact id: '23d6d7487a10b7f2f6c1fa732a30d6aa') in 0.163208 seconds
Number of updated asset objects reloaded before import = 0
Number of asset objects unloaded after import = 142
========================================================================
Received Import Request.
  Time since last request: 0.000037 seconds.
  path: Assets/npc_casual_set_00/Materials/mtl_npc_csl_shirtopenrolled_00m_01_01bw.mat
  artifactKey: Guid(864e1ce497fa37f4baf7e012536950e0) Importer(2089858483,0ecaa5967403d082aa24f35e1b516d23)
Start importing Assets/npc_casual_set_00/Materials/mtl_npc_csl_shirtopenrolled_00m_01_01bw.mat using Guid(864e1ce497fa37f4baf7e012536950e0) Importer(2089858483,0ecaa5967403d082aa24f35e1b516d23) [PhysX] Initialized MultithreadedTaskDispatcher with 18 workers.
 -> (artifact id: '2ee85e184e7f99477fb3c9c1b6ffa161') in 0.073704 seconds
Number of updated asset objects reloaded before import = 0
Number of asset objects unloaded after import = 5
========================================================================
Received Import Request.
  Time since last request: 0.000067 seconds.
  path: Assets/HorrorPuzzleItems/Lighter/Icons/Icon_Lighter_Brass.png
  artifactKey: Guid(ac92fc50086d6a245b003da545b01ae7) Importer(2089858483,0ecaa5967403d082aa24f35e1b516d23)
Start importing Assets/HorrorPuzzleItems/Lighter/Icons/Icon_Lighter_Brass.png using Guid(ac92fc50086d6a245b003da545b01ae7) Importer(2089858483,0ecaa5967403d082aa24f35e1b516d23) [PhysX] Initialized MultithreadedTaskDispatcher with 18 workers.
 -> (artifact id: '6cbb17e5ba1b856225063fc13dca819e') in 0.083897 seconds
Number of updated asset objects reloaded before import = 0
Number of asset objects unloaded after import = 3
========================================================================
Received Import Request.
  Time since last request: 0.000203 seconds.
  path: Assets/npc_casual_set_00/Mesh/npc_hairfacial_c_01.fbx
  artifactKey: Guid(3aa2fd2aebfbc154ea4921d0f4eaceba) Importer(2089858483,0ecaa5967403d082aa24f35e1b516d23)
Start importing Assets/npc_casual_set_00/Mesh/npc_hairfacial_c_01.fbx using Guid(3aa2fd2aebfbc154ea4921d0f4eaceba) Importer(2089858483,0ecaa5967403d082aa24f35e1b516d23) [PhysX] Initialized MultithreadedTaskDispatcher with 18 workers.
 -> (artifact id: '20459a26ab2178d805fa10fd9172d100') in 0.176673 seconds
Number of updated asset objects reloaded before import = 0
Number of asset objects unloaded after import = 141
========================================================================
Received Import Request.
  Time since last request: 0.000084 seconds.
  path: Assets/npc_casual_set_00/Textures/npc_csl_tshirt_00f_01_01bw_c.tif
  artifactKey: Guid(1ab49c87d694269479a867b29d3082b6) Importer(2089858483,0ecaa5967403d082aa24f35e1b516d23)
Start importing Assets/npc_casual_set_00/Textures/npc_csl_tshirt_00f_01_01bw_c.tif using Guid(1ab49c87d694269479a867b29d3082b6) Importer(2089858483,0ecaa5967403d082aa24f35e1b516d23) [PhysX] Initialized MultithreadedTaskDispatcher with 18 workers.
 -> (artifact id: '58d8bb819e35657fd906ef9cca5add69') in 0.095361 seconds
Number of updated asset objects reloaded before import = 0
Number of asset objects unloaded after import = 1
Editor requested this worker to shutdown with reason: Scaling down because of idle timeout
TcpMessagingSession - receive error: operation aborted. errorcode: 995, details: 胶饭靛 辆丰 肚绰 览侩 橇肺弊伐 夸没 锭巩俊 I/O 累诀捞 秒家登菌嚼聪促.
AssetImportWorker is now disconnected from the server
Process exiting
Exiting without the bug reporter. Application will terminate with return code 0