Using pre-set license
Built from '2022.3/staging' branch; Version is '2022.3.42f1 (2dcb6a0abc42) revision 3001194'; Using compiler version '192829333'; Build Type 'Release'
OS: 'Windows 11  (10.0.26200) 64bit Core' Language: 'ko' Physical Memory: 15964 MB
BatchMode: 1, IsHumanControllingUs: 0, StartBugReporterOnCrash: 0, Is64bit: 1, IsPro: 1

COMMAND LINE ARGUMENTS:
C:\Program Files\Unity\Hub\Editor\2022.3.42f1\Editor\Unity.exe
-adb2
-batchMode
-noUpm
-name
AssetImportWorker1
-projectPath
C:/Users/jongk/final_project
-logFile
Logs/AssetImportWorker1.log
-srvPort
57931
Successfully changed project path to: C:/Users/jongk/final_project
C:/Users/jongk/final_project
[UnityMemory] Configuration Parameters - Can be set up in boot.config
    "memorysetup-bucket-allocator-granularity=16"
    "memorysetup-bucket-allocator-bucket-count=8"
    "memorysetup-bucket-allocator-block-size=33554432"
    "memorysetup-bucket-allocator-block-count=8"
    "memorysetup-main-allocator-block-size=16777216"
    "memorysetup-thread-allocator-block-size=16777216"
    "memorysetup-gfx-main-allocator-block-size=16777216"
    "memorysetup-gfx-thread-allocator-block-size=16777216"
    "memorysetup-cache-allocator-block-size=4194304"
    "memorysetup-typetree-allocator-block-size=2097152"
    "memorysetup-profiler-bucket-allocator-granularity=16"
    "memorysetup-profiler-bucket-allocator-bucket-count=8"
    "memorysetup-profiler-bucket-allocator-block-size=33554432"
    "memorysetup-profiler-bucket-allocator-block-count=8"
    "memorysetup-profiler-allocator-block-size=16777216"
    "memorysetup-profiler-editor-allocator-block-size=1048576"
    "memorysetup-temp-allocator-size-main=16777216"
    "memorysetup-job-temp-allocator-block-size=2097152"
    "memorysetup-job-temp-allocator-block-size-background=1048576"
    "memorysetup-job-temp-allocator-reduction-small-platforms=262144"
    "memorysetup-allocator-temp-initial-block-size-main=262144"
    "memorysetup-allocator-temp-initial-block-size-worker=262144"
    "memorysetup-temp-allocator-size-background-worker=32768"
    "memorysetup-temp-allocator-size-job-worker=262144"
    "memorysetup-temp-allocator-size-preload-manager=33554432"
    "memorysetup-temp-allocator-size-nav-mesh-worker=65536"
    "memorysetup-temp-allocator-size-audio-worker=65536"
    "memorysetup-temp-allocator-size-cloud-worker=32768"
    "memorysetup-temp-allocator-size-gi-baking-worker=262144"
    "memorysetup-temp-allocator-size-gfx=262144"
Player connection [34132]  Target information:

Player connection [34132]  * "[IP] 172.30.1.85 [Port] 0 [Flags] 2 [Guid] 343854516 [EditorId] 343854516 [Version] 1048832 [Id] WindowsEditor(7,BOOK-U9ST4MTRDP) [Debug] 1 [PackageName] WindowsEditor [ProjectName] Editor" 

Player connection [34132] Host joined multi-casting on [225.0.0.222:54997]...
Player connection [34132] Host joined alternative multi-casting on [225.0.0.222:34997]...
[PhysX] Initialized MultithreadedTaskDispatcher with 18 workers.
Refreshing native plugins compatible for Editor in 9.29 ms, found 3 plugins.
Preloading 0 native plugins for Editor in 0.00 ms.
Initialize engine version: 2022.3.42f1 (2dcb6a0abc42)
[Subsystems] Discovering subsystems at path C:/Program Files/Unity/Hub/Editor/2022.3.42f1/Editor/Data/Resources/UnitySubsystems
[Subsystems] Discovering subsystems at path C:/Users/jongk/final_project/Assets
GfxDevice: creating device client; threaded=0; jobified=0
Direct3D:
    Version:  Direct3D 11.0 [level 11.1]
    Renderer: Intel(R) Arc(TM) Graphics (ID=0x7d55)
    Vendor:   Intel
    VRAM:     9099 MB
    Driver:   32.0.101.6874
Initialize mono
Mono path[0] = 'C:/Program Files/Unity/Hub/Editor/2022.3.42f1/Editor/Data/Managed'
Mono path[1] = 'C:/Program Files/Unity/Hub/Editor/2022.3.42f1/Editor/Data/MonoBleedingEdge/lib/mono/unityjit-win32'
Mono config path = 'C:/Program Files/Unity/Hub/Editor/2022.3.42f1/Editor/Data/MonoBleedingEdge/etc'
Using monoOptions --debugger-agent=transport=dt_socket,embedding=1,server=y,suspend=n,address=127.0.0.1:56908
Begin MonoManager ReloadAssembly
Registering precompiled unity dll's ...
Register platform support module: C:/Program Files/Unity/Hub/Editor/2022.3.42f1/Editor/Data/PlaybackEngines/WindowsStandaloneSupport/UnityEditor.WindowsStandalone.Extensions.dll
Registered in 0.010114 seconds.
- Loaded All Assemblies, in  0.688 seconds
Native extension for WindowsStandalone target not found
Mono: successfully reloaded assembly
- Finished resetting the current domain, in  0.668 seconds
Domain Reload Profiling: 1352ms
	BeginReloadAssembly (227ms)
		ExecutionOrderSort (0ms)
		DisableScriptedObjects (0ms)
		BackupInstance (0ms)
		ReleaseScriptingObjects (0ms)
		CreateAndSetChildDomain (1ms)
	RebuildCommonClasses (64ms)
	RebuildNativeTypeToScriptingClass (21ms)
	initialDomainReloadingComplete (119ms)
	LoadAllAssembliesAndSetupDomain (252ms)
		LoadAssemblies (224ms)
		RebuildTransferFunctionScriptingTraits (0ms)
		AnalyzeDomain (249ms)
			TypeCache.Refresh (246ms)
				TypeCache.ScanAssembly (223ms)
			ScanForSourceGeneratedMonoScriptInfo (1ms)
			ResolveRequiredComponents (1ms)
	FinalizeReload (669ms)
		ReleaseScriptCaches (0ms)
		RebuildScriptCaches (0ms)
		SetupLoadedEditorAssemblies (552ms)
			LogAssemblyErrors (0ms)
			InitializePlatformSupportModulesInManaged (24ms)
			SetLoadedEditorAssemblies (23ms)
			RefreshPlugins (0ms)
			BeforeProcessingInitializeOnLoad (8ms)
			ProcessInitializeOnLoadAttributes (380ms)
			ProcessInitializeOnLoadMethodAttributes (118ms)
			AfterProcessingInitializeOnLoad (0ms)
			EditorAssembliesLoaded (0ms)
		ExecutionOrderSort2 (0ms)
		AwakeInstancesAfterBackupRestoration (0ms)
========================================================================
Worker process is ready to serve import requests
Caller must complete domain reload
Begin MonoManager ReloadAssembly
- Loaded All Assemblies, in  1.194 seconds
Native extension for WindowsStandalone target not found
Mono: successfully reloaded assembly
- Finished resetting the current domain, in  1.589 seconds
Domain Reload Profiling: 2781ms
	BeginReloadAssembly (301ms)
		ExecutionOrderSort (0ms)
		DisableScriptedObjects (20ms)
		BackupInstance (0ms)
		ReleaseScriptingObjects (0ms)
		CreateAndSetChildDomain (40ms)
	RebuildCommonClasses (56ms)
	RebuildNativeTypeToScriptingClass (28ms)
	initialDomainReloadingComplete (70ms)
	LoadAllAssembliesAndSetupDomain (736ms)
		LoadAssemblies (602ms)
		RebuildTransferFunctionScriptingTraits (0ms)
		AnalyzeDomain (309ms)
			TypeCache.Refresh (265ms)
				TypeCache.ScanAssembly (247ms)
			ScanForSourceGeneratedMonoScriptInfo (31ms)
			ResolveRequiredComponents (9ms)
	FinalizeReload (1590ms)
		ReleaseScriptCaches (0ms)
		RebuildScriptCaches (0ms)
		SetupLoadedEditorAssemblies (1351ms)
			LogAssemblyErrors (0ms)
			InitializePlatformSupportModulesInManaged (14ms)
			SetLoadedEditorAssemblies (8ms)
			RefreshPlugins (0ms)
			BeforeProcessingInitializeOnLoad (178ms)
			ProcessInitializeOnLoadAttributes (1103ms)
			ProcessInitializeOnLoadMethodAttributes (40ms)
			AfterProcessingInitializeOnLoad (7ms)
			EditorAssembliesLoaded (0ms)
		ExecutionOrderSort2 (0ms)
		AwakeInstancesAfterBackupRestoration (11ms)
Launched and connected shader compiler UnityShaderCompiler.exe after 0.13 seconds
Refreshing native plugins compatible for Editor in 7.79 ms, found 3 plugins.
Preloading 0 native plugins for Editor in 0.00 ms.
Unloading 3244 Unused Serialized files (Serialized files now loaded: 0)
Unloading 19 unused Assets / (54.4 KB). Loaded Objects now: 3714.
Memory consumption went from 126.1 MB to 126.0 MB.
Total: 7.777900 ms (FindLiveObjects: 0.690100 ms CreateObjectMapping: 0.481300 ms MarkObjects: 6.452100 ms  DeleteObjects: 0.152000 ms)

AssetImportParameters requested are different than current active one (requested -> active):
  custom:container-demuxer-ogg: 62fdf1f143b41e24485cea50d1cbac27 -> 
  custom:video-codec-MediaFoundation-h265: 746d11721c4dcdbdad8f713fa42b33f4 -> 
  custom:video-decoder-ogg-theora: a1e56fd34408186e4bbccfd4996cb3dc -> 
  custom:framework-win-MediaFoundation: 216162199b28c13a410421893ffa2e32 -> 
  custom:CustomObjectIndexerAttribute: 9a22284fe3817be447336de3de66b15e -> 
  custom:container-demuxer-webm: 4f35f7cbe854078d1ac9338744f61a02 -> 
  custom:container-muxer-webm: aa71ff27fc2769a1b78a27578f13a17b -> 
  custom:video-decoder-webm-vp8: 9c59270c3fd7afecdb556c50c9e8de78 -> 
  custom:SearchIndexIgnoredProperties: e643bd26f0fe6173181afceb89e7c659 -> 
  custom:AudioImporter_EditorPlatform: d09bf68614088b80899f8185d706f6e7 -> 
  custom:video-encoder-webm-vp8: eb34c28f22e8b96e1ab97ce403110664 -> 
  custom:audio-decoder-ogg-vorbis: bf7c407c2cedff20999df2af8eb42d56 -> 
  custom:audio-encoder-webm-vorbis: bf7c407c2cedff20999df2af8eb42d56 -> 
========================================================================
Received Import Request.
  Time since last request: 89482.235305 seconds.
  path: Assets/npc_casual_set_00/Materials/mtl_npc_csl_shoe_01_00_02.mat
  artifactKey: Guid(84e86a3c0e83c1747814a3a5ecf8fff6) Importer(2089858483,0ecaa5967403d082aa24f35e1b516d23)
Start importing Assets/npc_casual_set_00/Materials/mtl_npc_csl_shoe_01_00_02.mat using Guid(84e86a3c0e83c1747814a3a5ecf8fff6) Importer(2089858483,0ecaa5967403d082aa24f35e1b516d23) [PhysX] Initialized MultithreadedTaskDispatcher with 18 workers.
 -> (artifact id: 'a2820529c96422dd7e92cfea2f7f97ac') in 0.254708 seconds
Number of updated asset objects reloaded before import = 0
Number of asset objects unloaded after import = 5
========================================================================
Received Import Request.
  Time since last request: 0.000055 seconds.
  path: Assets/npc_casual_set_00/Mesh/npc_haircut_d_01.fbx
  artifactKey: Guid(1c331bab91255334980c78217115db75) Importer(2089858483,0ecaa5967403d082aa24f35e1b516d23)
Start importing Assets/npc_casual_set_00/Mesh/npc_haircut_d_01.fbx using Guid(1c331bab91255334980c78217115db75) Importer(2089858483,0ecaa5967403d082aa24f35e1b516d23) [PhysX] Initialized MultithreadedTaskDispatcher with 18 workers.
 -> (artifact id: 'bf6879d0d9c51de5b94e23bed154d400') in 0.205085 seconds
Number of updated asset objects reloaded before import = 0
Number of asset objects unloaded after import = 141
========================================================================
Received Import Request.
  Time since last request: 0.000068 seconds.
  path: Assets/npc_casual_set_00/Materials/mtl_npc_hmn_face_01m_03_01.mat
  artifactKey: Guid(20d766ae627b93441a82a4b161642b6f) Importer(2089858483,0ecaa5967403d082aa24f35e1b516d23)
Start importing Assets/npc_casual_set_00/Materials/mtl_npc_hmn_face_01m_03_01.mat using Guid(20d766ae627b93441a82a4b161642b6f) Importer(2089858483,0ecaa5967403d082aa24f35e1b516d23) [PhysX] Initialized MultithreadedTaskDispatcher with 18 workers.
 -> (artifact id: '87bf12a67ad498d621dc070d4488ec05') in 0.099268 seconds
Number of updated asset objects reloaded before import = 0
Number of asset objects unloaded after import = 5
========================================================================
Received Import Request.
  Time since last request: 0.000187 seconds.
  path: Assets/npc_casual_set_00/Materials/mtl_npc_csl_shirtopenrolled_00f_01_01bw.mat
  artifactKey: Guid(95f8357e406b378418e468e68ee78049) Importer(2089858483,0ecaa5967403d082aa24f35e1b516d23)
Start importing Assets/npc_casual_set_00/Materials/mtl_npc_csl_shirtopenrolled_00f_01_01bw.mat using Guid(95f8357e406b378418e468e68ee78049) Importer(2089858483,0ecaa5967403d082aa24f35e1b516d23) [PhysX] Initialized MultithreadedTaskDispatcher with 18 workers.
 -> (artifact id: '64be64753e6547f07417d3b00226c229') in 0.080570 seconds
Number of updated asset objects reloaded before import = 0
Number of asset objects unloaded after import = 5
========================================================================
Received Import Request.
  Time since last request: 0.000037 seconds.
  path: Assets/npc_casual_set_00/Mesh/npc_csl_shirtopenrolled_00m.fbx
  artifactKey: Guid(842c11437b9150c4e9d09f1efd5e7340) Importer(2089858483,0ecaa5967403d082aa24f35e1b516d23)
Start importing Assets/npc_casual_set_00/Mesh/npc_csl_shirtopenrolled_00m.fbx using Guid(842c11437b9150c4e9d09f1efd5e7340) Importer(2089858483,0ecaa5967403d082aa24f35e1b516d23) [PhysX] Initialized MultithreadedTaskDispatcher with 18 workers.
 -> (artifact id: 'ff088573094a94f9490aebbb539b3ed7') in 0.133716 seconds
Number of updated asset objects reloaded before import = 0
Number of asset objects unloaded after import = 145
========================================================================
Received Import Request.
  Time since last request: 0.000078 seconds.
  path: Assets/npc_casual_set_00/Materials/mtl_npc_hair_11.mat
  artifactKey: Guid(7926c3c5a48fff94b8a971336c59cbcb) Importer(2089858483,0ecaa5967403d082aa24f35e1b516d23)
Start importing Assets/npc_casual_set_00/Materials/mtl_npc_hair_11.mat using Guid(7926c3c5a48fff94b8a971336c59cbcb) Importer(2089858483,0ecaa5967403d082aa24f35e1b516d23) [PhysX] Initialized MultithreadedTaskDispatcher with 18 workers.
 -> (artifact id: 'a7b6173751820d84a57d6ddb8dadd791') in 0.056598 seconds
Number of updated asset objects reloaded before import = 0
Number of asset objects unloaded after import = 5
========================================================================
Received Import Request.
  Time since last request: 0.000092 seconds.
  path: Assets/npc_casual_set_00/Materials/mtl_npc_csl_pants_00f_01_01bw.mat
  artifactKey: Guid(511f5b8ada1244648a2ee2362f795017) Importer(2089858483,0ecaa5967403d082aa24f35e1b516d23)
Start importing Assets/npc_casual_set_00/Materials/mtl_npc_csl_pants_00f_01_01bw.mat using Guid(511f5b8ada1244648a2ee2362f795017) Importer(2089858483,0ecaa5967403d082aa24f35e1b516d23) [PhysX] Initialized MultithreadedTaskDispatcher with 18 workers.
 -> (artifact id: '8b24ea8c30f7445212b83e6add240c26') in 0.101786 seconds
Number of updated asset objects reloaded before import = 0
Number of asset objects unloaded after import = 5
========================================================================
Received Import Request.
  Time since last request: 0.000057 seconds.
  path: Assets/npc_casual_set_00/Prefabs/npc_csl_00_character_01f_01.prefab
  artifactKey: Guid(b737903a0cefa1e4aa4c22e91c6ec5dd) Importer(2089858483,0ecaa5967403d082aa24f35e1b516d23)
Start importing Assets/npc_casual_set_00/Prefabs/npc_csl_00_character_01f_01.prefab using Guid(b737903a0cefa1e4aa4c22e91c6ec5dd) Importer(2089858483,0ecaa5967403d082aa24f35e1b516d23) [PhysX] Initialized MultithreadedTaskDispatcher with 18 workers.
 -> (artifact id: 'f98c4c8a5ab8362ff8860a129ec0d0f7') in 0.105025 seconds
Number of updated asset objects reloaded before import = 0
Number of asset objects unloaded after import = 680
========================================================================
Received Import Request.
  Time since last request: 0.000057 seconds.
  path: Assets/npc_casual_set_00/Materials/mtl_npc_csl_tshirt_00f_01_01bw.mat
  artifactKey: Guid(4cc5e598d4aa6864f830741f513753ce) Importer(2089858483,0ecaa5967403d082aa24f35e1b516d23)
Start importing Assets/npc_casual_set_00/Materials/mtl_npc_csl_tshirt_00f_01_01bw.mat using Guid(4cc5e598d4aa6864f830741f513753ce) Importer(2089858483,0ecaa5967403d082aa24f35e1b516d23) [PhysX] Initialized MultithreadedTaskDispatcher with 18 workers.
 -> (artifact id: 'd12eadd146c5e50a2eef9598835a42e7') in 0.127227 seconds
Number of updated asset objects reloaded before import = 0
Number of asset objects unloaded after import = 5
========================================================================
Received Import Request.
  Time since last request: 0.000197 seconds.
  path: Assets/npc_casual_set_00/Prefabs/npc_csl_pants_00f_01_02.prefab
  artifactKey: Guid(28dbbfab185b9f74fa31995ee3e5479b) Importer(2089858483,0ecaa5967403d082aa24f35e1b516d23)
Start importing Assets/npc_casual_set_00/Prefabs/npc_csl_pants_00f_01_02.prefab using Guid(28dbbfab185b9f74fa31995ee3e5479b) Importer(2089858483,0ecaa5967403d082aa24f35e1b516d23) [PhysX] Initialized MultithreadedTaskDispatcher with 18 workers.
 -> (artifact id: '8d24a9cc50ca498595f9aadfda596b5b') in 0.048614 seconds
Number of updated asset objects reloaded before import = 0
Number of asset objects unloaded after import = 283
========================================================================
Received Import Request.
  Time since last request: 0.000049 seconds.
  path: Assets/npc_casual_set_00/Prefabs/npc_csl_shirtopenrolled_00f_01_01bw.prefab
  artifactKey: Guid(8489658acca8ce44a8690a1a594c897f) Importer(2089858483,0ecaa5967403d082aa24f35e1b516d23)
Start importing Assets/npc_casual_set_00/Prefabs/npc_csl_shirtopenrolled_00f_01_01bw.prefab using Guid(8489658acca8ce44a8690a1a594c897f) Importer(2089858483,0ecaa5967403d082aa24f35e1b516d23) [PhysX] Initialized MultithreadedTaskDispatcher with 18 workers.
 -> (artifact id: 'e2c73bddc48651fa778afcdbc072853c') in 0.052416 seconds
Number of updated asset objects reloaded before import = 0
Number of asset objects unloaded after import = 283
========================================================================
Received Import Request.
  Time since last request: 0.000040 seconds.
  path: Assets/npc_casual_set_00/Prefabs/npc_csl_shirtopenrolled_00f_01_01.prefab
  artifactKey: Guid(bac8c06b1f23fda4595edd1a23c1fc65) Importer(2089858483,0ecaa5967403d082aa24f35e1b516d23)
Start importing Assets/npc_casual_set_00/Prefabs/npc_csl_shirtopenrolled_00f_01_01.prefab using Guid(bac8c06b1f23fda4595edd1a23c1fc65) Importer(2089858483,0ecaa5967403d082aa24f35e1b516d23) [PhysX] Initialized MultithreadedTaskDispatcher with 18 workers.
 -> (artifact id: 'a6558d75273f160ac59e8797b34e1ed9') in 0.071414 seconds
Number of updated asset objects reloaded before import = 0
Number of asset objects unloaded after import = 283
========================================================================
Received Import Request.
  Time since last request: 0.000041 seconds.
  path: Assets/npc_casual_set_00/Mesh/npc_hairfacial_b_01.fbx
  artifactKey: Guid(8de24695ed5d02f4ba76beecdbae77e7) Importer(2089858483,0ecaa5967403d082aa24f35e1b516d23)
Start importing Assets/npc_casual_set_00/Mesh/npc_hairfacial_b_01.fbx using Guid(8de24695ed5d02f4ba76beecdbae77e7) Importer(2089858483,0ecaa5967403d082aa24f35e1b516d23) [PhysX] Initialized MultithreadedTaskDispatcher with 18 workers.
 -> (artifact id: '60020baf3fea309b968146a2e964b1a4') in 0.128829 seconds
Number of updated asset objects reloaded before import = 0
Number of asset objects unloaded after import = 141
========================================================================
Received Import Request.
  Time since last request: 0.000325 seconds.
  path: Assets/npc_casual_set_00/Prefabs/npc_csl_shoe_01_00_02.prefab
  artifactKey: Guid(9727ec39093945e4a897b18bcf4a34ad) Importer(2089858483,0ecaa5967403d082aa24f35e1b516d23)
Start importing Assets/npc_casual_set_00/Prefabs/npc_csl_shoe_01_00_02.prefab using Guid(9727ec39093945e4a897b18bcf4a34ad) Importer(2089858483,0ecaa5967403d082aa24f35e1b516d23) [PhysX] Initialized MultithreadedTaskDispatcher with 18 workers.
 -> (artifact id: '097f8a8ba50f6a9497765e09be0e6dea') in 0.054573 seconds
Number of updated asset objects reloaded before import = 0
Number of asset objects unloaded after import = 275
========================================================================
Received Import Request.
  Time since last request: 0.000059 seconds.
  path: Assets/npc_casual_set_00/Prefabs/npc_csl_tshirt_00f_01_01.prefab
  artifactKey: Guid(61dfc64d2d9326c44bd5ed01e224b1a3) Importer(2089858483,0ecaa5967403d082aa24f35e1b516d23)
Start importing Assets/npc_casual_set_00/Prefabs/npc_csl_tshirt_00f_01_01.prefab using Guid(61dfc64d2d9326c44bd5ed01e224b1a3) Importer(2089858483,0ecaa5967403d082aa24f35e1b516d23) [PhysX] Initialized MultithreadedTaskDispatcher with 18 workers.
 -> (artifact id: 'da33424a7e28f2191cb40df1b1aa5312') in 0.060675 seconds
Number of updated asset objects reloaded before import = 0
Number of asset objects unloaded after import = 283
========================================================================
Received Import Request.
  Time since last request: 0.000050 seconds.
  path: Assets/npc_casual_set_00/Materials/mtl_npc_hmn_face_01f_03_01.mat
  artifactKey: Guid(b15dec6484deaa644a499c72587660cf) Importer(2089858483,0ecaa5967403d082aa24f35e1b516d23)
Start importing Assets/npc_casual_set_00/Materials/mtl_npc_hmn_face_01f_03_01.mat using Guid(b15dec6484deaa644a499c72587660cf) Importer(2089858483,0ecaa5967403d082aa24f35e1b516d23) [PhysX] Initialized MultithreadedTaskDispatcher with 18 workers.
 -> (artifact id: 'b338e30529eeed4833f0bb1998407f2b') in 0.094465 seconds
Number of updated asset objects reloaded before import = 0
Number of asset objects unloaded after import = 5
========================================================================
Received Import Request.
  Time since last request: 0.000061 seconds.
  path: Assets/npc_casual_set_00/Prefabs/npc_csl_00_character_02f_01.prefab
  artifactKey: Guid(705225bb2a214a448b1dd2aefedb1af6) Importer(2089858483,0ecaa5967403d082aa24f35e1b516d23)
Start importing Assets/npc_casual_set_00/Prefabs/npc_csl_00_character_02f_01.prefab using Guid(705225bb2a214a448b1dd2aefedb1af6) Importer(2089858483,0ecaa5967403d082aa24f35e1b516d23) [PhysX] Initialized MultithreadedTaskDispatcher with 18 workers.
 -> (artifact id: '1b9491dd11c6dc6583c6a8f6f65bb2fb') in 0.122985 seconds
Number of updated asset objects reloaded before import = 0
Number of asset objects unloaded after import = 743
========================================================================
Received Import Request.
  Time since last request: 0.000048 seconds.
  path: Assets/npc_casual_set_00/Prefabs/npc_csl_shirtopenrolled_00m_01_02bw.prefab
  artifactKey: Guid(1e08b55909493934282316169118115f) Importer(2089858483,0ecaa5967403d082aa24f35e1b516d23)
Start importing Assets/npc_casual_set_00/Prefabs/npc_csl_shirtopenrolled_00m_01_02bw.prefab using Guid(1e08b55909493934282316169118115f) Importer(2089858483,0ecaa5967403d082aa24f35e1b516d23) [PhysX] Initialized MultithreadedTaskDispatcher with 18 workers.
 -> (artifact id: '1732e3cc3381ec9111ffbd905a3389ea') in 0.055006 seconds
Number of updated asset objects reloaded before import = 0
Number of asset objects unloaded after import = 283
========================================================================
Received Import Request.
  Time since last request: 0.000083 seconds.
  path: Assets/npc_casual_set_00/Prefabs/npc_csl_00_character_01m_03.prefab
  artifactKey: Guid(cf2b27186d52fd6438fd5fc2791f3f3d) Importer(2089858483,0ecaa5967403d082aa24f35e1b516d23)
Start importing Assets/npc_casual_set_00/Prefabs/npc_csl_00_character_01m_03.prefab using Guid(cf2b27186d52fd6438fd5fc2791f3f3d) Importer(2089858483,0ecaa5967403d082aa24f35e1b516d23) [PhysX] Initialized MultithreadedTaskDispatcher with 18 workers.
 -> (artifact id: '54f253ece2463fa59635d0cc46df521d') in 0.096112 seconds
Number of updated asset objects reloaded before import = 0
Number of asset objects unloaded after import = 680
========================================================================
Received Import Request.
  Time since last request: 0.000045 seconds.
  path: Assets/npc_casual_set_00/Prefabs/npc_csl_pants_00f_01_01.prefab
  artifactKey: Guid(45be5766cb6a6bc4880f2d5c309bda72) Importer(2089858483,0ecaa5967403d082aa24f35e1b516d23)
Start importing Assets/npc_casual_set_00/Prefabs/npc_csl_pants_00f_01_01.prefab using Guid(45be5766cb6a6bc4880f2d5c309bda72) Importer(2089858483,0ecaa5967403d082aa24f35e1b516d23) [PhysX] Initialized MultithreadedTaskDispatcher with 18 workers.
 -> (artifact id: 'e7514a85c5539cbef903cc2f7f026feb') in 0.052257 seconds
Number of updated asset objects reloaded before import = 0
Number of asset objects unloaded after import = 283
========================================================================
Received Import Request.
  Time since last request: 0.000039 seconds.
  path: Assets/npc_casual_set_00/Mesh/npc_haircut_a_03.fbx
  artifactKey: Guid(a628400937de95a4292762abb43a2481) Importer(2089858483,0ecaa5967403d082aa24f35e1b516d23)
Start importing Assets/npc_casual_set_00/Mesh/npc_haircut_a_03.fbx using Guid(a628400937de95a4292762abb43a2481) Importer(2089858483,0ecaa5967403d082aa24f35e1b516d23) [PhysX] Initialized MultithreadedTaskDispatcher with 18 workers.
 -> (artifact id: '850f22570df5577c837b855260c37051') in 0.106576 seconds
Number of updated asset objects reloaded before import = 0
Number of asset objects unloaded after import = 141
========================================================================
Received Import Request.
  Time since last request: 0.000048 seconds.
  path: Assets/npc_casual_set_00/Prefabs/npc_hairfacial_b_01.prefab
  artifactKey: Guid(06318a5febaf3344db3b500429920304) Importer(2089858483,0ecaa5967403d082aa24f35e1b516d23)
Start importing Assets/npc_casual_set_00/Prefabs/npc_hairfacial_b_01.prefab using Guid(06318a5febaf3344db3b500429920304) Importer(2089858483,0ecaa5967403d082aa24f35e1b516d23) [PhysX] Initialized MultithreadedTaskDispatcher with 18 workers.
 -> (artifact id: 'abdd13501c69567a06fc1fa291619c38') in 0.054880 seconds
Number of updated asset objects reloaded before import = 0
Number of asset objects unloaded after import = 275
========================================================================
Received Import Request.
  Time since last request: 0.000087 seconds.
  path: Assets/npc_casual_set_00/Textures/npc_csl_shirtopenrolled_00f_01_01_c.tif
  artifactKey: Guid(fbfee932441d63d4ca54ba9224c7e041) Importer(2089858483,0ecaa5967403d082aa24f35e1b516d23)
Start importing Assets/npc_casual_set_00/Textures/npc_csl_shirtopenrolled_00f_01_01_c.tif using Guid(fbfee932441d63d4ca54ba9224c7e041) Importer(2089858483,0ecaa5967403d082aa24f35e1b516d23) [PhysX] Initialized MultithreadedTaskDispatcher with 18 workers.
 -> (artifact id: '8582f409428e3fad225b7a2d308d026d') in 0.208475 seconds
Number of updated asset objects reloaded before import = 0
Number of asset objects unloaded after import = 1
========================================================================
Received Import Request.
  Time since last request: 0.000113 seconds.
  path: Assets/npc_casual_set_00/Textures/npc_csl_shirtopenrolled_00f_01_02_c.tif
  artifactKey: Guid(aa4fc7a85c675fb48a20039c91ac4a99) Importer(2089858483,0ecaa5967403d082aa24f35e1b516d23)
Start importing Assets/npc_casual_set_00/Textures/npc_csl_shirtopenrolled_00f_01_02_c.tif using Guid(aa4fc7a85c675fb48a20039c91ac4a99) Importer(2089858483,0ecaa5967403d082aa24f35e1b516d23) [PhysX] Initialized MultithreadedTaskDispatcher with 18 workers.
 -> (artifact id: '8d73056239c8f337627092c3989b15b0') in 0.093257 seconds
Number of updated asset objects reloaded before import = 0
Number of asset objects unloaded after import = 1
========================================================================
Received Import Request.
  Time since last request: 0.000840 seconds.
  path: Assets/npc_casual_set_00/Prefabs/npc_haircut_e_01.prefab
  artifactKey: Guid(245e71a87f818a24a8161ef895243639) Importer(2089858483,0ecaa5967403d082aa24f35e1b516d23)
Start importing Assets/npc_casual_set_00/Prefabs/npc_haircut_e_01.prefab using Guid(245e71a87f818a24a8161ef895243639) Importer(2089858483,0ecaa5967403d082aa24f35e1b516d23) [PhysX] Initialized MultithreadedTaskDispatcher with 18 workers.
 -> (artifact id: 'a4f96268b3a7e41f0a1055d25136cf5c') in 0.059011 seconds
Number of updated asset objects reloaded before import = 0
Number of asset objects unloaded after import = 275
========================================================================
Received Import Request.
  Time since last request: 0.000082 seconds.
  path: Assets/npc_casual_set_00/Prefabs/npc_hairfacial_a_01.prefab
  artifactKey: Guid(23bad8317dd1d6e4c9736a9325ae075d) Importer(2089858483,0ecaa5967403d082aa24f35e1b516d23)
Start importing Assets/npc_casual_set_00/Prefabs/npc_hairfacial_a_01.prefab using Guid(23bad8317dd1d6e4c9736a9325ae075d) Importer(2089858483,0ecaa5967403d082aa24f35e1b516d23) [PhysX] Initialized MultithreadedTaskDispatcher with 18 workers.
 -> (artifact id: '2ae96e701a9d38edb40786d41814ce5e') in 0.054541 seconds
Number of updated asset objects reloaded before import = 0
Number of asset objects unloaded after import = 275
========================================================================
Received Import Request.
  Time since last request: 0.000043 seconds.
  path: Assets/npc_casual_set_00/Prefabs/npc_haircut_c_02.prefab
  artifactKey: Guid(63d9c0478d9d8ec41a1b412150d36c14) Importer(2089858483,0ecaa5967403d082aa24f35e1b516d23)
Start importing Assets/npc_casual_set_00/Prefabs/npc_haircut_c_02.prefab using Guid(63d9c0478d9d8ec41a1b412150d36c14) Importer(2089858483,0ecaa5967403d082aa24f35e1b516d23) [PhysX] Initialized MultithreadedTaskDispatcher with 18 workers.
 -> (artifact id: 'b7a39653cb0c0f4ba51708fbeee522c6') in 0.055482 seconds
Number of updated asset objects reloaded before import = 0
Number of asset objects unloaded after import = 275
========================================================================
Received Import Request.
  Time since last request: 0.000066 seconds.
  path: Assets/npc_casual_set_00/Prefabs/npc_haircut_a_03.prefab
  artifactKey: Guid(0a94e85d498635540b4ea2f0eb23f5ac) Importer(2089858483,0ecaa5967403d082aa24f35e1b516d23)
Start importing Assets/npc_casual_set_00/Prefabs/npc_haircut_a_03.prefab using Guid(0a94e85d498635540b4ea2f0eb23f5ac) Importer(2089858483,0ecaa5967403d082aa24f35e1b516d23) [PhysX] Initialized MultithreadedTaskDispatcher with 18 workers.
 -> (artifact id: 'b07739ee9bba3d799619a7a76744a6c2') in 0.074468 seconds
Number of updated asset objects reloaded before import = 0
Number of asset objects unloaded after import = 275
========================================================================
Received Import Request.
  Time since last request: 0.000056 seconds.
  path: Assets/npc_casual_set_00/Textures/npc_csl_shirtopenrolled_00f_01_01_m.tif
  artifactKey: Guid(4807039e97cba6846886cb7d4fb23d23) Importer(2089858483,0ecaa5967403d082aa24f35e1b516d23)
Start importing Assets/npc_casual_set_00/Textures/npc_csl_shirtopenrolled_00f_01_01_m.tif using Guid(4807039e97cba6846886cb7d4fb23d23) Importer(2089858483,0ecaa5967403d082aa24f35e1b516d23) [PhysX] Initialized MultithreadedTaskDispatcher with 18 workers.
 -> (artifact id: 'e14969fa8b44f86732839628eeb2f2a9') in 0.085007 seconds
Number of updated asset objects reloaded before import = 0
Number of asset objects unloaded after import = 1
========================================================================
Received Import Request.
  Time since last request: 0.000141 seconds.
  path: Assets/npc_casual_set_00/Prefabs/npc_csl_tshirt_00m_01_02bw.prefab
  artifactKey: Guid(3d1b8038c5bef6f4fa9310db8e074676) Importer(2089858483,0ecaa5967403d082aa24f35e1b516d23)
Start importing Assets/npc_casual_set_00/Prefabs/npc_csl_tshirt_00m_01_02bw.prefab using Guid(3d1b8038c5bef6f4fa9310db8e074676) Importer(2089858483,0ecaa5967403d082aa24f35e1b516d23) [PhysX] Initialized MultithreadedTaskDispatcher with 18 workers.
 -> (artifact id: '8299ff58969ba37f7d33768dd1af774c') in 0.066356 seconds
Number of updated asset objects reloaded before import = 0
Number of asset objects unloaded after import = 283
========================================================================
Received Import Request.
  Time since last request: 0.000046 seconds.
  path: Assets/npc_casual_set_00/Textures/npc_csl_shirtopenrolled_00f_01_01bw_c.tif
  artifactKey: Guid(9c68360ac20b0c249b2193b20a527873) Importer(2089858483,0ecaa5967403d082aa24f35e1b516d23)
Start importing Assets/npc_casual_set_00/Textures/npc_csl_shirtopenrolled_00f_01_01bw_c.tif using Guid(9c68360ac20b0c249b2193b20a527873) Importer(2089858483,0ecaa5967403d082aa24f35e1b516d23) [PhysX] Initialized MultithreadedTaskDispatcher with 18 workers.
 -> (artifact id: 'afe1b9cc9f3c7fb4ad47083beed15331') in 0.083186 seconds
Number of updated asset objects reloaded before import = 0
Number of asset objects unloaded after import = 1
========================================================================
Received Import Request.
  Time since last request: 0.000107 seconds.
  path: Assets/npc_casual_set_00/Prefabs/npc_csl_pants_00m_01_01.prefab
  artifactKey: Guid(4cc6d2e44d2da42408fa9c2e6190abfd) Importer(2089858483,0ecaa5967403d082aa24f35e1b516d23)
Start importing Assets/npc_casual_set_00/Prefabs/npc_csl_pants_00m_01_01.prefab using Guid(4cc6d2e44d2da42408fa9c2e6190abfd) Importer(2089858483,0ecaa5967403d082aa24f35e1b516d23) [PhysX] Initialized MultithreadedTaskDispatcher with 18 workers.
 -> (artifact id: '7d6141b109960b256053ec94ab7d3e6a') in 0.062192 seconds
Number of updated asset objects reloaded before import = 0
Number of asset objects unloaded after import = 283
========================================================================
Received Import Request.
  Time since last request: 0.000073 seconds.
  path: Assets/npc_casual_set_00/Materials/mtl_npc_csl_pants_00f_01_03.mat
  artifactKey: Guid(50df0fd5575741b4a99c825dac1c4d40) Importer(2089858483,0ecaa5967403d082aa24f35e1b516d23)
Start importing Assets/npc_casual_set_00/Materials/mtl_npc_csl_pants_00f_01_03.mat using Guid(50df0fd5575741b4a99c825dac1c4d40) Importer(2089858483,0ecaa5967403d082aa24f35e1b516d23) [PhysX] Initialized MultithreadedTaskDispatcher with 18 workers.
 -> (artifact id: 'adef0d68fc1fa2c3f0ea3d0e331e8b75') in 0.131891 seconds
Number of updated asset objects reloaded before import = 0
Number of asset objects unloaded after import = 5
========================================================================
Received Import Request.
  Time since last request: 0.000125 seconds.
  path: Assets/npc_casual_set_00/Textures/npc_hair_01_m.tif
  artifactKey: Guid(17304a7bef9b667498fdd79598c6507a) Importer(2089858483,0ecaa5967403d082aa24f35e1b516d23)
Start importing Assets/npc_casual_set_00/Textures/npc_hair_01_m.tif using Guid(17304a7bef9b667498fdd79598c6507a) Importer(2089858483,0ecaa5967403d082aa24f35e1b516d23) [PhysX] Initialized MultithreadedTaskDispatcher with 18 workers.
 -> (artifact id: '0484840ffa51699732e9b634f95b7b9b') in 0.080299 seconds
Number of updated asset objects reloaded before import = 0
Number of asset objects unloaded after import = 1
========================================================================
Received Import Request.
  Time since last request: 0.000226 seconds.
  path: Assets/npc_casual_set_00/Textures/npc_csl_tshirt_00f_01_02bw.tif
  artifactKey: Guid(620a7179ed5ad8f4a8fe3e14cad67267) Importer(2089858483,0ecaa5967403d082aa24f35e1b516d23)
Start importing Assets/npc_casual_set_00/Textures/npc_csl_tshirt_00f_01_02bw.tif using Guid(620a7179ed5ad8f4a8fe3e14cad67267) Importer(2089858483,0ecaa5967403d082aa24f35e1b516d23) [PhysX] Initialized MultithreadedTaskDispatcher with 18 workers.
 -> (artifact id: '2b7aa0e2260c473c707b7761eb52e98d') in 0.080581 seconds
Number of updated asset objects reloaded before import = 0
Number of asset objects unloaded after import = 1
========================================================================
Received Import Request.
  Time since last request: 0.000499 seconds.
  path: Assets/npc_casual_set_00/Textures/npc_csl_shoe_01_00_01_c.tif
  artifactKey: Guid(52b0cb456a1fcdd43b5f9abc55408288) Importer(2089858483,0ecaa5967403d082aa24f35e1b516d23)
Start importing Assets/npc_casual_set_00/Textures/npc_csl_shoe_01_00_01_c.tif using Guid(52b0cb456a1fcdd43b5f9abc55408288) Importer(2089858483,0ecaa5967403d082aa24f35e1b516d23) [PhysX] Initialized MultithreadedTaskDispatcher with 18 workers.
 -> (artifact id: '2ef2652b35f922b171217db3e4e4ca38') in 0.082609 seconds
Number of updated asset objects reloaded before import = 0
Number of asset objects unloaded after import = 1
========================================================================
Received Import Request.
  Time since last request: 0.000181 seconds.
  path: Assets/npc_casual_set_00/Textures/npc_csl_tshirt_00f_01_03_c.tif
  artifactKey: Guid(8304fa832d23f394fb685954702a5a07) Importer(2089858483,0ecaa5967403d082aa24f35e1b516d23)
Start importing Assets/npc_casual_set_00/Textures/npc_csl_tshirt_00f_01_03_c.tif using Guid(8304fa832d23f394fb685954702a5a07) Importer(2089858483,0ecaa5967403d082aa24f35e1b516d23) [PhysX] Initialized MultithreadedTaskDispatcher with 18 workers.
 -> (artifact id: '3fab729063066ddecd55798a6d34f5d7') in 0.103463 seconds
Number of updated asset objects reloaded before import = 0
Number of asset objects unloaded after import = 1
========================================================================
Received Import Request.
  Time since last request: 0.000183 seconds.
  path: Assets/npc_casual_set_00/Materials/mtl_npc_hmn_face_01m_01_01.mat
  artifactKey: Guid(846a97d8aaab99b48880e1f033f3c564) Importer(2089858483,0ecaa5967403d082aa24f35e1b516d23)
Start importing Assets/npc_casual_set_00/Materials/mtl_npc_hmn_face_01m_01_01.mat using Guid(846a97d8aaab99b48880e1f033f3c564) Importer(2089858483,0ecaa5967403d082aa24f35e1b516d23) [PhysX] Initialized MultithreadedTaskDispatcher with 18 workers.
 -> (artifact id: 'fd54d4c78f0bd2985b8a4286c7d152c4') in 0.060230 seconds
Number of updated asset objects reloaded before import = 0
Number of asset objects unloaded after import = 5
========================================================================
Received Import Request.
  Time since last request: 0.000037 seconds.
  path: Assets/npc_casual_set_00/Prefabs/npc_hairfacial_d_01.prefab
  artifactKey: Guid(3a98cade798658d4293b526ef111521f) Importer(2089858483,0ecaa5967403d082aa24f35e1b516d23)
Start importing Assets/npc_casual_set_00/Prefabs/npc_hairfacial_d_01.prefab using Guid(3a98cade798658d4293b526ef111521f) Importer(2089858483,0ecaa5967403d082aa24f35e1b516d23) [PhysX] Initialized MultithreadedTaskDispatcher with 18 workers.
 -> (artifact id: 'e11b1d1664df14a64e72dd41a961d29e') in 0.059216 seconds
Number of updated asset objects reloaded before import = 0
Number of asset objects unloaded after import = 275
========================================================================
Received Import Request.
  Time since last request: 0.000052 seconds.
  path: Assets/npc_casual_set_00/Prefabs/npc_csl_tshirt_00f_01_03.prefab
  artifactKey: Guid(8c96ef8f2ad32a740a2e4bca7ed8ea84) Importer(2089858483,0ecaa5967403d082aa24f35e1b516d23)
Start importing Assets/npc_casual_set_00/Prefabs/npc_csl_tshirt_00f_01_03.prefab using Guid(8c96ef8f2ad32a740a2e4bca7ed8ea84) Importer(2089858483,0ecaa5967403d082aa24f35e1b516d23) [PhysX] Initialized MultithreadedTaskDispatcher with 18 workers.
 -> (artifact id: '08b7694f2467d6d431196ce25ff38bb7') in 0.053255 seconds
Number of updated asset objects reloaded before import = 0
Number of asset objects unloaded after import = 283
========================================================================
Received Import Request.
  Time since last request: 0.000085 seconds.
  path: Assets/npc_casual_set_00/Materials/mtl_npc_hair_02.mat
  artifactKey: Guid(612df7d55f5d0a548a224d39ac2c9bd7) Importer(2089858483,0ecaa5967403d082aa24f35e1b516d23)
Start importing Assets/npc_casual_set_00/Materials/mtl_npc_hair_02.mat using Guid(612df7d55f5d0a548a224d39ac2c9bd7) Importer(2089858483,0ecaa5967403d082aa24f35e1b516d23) [PhysX] Initialized MultithreadedTaskDispatcher with 18 workers.
 -> (artifact id: '6c5d47ff873ee2320b9258219ba80197') in 0.058550 seconds
Number of updated asset objects reloaded before import = 0
Number of asset objects unloaded after import = 5
========================================================================
Received Import Request.
  Time since last request: 0.000064 seconds.
  path: Assets/npc_casual_set_00/Prefabs/npc_haircut_d_01.prefab
  artifactKey: Guid(90ff1d82f648f9c4bbe5c38b8d9c1da1) Importer(2089858483,0ecaa5967403d082aa24f35e1b516d23)
Start importing Assets/npc_casual_set_00/Prefabs/npc_haircut_d_01.prefab using Guid(90ff1d82f648f9c4bbe5c38b8d9c1da1) Importer(2089858483,0ecaa5967403d082aa24f35e1b516d23) [PhysX] Initialized MultithreadedTaskDispatcher with 18 workers.
 -> (artifact id: '1f97bf8a46893d84cfa31a26c6819720') in 0.053550 seconds
Number of updated asset objects reloaded before import = 0
Number of asset objects unloaded after import = 275
========================================================================
Received Import Request.
  Time since last request: 0.000067 seconds.
  path: Assets/npc_casual_set_00/Prefabs/npc_csl_shirtopenrolled_00f_01_02bw.prefab
  artifactKey: Guid(23fc47e136f55974c91d842f7c5449f1) Importer(2089858483,0ecaa5967403d082aa24f35e1b516d23)
Start importing Assets/npc_casual_set_00/Prefabs/npc_csl_shirtopenrolled_00f_01_02bw.prefab using Guid(23fc47e136f55974c91d842f7c5449f1) Importer(2089858483,0ecaa5967403d082aa24f35e1b516d23) [PhysX] Initialized MultithreadedTaskDispatcher with 18 workers.
 -> (artifact id: '2a5cd2356fe8b88e5e9eea00b578ef89') in 0.060130 seconds
Number of updated asset objects reloaded before import = 0
Number of asset objects unloaded after import = 283
========================================================================
Received Import Request.
  Time since last request: 0.000068 seconds.
  path: Assets/npc_casual_set_00/Materials/mtl_npc_hmn_face_01f_01_01.mat
  artifactKey: Guid(311ae7a211bbedf4386254d0f4e5239d) Importer(2089858483,0ecaa5967403d082aa24f35e1b516d23)
Start importing Assets/npc_casual_set_00/Materials/mtl_npc_hmn_face_01f_01_01.mat using Guid(311ae7a211bbedf4386254d0f4e5239d) Importer(2089858483,0ecaa5967403d082aa24f35e1b516d23) [PhysX] Initialized MultithreadedTaskDispatcher with 18 workers.
 -> (artifact id: '70602806f7f1020c46935baa178bf66d') in 0.077844 seconds
Number of updated asset objects reloaded before import = 0
Number of asset objects unloaded after import = 5
========================================================================
Received Import Request.
  Time since last request: 0.000057 seconds.
  path: Assets/nappin/OfficeEssentialsPack/OfficeEssentialsPack.unity
  artifactKey: Guid(c38b8c3d12f01ea42a99e3e18ddb2be0) Importer(2089858483,0ecaa5967403d082aa24f35e1b516d23)
Start importing Assets/nappin/OfficeEssentialsPack/OfficeEssentialsPack.unity using Guid(c38b8c3d12f01ea42a99e3e18ddb2be0) Importer(2089858483,0ecaa5967403d082aa24f35e1b516d23) [PhysX] Initialized MultithreadedTaskDispatcher with 18 workers.
 -> (artifact id: 'bddccfb259ef26d9bd523ee8c93b07de') in 0.041180 seconds
Number of updated asset objects reloaded before import = 0
Number of asset objects unloaded after import = 1
========================================================================
Received Import Request.
  Time since last request: 0.000161 seconds.
  path: Assets/npc_casual_set_00/Mesh/npc_hairfacial_a_01.fbx
  artifactKey: Guid(466f60274cb30d6468231824db3101bf) Importer(2089858483,0ecaa5967403d082aa24f35e1b516d23)
Start importing Assets/npc_casual_set_00/Mesh/npc_hairfacial_a_01.fbx using Guid(466f60274cb30d6468231824db3101bf) Importer(2089858483,0ecaa5967403d082aa24f35e1b516d23) [PhysX] Initialized MultithreadedTaskDispatcher with 18 workers.
 -> (artifact id: '7c4ebb9d06d8d223720eee7e8ae247de') in 0.125486 seconds
Number of updated asset objects reloaded before import = 0
Number of asset objects unloaded after import = 141
========================================================================
Received Import Request.
  Time since last request: 0.000061 seconds.
  path: Assets/npc_casual_set_00/Textures/npc_hmn_face_01f_04_01_msk.tif
  artifactKey: Guid(894c62f1182d36f46bb0eae99f1a6d7b) Importer(2089858483,0ecaa5967403d082aa24f35e1b516d23)
Start importing Assets/npc_casual_set_00/Textures/npc_hmn_face_01f_04_01_msk.tif using Guid(894c62f1182d36f46bb0eae99f1a6d7b) Importer(2089858483,0ecaa5967403d082aa24f35e1b516d23) [PhysX] Initialized MultithreadedTaskDispatcher with 18 workers.
 -> (artifact id: 'eff65d7dd68b57313857ce65fb6b83ae') in 0.075794 seconds
Number of updated asset objects reloaded before import = 0
Number of asset objects unloaded after import = 1
========================================================================
Received Import Request.
  Time since last request: 0.000059 seconds.
  path: Assets/npc_casual_set_00/Textures/npc_hmn_face_01f_01_01_msk.tif
  artifactKey: Guid(140143c4af90e2546a72e39c34b74fb5) Importer(2089858483,0ecaa5967403d082aa24f35e1b516d23)
Start importing Assets/npc_casual_set_00/Textures/npc_hmn_face_01f_01_01_msk.tif using Guid(140143c4af90e2546a72e39c34b74fb5) Importer(2089858483,0ecaa5967403d082aa24f35e1b516d23) [PhysX] Initialized MultithreadedTaskDispatcher with 18 workers.
 -> (artifact id: '9f1ac4a16488c5bdc63dd03ea3c90178') in 0.077296 seconds
Number of updated asset objects reloaded before import = 0
Number of asset objects unloaded after import = 1
========================================================================
Received Import Request.
  Time since last request: 0.000068 seconds.
  path: Assets/npc_casual_set_00/Textures/npc_hmn_face_01f_03_01_c.tif
  artifactKey: Guid(8b42d7c91f5d6b545bf9c26b456386e3) Importer(2089858483,0ecaa5967403d082aa24f35e1b516d23)
Start importing Assets/npc_casual_set_00/Textures/npc_hmn_face_01f_03_01_c.tif using Guid(8b42d7c91f5d6b545bf9c26b456386e3) Importer(2089858483,0ecaa5967403d082aa24f35e1b516d23) [PhysX] Initialized MultithreadedTaskDispatcher with 18 workers.
 -> (artifact id: 'aa0cba6a7732be5fc0e754bc44ea7398') in 0.070114 seconds
Number of updated asset objects reloaded before import = 0
Number of asset objects unloaded after import = 1
========================================================================
Received Import Request.
  Time since last request: 0.000572 seconds.
  path: Assets/npc_casual_set_00/Textures/npc_hmn_face_01f_02_01_n.tif
  artifactKey: Guid(c2464b8cafb769648b515529b7109892) Importer(2089858483,0ecaa5967403d082aa24f35e1b516d23)
Start importing Assets/npc_casual_set_00/Textures/npc_hmn_face_01f_02_01_n.tif using Guid(c2464b8cafb769648b515529b7109892) Importer(2089858483,0ecaa5967403d082aa24f35e1b516d23) [PhysX] Initialized MultithreadedTaskDispatcher with 18 workers.
 -> (artifact id: 'b754710949a6624d6077cfb74d4c9bc4') in 0.079291 seconds
Number of updated asset objects reloaded before import = 0
Number of asset objects unloaded after import = 1
========================================================================
Received Import Request.
  Time since last request: 0.000058 seconds.
  path: Assets/npc_casual_set_00/Textures/npc_hmn_face_01f_01_01_m.tif
  artifactKey: Guid(ae05d727f7863a54eaf2b94f08adc477) Importer(2089858483,0ecaa5967403d082aa24f35e1b516d23)
Start importing Assets/npc_casual_set_00/Textures/npc_hmn_face_01f_01_01_m.tif using Guid(ae05d727f7863a54eaf2b94f08adc477) Importer(2089858483,0ecaa5967403d082aa24f35e1b516d23) [PhysX] Initialized MultithreadedTaskDispatcher with 18 workers.
 -> (artifact id: 'b97a8c131fea564e1f052ecc024a6c16') in 0.088715 seconds
Number of updated asset objects reloaded before import = 0
Number of asset objects unloaded after import = 1
========================================================================
Received Import Request.
  Time since last request: 0.000375 seconds.
  path: Assets/npc_casual_set_00/Textures/npc_hmn_body_01m_01_01_o.tif
  artifactKey: Guid(444656238b316674c9ac36691cf77785) Importer(2089858483,0ecaa5967403d082aa24f35e1b516d23)
Start importing Assets/npc_casual_set_00/Textures/npc_hmn_body_01m_01_01_o.tif using Guid(444656238b316674c9ac36691cf77785) Importer(2089858483,0ecaa5967403d082aa24f35e1b516d23) [PhysX] Initialized MultithreadedTaskDispatcher with 18 workers.
 -> (artifact id: 'caba29d55f028d7e72d792d6d1b956fd') in 0.093298 seconds
Number of updated asset objects reloaded before import = 0
Number of asset objects unloaded after import = 1
========================================================================
Received Import Request.
  Time since last request: 0.000528 seconds.
  path: Assets/npc_casual_set_00/Textures/npc_hmn_face_01f_04_01_m.tif
  artifactKey: Guid(8d2b1dcfd2db29c4881137da70259023) Importer(2089858483,0ecaa5967403d082aa24f35e1b516d23)
Start importing Assets/npc_casual_set_00/Textures/npc_hmn_face_01f_04_01_m.tif using Guid(8d2b1dcfd2db29c4881137da70259023) Importer(2089858483,0ecaa5967403d082aa24f35e1b516d23) [PhysX] Initialized MultithreadedTaskDispatcher with 18 workers.
 -> (artifact id: 'deb667ccec6975baddfd6afae3f7643d') in 0.080923 seconds
Number of updated asset objects reloaded before import = 0
Number of asset objects unloaded after import = 1
========================================================================
Received Import Request.
  Time since last request: 0.000244 seconds.
  path: Assets/npc_casual_set_00/Textures/npc_hmn_face_01f_04_01_c.tif
  artifactKey: Guid(2b40322d9db08d4458063fc1ec3d0cbc) Importer(2089858483,0ecaa5967403d082aa24f35e1b516d23)
Start importing Assets/npc_casual_set_00/Textures/npc_hmn_face_01f_04_01_c.tif using Guid(2b40322d9db08d4458063fc1ec3d0cbc) Importer(2089858483,0ecaa5967403d082aa24f35e1b516d23) [PhysX] Initialized MultithreadedTaskDispatcher with 18 workers.
 -> (artifact id: 'afa1245da1ed8ac1d5159e9d95132256') in 0.095205 seconds
Number of updated asset objects reloaded before import = 0
Number of asset objects unloaded after import = 1
========================================================================
Received Import Request.
  Time since last request: 0.000246 seconds.
  path: Assets/npc_casual_set_00/Prefabs/npc_csl_00_character_02m_03.prefab
  artifactKey: Guid(7ff7e096ac295fb4b84d7d2a573bd046) Importer(2089858483,0ecaa5967403d082aa24f35e1b516d23)
Start importing Assets/npc_casual_set_00/Prefabs/npc_csl_00_character_02m_03.prefab using Guid(7ff7e096ac295fb4b84d7d2a573bd046) Importer(2089858483,0ecaa5967403d082aa24f35e1b516d23) [PhysX] Initialized MultithreadedTaskDispatcher with 18 workers.
 -> (artifact id: 'a8ed631fc490aaacc8080e5bdd678b5d') in 0.087123 seconds
Number of updated asset objects reloaded before import = 0
Number of asset objects unloaded after import = 457
========================================================================
Received Import Request.
  Time since last request: 0.000056 seconds.
  path: Assets/npc_casual_set_00/Textures/npc_csl_tshirt_00f_01_02_c.tif
  artifactKey: Guid(63fc59bb28f4b3a438cc5e4bcd55b1a8) Importer(2089858483,0ecaa5967403d082aa24f35e1b516d23)
Start importing Assets/npc_casual_set_00/Textures/npc_csl_tshirt_00f_01_02_c.tif using Guid(63fc59bb28f4b3a438cc5e4bcd55b1a8) Importer(2089858483,0ecaa5967403d082aa24f35e1b516d23) [PhysX] Initialized MultithreadedTaskDispatcher with 18 workers.
 -> (artifact id: '7d68ea9cf41b8550a0f1a7b9d3eddca8') in 0.094367 seconds
Number of updated asset objects reloaded before import = 0
Number of asset objects unloaded after import = 1
========================================================================
Received Import Request.
  Time since last request: 0.000181 seconds.
  path: Assets/npc_casual_set_00/Textures/npc_hmn_face_01m_03_01_o.tif
  artifactKey: Guid(8adbb7ff57e1503458f0060dadb43f6d) Importer(2089858483,0ecaa5967403d082aa24f35e1b516d23)
Start importing Assets/npc_casual_set_00/Textures/npc_hmn_face_01m_03_01_o.tif using Guid(8adbb7ff57e1503458f0060dadb43f6d) Importer(2089858483,0ecaa5967403d082aa24f35e1b516d23) [PhysX] Initialized MultithreadedTaskDispatcher with 18 workers.
 -> (artifact id: 'b4e3e3aeaf668e483dc930e9390e6984') in 0.090747 seconds
Number of updated asset objects reloaded before import = 0
Number of asset objects unloaded after import = 1
========================================================================
Received Import Request.
  Time since last request: 0.000318 seconds.
  path: Assets/npc_casual_set_00/Textures/npc_hmn_face_01f_05_01_m.tif
  artifactKey: Guid(45e7a720c21a03d4ca3e3baa466626f0) Importer(2089858483,0ecaa5967403d082aa24f35e1b516d23)
Start importing Assets/npc_casual_set_00/Textures/npc_hmn_face_01f_05_01_m.tif using Guid(45e7a720c21a03d4ca3e3baa466626f0) Importer(2089858483,0ecaa5967403d082aa24f35e1b516d23) [PhysX] Initialized MultithreadedTaskDispatcher with 18 workers.
 -> (artifact id: 'c347130404c063747aadd12946958ffe') in 0.083133 seconds
Number of updated asset objects reloaded before import = 0
Number of asset objects unloaded after import = 1
========================================================================
Received Import Request.
  Time since last request: 0.000059 seconds.
  path: Assets/HorrorPuzzleItems/Battery/Materials/Battery.mat
  artifactKey: Guid(4b4e7c8ebe0a44c4a9c380537c434565) Importer(2089858483,0ecaa5967403d082aa24f35e1b516d23)
Start importing Assets/HorrorPuzzleItems/Battery/Materials/Battery.mat using Guid(4b4e7c8ebe0a44c4a9c380537c434565) Importer(2089858483,0ecaa5967403d082aa24f35e1b516d23) [PhysX] Initialized MultithreadedTaskDispatcher with 18 workers.
 -> (artifact id: '63626f0d02956a4eda590e6e6de78832') in 0.077935 seconds
Number of updated asset objects reloaded before import = 0
Number of asset objects unloaded after import = 2
========================================================================
Received Import Request.
  Time since last request: 0.000060 seconds.
  path: Assets/npc_casual_set_00/Textures/npc_hmn_face_01f_04_01_o.tif
  artifactKey: Guid(40672cbd01888b84799f26b82584b694) Importer(2089858483,0ecaa5967403d082aa24f35e1b516d23)
Start importing Assets/npc_casual_set_00/Textures/npc_hmn_face_01f_04_01_o.tif using Guid(40672cbd01888b84799f26b82584b694) Importer(2089858483,0ecaa5967403d082aa24f35e1b516d23) [PhysX] Initialized MultithreadedTaskDispatcher with 18 workers.
 -> (artifact id: 'bfde536195933bc96fd9bae8ae2e5289') in 0.090953 seconds
Number of updated asset objects reloaded before import = 0
Number of asset objects unloaded after import = 1
========================================================================
Received Import Request.
  Time since last request: 0.000175 seconds.
  path: Assets/npc_casual_set_00/Textures/npc_hmn_face_01f_05_01_c.tif
  artifactKey: Guid(89631f8bebca9de47beed45808b60a09) Importer(2089858483,0ecaa5967403d082aa24f35e1b516d23)
Start importing Assets/npc_casual_set_00/Textures/npc_hmn_face_01f_05_01_c.tif using Guid(89631f8bebca9de47beed45808b60a09) Importer(2089858483,0ecaa5967403d082aa24f35e1b516d23) [PhysX] Initialized MultithreadedTaskDispatcher with 18 workers.
 -> (artifact id: '1b33d1df9954017a9b2210c6a6faa082') in 0.080693 seconds
Number of updated asset objects reloaded before import = 0
Number of asset objects unloaded after import = 1
========================================================================
Received Import Request.
  Time since last request: 0.000253 seconds.
  path: Assets/npc_casual_set_00/Textures/npc_hmn_face_01m_05_01_o.tif
  artifactKey: Guid(f54ca2dff1e418d4f919cb553e0e7b75) Importer(2089858483,0ecaa5967403d082aa24f35e1b516d23)
Start importing Assets/npc_casual_set_00/Textures/npc_hmn_face_01m_05_01_o.tif using Guid(f54ca2dff1e418d4f919cb553e0e7b75) Importer(2089858483,0ecaa5967403d082aa24f35e1b516d23) [PhysX] Initialized MultithreadedTaskDispatcher with 18 workers.
 -> (artifact id: 'b44338f0ff64d7009194badddde80746') in 0.085275 seconds
Number of updated asset objects reloaded before import = 0
Number of asset objects unloaded after import = 1
========================================================================
Received Import Request.
  Time since last request: 0.000054 seconds.
  path: Assets/npc_casual_set_00/Textures/npc_hmn_face_01f_05_01_msk.tif
  artifactKey: Guid(5501496bca0e23d4eaa2218024f64fd4) Importer(2089858483,0ecaa5967403d082aa24f35e1b516d23)
Start importing Assets/npc_casual_set_00/Textures/npc_hmn_face_01f_05_01_msk.tif using Guid(5501496bca0e23d4eaa2218024f64fd4) Importer(2089858483,0ecaa5967403d082aa24f35e1b516d23) [PhysX] Initialized MultithreadedTaskDispatcher with 18 workers.
 -> (artifact id: '1a54cf0f79577c3e3b3acd64c2f6a36f') in 0.092200 seconds
Number of updated asset objects reloaded before import = 0
Number of asset objects unloaded after import = 1
========================================================================
Received Import Request.
  Time since last request: 0.000084 seconds.
  path: Assets/npc_casual_set_00/Textures/npc_hmn_face_01m_03_01_m.tif
  artifactKey: Guid(45d4f235317a2844fb83ae46ee7e6d82) Importer(2089858483,0ecaa5967403d082aa24f35e1b516d23)
Start importing Assets/npc_casual_set_00/Textures/npc_hmn_face_01m_03_01_m.tif using Guid(45d4f235317a2844fb83ae46ee7e6d82) Importer(2089858483,0ecaa5967403d082aa24f35e1b516d23) [PhysX] Initialized MultithreadedTaskDispatcher with 18 workers.
 -> (artifact id: '9d1723cd6b8586d9341a3f56ff25ef69') in 0.082076 seconds
Number of updated asset objects reloaded before import = 0
Number of asset objects unloaded after import = 1
========================================================================
Received Import Request.
  Time since last request: 0.000237 seconds.
  path: Assets/npc_casual_set_00/Textures/npc_hmn_face_01f_05_01_n.tif
  artifactKey: Guid(69962a84125a31c428af65c094144769) Importer(2089858483,0ecaa5967403d082aa24f35e1b516d23)
Start importing Assets/npc_casual_set_00/Textures/npc_hmn_face_01f_05_01_n.tif using Guid(69962a84125a31c428af65c094144769) Importer(2089858483,0ecaa5967403d082aa24f35e1b516d23) [PhysX] Initialized MultithreadedTaskDispatcher with 18 workers.
 -> (artifact id: '4b89266ff0739eb3782fc648cdac66a7') in 0.073760 seconds
Number of updated asset objects reloaded before import = 0
Number of asset objects unloaded after import = 1
========================================================================
Received Import Request.
  Time since last request: 0.000252 seconds.
  path: Assets/npc_casual_set_00/Prefabs/npc_haircut_a_01.prefab
  artifactKey: Guid(d958e6f748feca749ac7ce0e3139a35f) Importer(2089858483,0ecaa5967403d082aa24f35e1b516d23)
Start importing Assets/npc_casual_set_00/Prefabs/npc_haircut_a_01.prefab using Guid(d958e6f748feca749ac7ce0e3139a35f) Importer(2089858483,0ecaa5967403d082aa24f35e1b516d23) [PhysX] Initialized MultithreadedTaskDispatcher with 18 workers.
 -> (artifact id: 'e418bbaf7391c06a62be34662586c8f5') in 0.060814 seconds
Number of updated asset objects reloaded before import = 0
Number of asset objects unloaded after import = 275
========================================================================
Received Import Request.
  Time since last request: 0.000064 seconds.
  path: Assets/HorrorPuzzleItems/Battery/Textures/Battery.png
  artifactKey: Guid(ea40f52e35ebb0d42985f837ffc1496a) Importer(2089858483,0ecaa5967403d082aa24f35e1b516d23)
Start importing Assets/HorrorPuzzleItems/Battery/Textures/Battery.png using Guid(ea40f52e35ebb0d42985f837ffc1496a) Importer(2089858483,0ecaa5967403d082aa24f35e1b516d23) [PhysX] Initialized MultithreadedTaskDispatcher with 18 workers.
 -> (artifact id: '2bb933bb12a85c525559276f4febabd9') in 0.084032 seconds
Number of updated asset objects reloaded before import = 0
Number of asset objects unloaded after import = 1
========================================================================
Received Import Request.
  Time since last request: 0.000132 seconds.
  path: Assets/HorrorPuzzleItems/Card/Textures/Card_GateSystemRed.png
  artifactKey: Guid(6e4f20cb35dba394b9e0dc75f4fddb2a) Importer(2089858483,0ecaa5967403d082aa24f35e1b516d23)
Start importing Assets/HorrorPuzzleItems/Card/Textures/Card_GateSystemRed.png using Guid(6e4f20cb35dba394b9e0dc75f4fddb2a) Importer(2089858483,0ecaa5967403d082aa24f35e1b516d23) [PhysX] Initialized MultithreadedTaskDispatcher with 18 workers.
 -> (artifact id: '7c46f3949169babab011d053f6664588') in 0.115027 seconds
Number of updated asset objects reloaded before import = 0
Number of asset objects unloaded after import = 1
========================================================================
Received Import Request.
  Time since last request: 0.000252 seconds.
  path: Assets/HorrorPuzzleItems/Card/Models/Card.fbx
  artifactKey: Guid(4c774eacc8336154eb814ed9086f3df7) Importer(2089858483,0ecaa5967403d082aa24f35e1b516d23)
Start importing Assets/HorrorPuzzleItems/Card/Models/Card.fbx using Guid(4c774eacc8336154eb814ed9086f3df7) Importer(2089858483,0ecaa5967403d082aa24f35e1b516d23) [PhysX] Initialized MultithreadedTaskDispatcher with 18 workers.
 -> (artifact id: 'de2892a22c283d731cac9aeca13927af') in 0.129092 seconds
Number of updated asset objects reloaded before import = 0
Number of asset objects unloaded after import = 7
========================================================================
Received Import Request.
  Time since last request: 0.000075 seconds.
  path: Assets/HorrorPuzzleItems/Floppy/Materials/Floppy_Yellow.mat
  artifactKey: Guid(9f24f08dbbfe012428f65194f59a3577) Importer(2089858483,0ecaa5967403d082aa24f35e1b516d23)
Start importing Assets/HorrorPuzzleItems/Floppy/Materials/Floppy_Yellow.mat using Guid(9f24f08dbbfe012428f65194f59a3577) Importer(2089858483,0ecaa5967403d082aa24f35e1b516d23) [PhysX] Initialized MultithreadedTaskDispatcher with 18 workers.
 -> (artifact id: '69a111b7942fcb2954d7c314ecdccbea') in 0.048870 seconds
Number of updated asset objects reloaded before import = 0
Number of asset objects unloaded after import = 2
========================================================================
Received Import Request.
  Time since last request: 0.000064 seconds.
  path: Assets/HorrorPuzzleItems/Cable/Models/Cable.fbx
  artifactKey: Guid(f528fa9265537384e8f4b96a9e68e702) Importer(2089858483,0ecaa5967403d082aa24f35e1b516d23)
Start importing Assets/HorrorPuzzleItems/Cable/Models/Cable.fbx using Guid(f528fa9265537384e8f4b96a9e68e702) Importer(2089858483,0ecaa5967403d082aa24f35e1b516d23) [PhysX] Initialized MultithreadedTaskDispatcher with 18 workers.
 -> (artifact id: '277192c86de14fcfde56ed94420f9606') in 0.092285 seconds
Number of updated asset objects reloaded before import = 0
Number of asset objects unloaded after import = 8
========================================================================
Received Import Request.
  Time since last request: 0.000051 seconds.
  path: Assets/HorrorPuzzleItems/Card/Prefabs/Card_GateRed.prefab
  artifactKey: Guid(5bbc0ec83dface3418b0ae505a847eb0) Importer(2089858483,0ecaa5967403d082aa24f35e1b516d23)
Start importing Assets/HorrorPuzzleItems/Card/Prefabs/Card_GateRed.prefab using Guid(5bbc0ec83dface3418b0ae505a847eb0) Importer(2089858483,0ecaa5967403d082aa24f35e1b516d23) [PhysX] Initialized MultithreadedTaskDispatcher with 18 workers.
 -> (artifact id: '4d0c52f2b9f705335502c516c2884d2b') in 0.048472 seconds
Number of updated asset objects reloaded before import = 0
Number of asset objects unloaded after import = 9
========================================================================
Received Import Request.
  Time since last request: 0.000056 seconds.
  path: Assets/HorrorPuzzleItems/Floppy/Icons/Icon_Floopy_Red.png
  artifactKey: Guid(2c2a4ae8c8f95f246acf319ca4c4df3c) Importer(2089858483,0ecaa5967403d082aa24f35e1b516d23)
Start importing Assets/HorrorPuzzleItems/Floppy/Icons/Icon_Floopy_Red.png using Guid(2c2a4ae8c8f95f246acf319ca4c4df3c) Importer(2089858483,0ecaa5967403d082aa24f35e1b516d23) [PhysX] Initialized MultithreadedTaskDispatcher with 18 workers.
 -> (artifact id: 'bfa60f9549eacc6c3ce9215ba5ece522') in 0.109572 seconds
Number of updated asset objects reloaded before import = 0
Number of asset objects unloaded after import = 3
========================================================================
Received Import Request.
  Time since last request: 0.000065 seconds.
  path: Assets/HorrorPuzzleItems/Crank/Models/Crank.fbx
  artifactKey: Guid(576c615aede1b3e44b1022bae3e08b6a) Importer(2089858483,0ecaa5967403d082aa24f35e1b516d23)
Start importing Assets/HorrorPuzzleItems/Crank/Models/Crank.fbx using Guid(576c615aede1b3e44b1022bae3e08b6a) Importer(2089858483,0ecaa5967403d082aa24f35e1b516d23) [PhysX] Initialized MultithreadedTaskDispatcher with 18 workers.
 -> (artifact id: 'ca95ca46717d799130255e1e0aa976e1') in 0.082003 seconds
Number of updated asset objects reloaded before import = 0
Number of asset objects unloaded after import = 7
========================================================================
Received Import Request.
  Time since last request: 0.000079 seconds.
  path: Assets/HorrorPuzzleItems/Cable/Textures/Cable_Black.png
  artifactKey: Guid(f4ff4904fc8ac6e47ae9bd232ee6d740) Importer(2089858483,0ecaa5967403d082aa24f35e1b516d23)
Start importing Assets/HorrorPuzzleItems/Cable/Textures/Cable_Black.png using Guid(f4ff4904fc8ac6e47ae9bd232ee6d740) Importer(2089858483,0ecaa5967403d082aa24f35e1b516d23) [PhysX] Initialized MultithreadedTaskDispatcher with 18 workers.
 -> (artifact id: '4db2c2b246209253104dc818c584afc5') in 0.087030 seconds
Number of updated asset objects reloaded before import = 0
Number of asset objects unloaded after import = 1
========================================================================
Received Import Request.
  Time since last request: 0.000286 seconds.
  path: Assets/npc_casual_set_00/Prefabs/npc_haircut_a_02.prefab
  artifactKey: Guid(3ebb575ac4417e647b2c4789576a9829) Importer(2089858483,0ecaa5967403d082aa24f35e1b516d23)
Start importing Assets/npc_casual_set_00/Prefabs/npc_haircut_a_02.prefab using Guid(3ebb575ac4417e647b2c4789576a9829) Importer(2089858483,0ecaa5967403d082aa24f35e1b516d23) [PhysX] Initialized MultithreadedTaskDispatcher with 18 workers.
 -> (artifact id: '129f7a1aea5e8fcf088507ab4f6d479f') in 0.050032 seconds
Number of updated asset objects reloaded before import = 0
Number of asset objects unloaded after import = 275
========================================================================
Received Import Request.
  Time since last request: 0.000060 seconds.
  path: Assets/npc_casual_set_00/Prefabs/npc_csl_shirtopenrolled_00m_01_01bw.prefab
  artifactKey: Guid(2e0d3b3db39bc2048a63b5b801f76c3a) Importer(2089858483,0ecaa5967403d082aa24f35e1b516d23)
Start importing Assets/npc_casual_set_00/Prefabs/npc_csl_shirtopenrolled_00m_01_01bw.prefab using Guid(2e0d3b3db39bc2048a63b5b801f76c3a) Importer(2089858483,0ecaa5967403d082aa24f35e1b516d23) [PhysX] Initialized MultithreadedTaskDispatcher with 18 workers.
 -> (artifact id: '1c0a65b826b487d7d188bb84bdb6d91e') in 0.064459 seconds
Number of updated asset objects reloaded before import = 0
Number of asset objects unloaded after import = 283
========================================================================
Received Import Request.
  Time since last request: 0.000050 seconds.
  path: Assets/npc_casual_set_00/Textures/npc_hair_01_n.tif
  artifactKey: Guid(8588daa8d3c8f3c40ad1c7c1b34b78d9) Importer(2089858483,0ecaa5967403d082aa24f35e1b516d23)
Start importing Assets/npc_casual_set_00/Textures/npc_hair_01_n.tif using Guid(8588daa8d3c8f3c40ad1c7c1b34b78d9) Importer(2089858483,0ecaa5967403d082aa24f35e1b516d23) [PhysX] Initialized MultithreadedTaskDispatcher with 18 workers.
 -> (artifact id: 'a085a5ab4131217b79d70f9a7010f80c') in 0.083932 seconds
Number of updated asset objects reloaded before import = 0
Number of asset objects unloaded after import = 1
========================================================================
Received Import Request.
  Time since last request: 0.000186 seconds.
  path: Assets/npc_casual_set_00/Prefabs/npc_hmn_01m.prefab
  artifactKey: Guid(85699f6422c4ccc40b78e39a08236f97) Importer(2089858483,0ecaa5967403d082aa24f35e1b516d23)
Start importing Assets/npc_casual_set_00/Prefabs/npc_hmn_01m.prefab using Guid(85699f6422c4ccc40b78e39a08236f97) Importer(2089858483,0ecaa5967403d082aa24f35e1b516d23) [PhysX] Initialized MultithreadedTaskDispatcher with 18 workers.
 -> (artifact id: 'fa88b818eeb7ade8508d0d4004db6616') in 0.076843 seconds
Number of updated asset objects reloaded before import = 0
Number of asset objects unloaded after import = 287
========================================================================
Received Import Request.
  Time since last request: 0.000066 seconds.
  path: Assets/npc_casual_set_00/Prefabs/npc_hmn_01f.prefab
  artifactKey: Guid(ff8abef1b11c40042bfe03fbd70a615c) Importer(2089858483,0ecaa5967403d082aa24f35e1b516d23)
Start importing Assets/npc_casual_set_00/Prefabs/npc_hmn_01f.prefab using Guid(ff8abef1b11c40042bfe03fbd70a615c) Importer(2089858483,0ecaa5967403d082aa24f35e1b516d23) [PhysX] Initialized MultithreadedTaskDispatcher with 18 workers.
 -> (artifact id: 'ca4b5caf9a1042a8d705c4009455b0d0') in 0.095889 seconds
Number of updated asset objects reloaded before import = 0
Number of asset objects unloaded after import = 287
========================================================================
Received Import Request.
  Time since last request: 0.000048 seconds.
  path: Assets/HorrorPuzzleItems/Gear/Textures/Gear.png
  artifactKey: Guid(09702c3634ecc1e4a85b6e7be2510179) Importer(2089858483,0ecaa5967403d082aa24f35e1b516d23)
Start importing Assets/HorrorPuzzleItems/Gear/Textures/Gear.png using Guid(09702c3634ecc1e4a85b6e7be2510179) Importer(2089858483,0ecaa5967403d082aa24f35e1b516d23) [PhysX] Initialized MultithreadedTaskDispatcher with 18 workers.
 -> (artifact id: '2c3720b66d965ea619fb6a9496ddd619') in 0.070352 seconds
Number of updated asset objects reloaded before import = 0
Number of asset objects unloaded after import = 1
========================================================================
Received Import Request.
  Time since last request: 0.000062 seconds.
  path: Assets/HorrorPuzzleItems/Gear/Icons/Icon_Gear.png
  artifactKey: Guid(2e7ac424d2d6fd9409c61113863dac08) Importer(2089858483,0ecaa5967403d082aa24f35e1b516d23)
Start importing Assets/HorrorPuzzleItems/Gear/Icons/Icon_Gear.png using Guid(2e7ac424d2d6fd9409c61113863dac08) Importer(2089858483,0ecaa5967403d082aa24f35e1b516d23) [PhysX] Initialized MultithreadedTaskDispatcher with 18 workers.
 -> (artifact id: 'a9ef5ed7d4364fad3ab115a7fbddbd8b') in 0.119104 seconds
Number of updated asset objects reloaded before import = 0
Number of asset objects unloaded after import = 3
========================================================================
Received Import Request.
  Time since last request: 0.000059 seconds.
  path: Assets/HorrorPuzzleItems/Lighter/Icons/Icon_Lighter_FlowerPattern.png
  artifactKey: Guid(be9fa7e1bceb0744f92d120d965ce05c) Importer(2089858483,0ecaa5967403d082aa24f35e1b516d23)
Start importing Assets/HorrorPuzzleItems/Lighter/Icons/Icon_Lighter_FlowerPattern.png using Guid(be9fa7e1bceb0744f92d120d965ce05c) Importer(2089858483,0ecaa5967403d082aa24f35e1b516d23) [PhysX] Initialized MultithreadedTaskDispatcher with 18 workers.
 -> (artifact id: '0e5ba2acb0813c030eb8c70c2d001e0e') in 0.093632 seconds
Number of updated asset objects reloaded before import = 0
Number of asset objects unloaded after import = 3
========================================================================
Received Import Request.
  Time since last request: 0.000047 seconds.
  path: Assets/HorrorPuzzleItems/Gear/Prefabs/Gear.prefab
  artifactKey: Guid(bd165737f0f32be48b712cf6c307ad9a) Importer(2089858483,0ecaa5967403d082aa24f35e1b516d23)
Start importing Assets/HorrorPuzzleItems/Gear/Prefabs/Gear.prefab using Guid(bd165737f0f32be48b712cf6c307ad9a) Importer(2089858483,0ecaa5967403d082aa24f35e1b516d23) [PhysX] Initialized MultithreadedTaskDispatcher with 18 workers.
 -> (artifact id: '00a70f5a55c3fdab911892dbe8077181') in 0.064671 seconds
Number of updated asset objects reloaded before import = 0
Number of asset objects unloaded after import = 9
========================================================================
Received Import Request.
  Time since last request: 0.000051 seconds.
  path: Assets/HorrorPuzzleItems/Gem/Textures/Gem_Blue.png
  artifactKey: Guid(ec5c7b4503b8ef54c99f8d6bffb85295) Importer(2089858483,0ecaa5967403d082aa24f35e1b516d23)
Start importing Assets/HorrorPuzzleItems/Gem/Textures/Gem_Blue.png using Guid(ec5c7b4503b8ef54c99f8d6bffb85295) Importer(2089858483,0ecaa5967403d082aa24f35e1b516d23) [PhysX] Initialized MultithreadedTaskDispatcher with 18 workers.
 -> (artifact id: 'ecd62cdf7c1dcffc044d0bd90a3f3282') in 0.109734 seconds
Number of updated asset objects reloaded before import = 0
Number of asset objects unloaded after import = 1
========================================================================
Received Import Request.
  Time since last request: 0.000067 seconds.
  path: Assets/HorrorPuzzleItems/SmallKey/Models/SmallKey.fbx
  artifactKey: Guid(501a19826a840da4a93f946d0d749a6e) Importer(2089858483,0ecaa5967403d082aa24f35e1b516d23)
Start importing Assets/HorrorPuzzleItems/SmallKey/Models/SmallKey.fbx using Guid(501a19826a840da4a93f946d0d749a6e) Importer(2089858483,0ecaa5967403d082aa24f35e1b516d23) [PhysX] Initialized MultithreadedTaskDispatcher with 18 workers.
 -> (artifact id: 'c4b98dc85cfe5df19358e1954dc36bb0') in 0.083671 seconds
Number of updated asset objects reloaded before import = 0
Number of asset objects unloaded after import = 7
========================================================================
Received Import Request.
  Time since last request: 0.000078 seconds.
  path: Assets/HorrorPuzzleItems/Gem/Materials/Gem_Blue.mat
  artifactKey: Guid(13eeaaed3c01f084ab29f45259e79ffc) Importer(2089858483,0ecaa5967403d082aa24f35e1b516d23)
Start importing Assets/HorrorPuzzleItems/Gem/Materials/Gem_Blue.mat using Guid(13eeaaed3c01f084ab29f45259e79ffc) Importer(2089858483,0ecaa5967403d082aa24f35e1b516d23) [PhysX] Initialized MultithreadedTaskDispatcher with 18 workers.
 -> (artifact id: '2c5ab57b66a8ca31b3baf2753fa3389a') in 0.073297 seconds
Number of updated asset objects reloaded before import = 0
Number of asset objects unloaded after import = 2
========================================================================
Received Import Request.
  Time since last request: 0.000105 seconds.
  path: Assets/HorrorPuzzleItems/USBKey/Prefabs/USBKey_Blue.prefab
  artifactKey: Guid(ac4bf23be814be543840c4634b4c7fbc) Importer(2089858483,0ecaa5967403d082aa24f35e1b516d23)
Start importing Assets/HorrorPuzzleItems/USBKey/Prefabs/USBKey_Blue.prefab using Guid(ac4bf23be814be543840c4634b4c7fbc) Importer(2089858483,0ecaa5967403d082aa24f35e1b516d23) [PhysX] Initialized MultithreadedTaskDispatcher with 18 workers.
 -> (artifact id: 'ca9e5e06130c383019a4f0e03bf59016') in 0.053193 seconds
Number of updated asset objects reloaded before import = 0
Number of asset objects unloaded after import = 9
========================================================================
Received Import Request.
  Time since last request: 0.000044 seconds.
  path: Assets/nappin/HouseInteriorPack/Models/(Msh)Chair2.fbx
  artifactKey: Guid(e34ea220466e6c4409b28fca74c18616) Importer(2089858483,0ecaa5967403d082aa24f35e1b516d23)
Start importing Assets/nappin/HouseInteriorPack/Models/(Msh)Chair2.fbx using Guid(e34ea220466e6c4409b28fca74c18616) Importer(2089858483,0ecaa5967403d082aa24f35e1b516d23) [PhysX] Initialized MultithreadedTaskDispatcher with 18 workers.
 -> (artifact id: 'f3c5d5a14dde7e6b16f8e8f4397c2dcb') in 0.082242 seconds
Number of updated asset objects reloaded before import = 0
Number of asset objects unloaded after import = 9
========================================================================
Received Import Request.
  Time since last request: 0.000078 seconds.
  path: Assets/nappin/HouseInteriorPack/Models/(Msh)CeilingLight.fbx
  artifactKey: Guid(2d317bed7f623c746be020af88da3234) Importer(2089858483,0ecaa5967403d082aa24f35e1b516d23)
Start importing Assets/nappin/HouseInteriorPack/Models/(Msh)CeilingLight.fbx using Guid(2d317bed7f623c746be020af88da3234) Importer(2089858483,0ecaa5967403d082aa24f35e1b516d23) [PhysX] Initialized MultithreadedTaskDispatcher with 18 workers.
 -> (artifact id: '5854e5ed7994f5162782058ac9602f9d') in 0.102457 seconds
Number of updated asset objects reloaded before import = 0
Number of asset objects unloaded after import = 9
========================================================================
Received Import Request.
  Time since last request: 0.000097 seconds.
  path: Assets/JustPlay/Сomputer devices/Prefabs/Phone.prefab
  artifactKey: Guid(1ba97b0f75cdd9448a6b632977154599) Importer(2089858483,0ecaa5967403d082aa24f35e1b516d23)
Start importing Assets/JustPlay/Сomputer devices/Prefabs/Phone.prefab using Guid(1ba97b0f75cdd9448a6b632977154599) Importer(2089858483,0ecaa5967403d082aa24f35e1b516d23) [PhysX] Initialized MultithreadedTaskDispatcher with 18 workers.
 -> (artifact id: '42e2c25a1052093f5227ceb509c6a721') in 0.068398 seconds
Number of updated asset objects reloaded before import = 0
Number of asset objects unloaded after import = 21
========================================================================
Received Import Request.
  Time since last request: 0.000061 seconds.
  path: Assets/HorrorPuzzleItems/Valve/Materials/Valve.mat
  artifactKey: Guid(ccf62083214921745a874a47a5a86561) Importer(2089858483,0ecaa5967403d082aa24f35e1b516d23)
Start importing Assets/HorrorPuzzleItems/Valve/Materials/Valve.mat using Guid(ccf62083214921745a874a47a5a86561) Importer(2089858483,0ecaa5967403d082aa24f35e1b516d23) [PhysX] Initialized MultithreadedTaskDispatcher with 18 workers.
 -> (artifact id: 'bd1225548a1db289672630af6971da56') in 0.045224 seconds
Number of updated asset objects reloaded before import = 0
Number of asset objects unloaded after import = 2
========================================================================
Received Import Request.
  Time since last request: 0.000072 seconds.
  path: Assets/HorrorPuzzleItems/Valve/Icons/Icon_Valve.png
  artifactKey: Guid(fa0f0b3020f645b44aa2527d0725e215) Importer(2089858483,0ecaa5967403d082aa24f35e1b516d23)
Start importing Assets/HorrorPuzzleItems/Valve/Icons/Icon_Valve.png using Guid(fa0f0b3020f645b44aa2527d0725e215) Importer(2089858483,0ecaa5967403d082aa24f35e1b516d23) [PhysX] Initialized MultithreadedTaskDispatcher with 18 workers.
 -> (artifact id: '4e0932238268fe52377e78f8f6663fc5') in 0.122264 seconds
Number of updated asset objects reloaded before import = 0
Number of asset objects unloaded after import = 3
========================================================================
Received Import Request.
  Time since last request: 0.000114 seconds.
  path: Assets/HorrorPuzzleItems/Gem/Materials/Gem_Red.mat
  artifactKey: Guid(f7bb5bc051f54134fb73c705cfd57f92) Importer(2089858483,0ecaa5967403d082aa24f35e1b516d23)
Start importing Assets/HorrorPuzzleItems/Gem/Materials/Gem_Red.mat using Guid(f7bb5bc051f54134fb73c705cfd57f92) Importer(2089858483,0ecaa5967403d082aa24f35e1b516d23) [PhysX] Initialized MultithreadedTaskDispatcher with 18 workers.
 -> (artifact id: 'a5b23b1d9411b91697b61ee1653ef0bf') in 0.074693 seconds
Number of updated asset objects reloaded before import = 0
Number of asset objects unloaded after import = 2
========================================================================
Received Import Request.
  Time since last request: 0.000062 seconds.
  path: Assets/HorrorPuzzleItems/Gem/Prefabs/Gem_Red.prefab
  artifactKey: Guid(66593823cd17b4d4ab2ff2ae726e4c5f) Importer(2089858483,0ecaa5967403d082aa24f35e1b516d23)
Start importing Assets/HorrorPuzzleItems/Gem/Prefabs/Gem_Red.prefab using Guid(66593823cd17b4d4ab2ff2ae726e4c5f) Importer(2089858483,0ecaa5967403d082aa24f35e1b516d23) [PhysX] Initialized MultithreadedTaskDispatcher with 18 workers.
 -> (artifact id: 'af6f9009ab7b61da5e35e028db904240') in 0.047172 seconds
Number of updated asset objects reloaded before import = 0
Number of asset objects unloaded after import = 9
========================================================================
Received Import Request.
  Time since last request: 0.000059 seconds.
  path: Assets/HorrorPuzzleItems/Lighter/Prefabs/Lighter_Metal.prefab
  artifactKey: Guid(ced74f861cc67534e8a7d791f17c14a7) Importer(2089858483,0ecaa5967403d082aa24f35e1b516d23)
Start importing Assets/HorrorPuzzleItems/Lighter/Prefabs/Lighter_Metal.prefab using Guid(ced74f861cc67534e8a7d791f17c14a7) Importer(2089858483,0ecaa5967403d082aa24f35e1b516d23) [PhysX] Initialized MultithreadedTaskDispatcher with 18 workers.
 -> (artifact id: 'bf3206933b848f91d91689852efd1f10') in 0.052149 seconds
Number of updated asset objects reloaded before import = 0
Number of asset objects unloaded after import = 9
========================================================================
Received Import Request.
  Time since last request: 0.000060 seconds.
  path: Assets/HorrorPuzzleItems/USBKey/Materials/USBKey_Blue.mat
  artifactKey: Guid(443ba7ac5b1be664fa49b913f7b25087) Importer(2089858483,0ecaa5967403d082aa24f35e1b516d23)
Start importing Assets/HorrorPuzzleItems/USBKey/Materials/USBKey_Blue.mat using Guid(443ba7ac5b1be664fa49b913f7b25087) Importer(2089858483,0ecaa5967403d082aa24f35e1b516d23) [PhysX] Initialized MultithreadedTaskDispatcher with 18 workers.
 -> (artifact id: '8d8a6cd7c33ba03e75975be95249ba3c') in 0.058694 seconds
Number of updated asset objects reloaded before import = 0
Number of asset objects unloaded after import = 2
========================================================================
Received Import Request.
  Time since last request: 0.000189 seconds.
  path: Assets/HorrorPuzzleItems/Lighter/Materials/Lighter_Brass.mat
  artifactKey: Guid(bbf4354716ffef143997eef1ba17e3f1) Importer(2089858483,0ecaa5967403d082aa24f35e1b516d23)
Start importing Assets/HorrorPuzzleItems/Lighter/Materials/Lighter_Brass.mat using Guid(bbf4354716ffef143997eef1ba17e3f1) Importer(2089858483,0ecaa5967403d082aa24f35e1b516d23) [PhysX] Initialized MultithreadedTaskDispatcher with 18 workers.
 -> (artifact id: 'ae2bec15a5c862cbff6f9d15752c9f9d') in 0.048727 seconds
Number of updated asset objects reloaded before import = 0
Number of asset objects unloaded after import = 2
========================================================================
Received Import Request.
  Time since last request: 0.000064 seconds.
  path: Assets/HorrorPuzzleItems/USBKey/Icons/Icon_USBKey_Blue.png
  artifactKey: Guid(9d399b2c0b8646144916454b896b08b7) Importer(2089858483,0ecaa5967403d082aa24f35e1b516d23)
Start importing Assets/HorrorPuzzleItems/USBKey/Icons/Icon_USBKey_Blue.png using Guid(9d399b2c0b8646144916454b896b08b7) Importer(2089858483,0ecaa5967403d082aa24f35e1b516d23) [PhysX] Initialized MultithreadedTaskDispatcher with 18 workers.
 -> (artifact id: '56ef0859f255ade1638a3dd5b9377a35') in 0.087560 seconds
Number of updated asset objects reloaded before import = 0
Number of asset objects unloaded after import = 3
========================================================================
Received Import Request.
  Time since last request: 0.000121 seconds.
  path: Assets/nappin/HouseInteriorPack/Models/(Msh)LaunchTable.fbx
  artifactKey: Guid(eb4f246e6032162419c1627cc4247555) Importer(2089858483,0ecaa5967403d082aa24f35e1b516d23)
Start importing Assets/nappin/HouseInteriorPack/Models/(Msh)LaunchTable.fbx using Guid(eb4f246e6032162419c1627cc4247555) Importer(2089858483,0ecaa5967403d082aa24f35e1b516d23) [PhysX] Initialized MultithreadedTaskDispatcher with 18 workers.
 -> (artifact id: '00ba1dcfbaa5ffe470a57118bdbd03d7') in 0.082091 seconds
Number of updated asset objects reloaded before import = 0
Number of asset objects unloaded after import = 9
========================================================================
Received Import Request.
  Time since last request: 0.000047 seconds.
  path: Assets/nappin/HouseInteriorPack/Models/(Msh)Fridge.fbx
  artifactKey: Guid(2fd41568ee19c9343a65da176f778932) Importer(2089858483,0ecaa5967403d082aa24f35e1b516d23)
Start importing Assets/nappin/HouseInteriorPack/Models/(Msh)Fridge.fbx using Guid(2fd41568ee19c9343a65da176f778932) Importer(2089858483,0ecaa5967403d082aa24f35e1b516d23) [PhysX] Initialized MultithreadedTaskDispatcher with 18 workers.
 -> (artifact id: '6404080d243767f2c429b8a24886d2e3') in 0.104962 seconds
Number of updated asset objects reloaded before import = 0
Number of asset objects unloaded after import = 21
========================================================================
Received Import Request.
  Time since last request: 0.000049 seconds.
  path: Assets/nappin/HouseInteriorPack/Models/(Msh)Storage2.fbx
  artifactKey: Guid(efd1f08bfa5d6ec4b968e57fba68ff02) Importer(2089858483,0ecaa5967403d082aa24f35e1b516d23)
Start importing Assets/nappin/HouseInteriorPack/Models/(Msh)Storage2.fbx using Guid(efd1f08bfa5d6ec4b968e57fba68ff02) Importer(2089858483,0ecaa5967403d082aa24f35e1b516d23) [PhysX] Initialized MultithreadedTaskDispatcher with 18 workers.
 -> (artifact id: '11986218b4d12b00fa1d186028624e7c') in 0.123020 seconds
Number of updated asset objects reloaded before import = 0
Number of asset objects unloaded after import = 36
========================================================================
Received Import Request.
  Time since last request: 0.000047 seconds.
  path: Assets/nappin/HouseInteriorPack/Models/(Msh)Dresser.fbx
  artifactKey: Guid(d2aaa38de911d1e4eb3e208fd26f541d) Importer(2089858483,0ecaa5967403d082aa24f35e1b516d23)
Start importing Assets/nappin/HouseInteriorPack/Models/(Msh)Dresser.fbx using Guid(d2aaa38de911d1e4eb3e208fd26f541d) Importer(2089858483,0ecaa5967403d082aa24f35e1b516d23) [PhysX] Initialized MultithreadedTaskDispatcher with 18 workers.
 -> (artifact id: 'e63a611642f846f5f9065256e09a8b82') in 0.110713 seconds
Number of updated asset objects reloaded before import = 0
Number of asset objects unloaded after import = 26
========================================================================
Received Import Request.
  Time since last request: 0.000076 seconds.
  path: Assets/nappin/HouseInteriorPack/Models/(Msh)Mirror1.fbx
  artifactKey: Guid(a3cad6dca196e8042b8b1a7ae0650696) Importer(2089858483,0ecaa5967403d082aa24f35e1b516d23)
Start importing Assets/nappin/HouseInteriorPack/Models/(Msh)Mirror1.fbx using Guid(a3cad6dca196e8042b8b1a7ae0650696) Importer(2089858483,0ecaa5967403d082aa24f35e1b516d23) [PhysX] Initialized MultithreadedTaskDispatcher with 18 workers.
 -> (artifact id: 'c1b6df370b7ccdb5c1419fc117c71b1b') in 0.095165 seconds
Number of updated asset objects reloaded before import = 0
Number of asset objects unloaded after import = 9
========================================================================
Received Import Request.
  Time since last request: 0.000060 seconds.
  path: Assets/nappin/HouseInteriorPack/Models/(Msh)Storage1.fbx
  artifactKey: Guid(5286fa9a4ecccef449e234533764c4da) Importer(2089858483,0ecaa5967403d082aa24f35e1b516d23)
Start importing Assets/nappin/HouseInteriorPack/Models/(Msh)Storage1.fbx using Guid(5286fa9a4ecccef449e234533764c4da) Importer(2089858483,0ecaa5967403d082aa24f35e1b516d23) [PhysX] Initialized MultithreadedTaskDispatcher with 18 workers.
 -> (artifact id: 'e17cf856787889883e790b872b5a66d8') in 0.078287 seconds
Number of updated asset objects reloaded before import = 0
Number of asset objects unloaded after import = 31
========================================================================
Received Import Request.
  Time since last request: 0.000042 seconds.
  path: Assets/nappin/HouseInteriorPack/Models/(Msh)Toilet.fbx
  artifactKey: Guid(46684b3b7bc48e044ab454f422491fe4) Importer(2089858483,0ecaa5967403d082aa24f35e1b516d23)
Start importing Assets/nappin/HouseInteriorPack/Models/(Msh)Toilet.fbx using Guid(46684b3b7bc48e044ab454f422491fe4) Importer(2089858483,0ecaa5967403d082aa24f35e1b516d23) [PhysX] Initialized MultithreadedTaskDispatcher with 18 workers.
 -> (artifact id: '27e70a66fa32fe21bae54e2e09237c1e') in 0.116507 seconds
Number of updated asset objects reloaded before import = 0
Number of asset objects unloaded after import = 21
========================================================================
Received Import Request.
  Time since last request: 0.000053 seconds.
  path: Assets/nappin/HouseInteriorPack/Models/(Msh)RoomLight.fbx
  artifactKey: Guid(f779ad5ed13261240a5e95f8ec32037c) Importer(2089858483,0ecaa5967403d082aa24f35e1b516d23)
Start importing Assets/nappin/HouseInteriorPack/Models/(Msh)RoomLight.fbx using Guid(f779ad5ed13261240a5e95f8ec32037c) Importer(2089858483,0ecaa5967403d082aa24f35e1b516d23) [PhysX] Initialized MultithreadedTaskDispatcher with 18 workers.
 -> (artifact id: 'c5f98e24b27b35b7281c70ed3b68e2ef') in 0.078287 seconds
Number of updated asset objects reloaded before import = 0
Number of asset objects unloaded after import = 9
========================================================================
Received Import Request.
  Time since last request: 0.000095 seconds.
  path: Assets/nappin/HouseInteriorPack/Models/(Msh)Shelf1.fbx
  artifactKey: Guid(fac50d2fa8985ae41ac8cff5fb87823b) Importer(2089858483,0ecaa5967403d082aa24f35e1b516d23)
Start importing Assets/nappin/HouseInteriorPack/Models/(Msh)Shelf1.fbx using Guid(fac50d2fa8985ae41ac8cff5fb87823b) Importer(2089858483,0ecaa5967403d082aa24f35e1b516d23) [PhysX] Initialized MultithreadedTaskDispatcher with 18 workers.
 -> (artifact id: 'dd5ef0e1e8b7e4cba72c3951430e513d') in 0.110856 seconds
Number of updated asset objects reloaded before import = 0
Number of asset objects unloaded after import = 9
========================================================================
Received Import Request.
  Time since last request: 0.000156 seconds.
  path: Assets/nappin/OfficeEssentialsPack/Materials/(Mat)GradientOrange.mat
  artifactKey: Guid(fb698345bbbc4d74ba2ca7b2bb59eb9d) Importer(2089858483,0ecaa5967403d082aa24f35e1b516d23)
Start importing Assets/nappin/OfficeEssentialsPack/Materials/(Mat)GradientOrange.mat using Guid(fb698345bbbc4d74ba2ca7b2bb59eb9d) Importer(2089858483,0ecaa5967403d082aa24f35e1b516d23) [PhysX] Initialized MultithreadedTaskDispatcher with 18 workers.
 -> (artifact id: '6a79e5021c52b3e49a5966002fb2d7f2') in 0.053573 seconds
Number of updated asset objects reloaded before import = 0
Number of asset objects unloaded after import = 2
========================================================================
Received Import Request.
  Time since last request: 0.000043 seconds.
  path: Assets/nappin/OfficeEssentialsPack/Models/(Msh)Clock.fbx
  artifactKey: Guid(538ebcc8575799746881a05c02d1ae04) Importer(2089858483,0ecaa5967403d082aa24f35e1b516d23)
Start importing Assets/nappin/OfficeEssentialsPack/Models/(Msh)Clock.fbx using Guid(538ebcc8575799746881a05c02d1ae04) Importer(2089858483,0ecaa5967403d082aa24f35e1b516d23) [PhysX] Initialized MultithreadedTaskDispatcher with 18 workers.
 -> (artifact id: 'ebd057d34e8da3b94687a49aa503781c') in 0.091935 seconds
Number of updated asset objects reloaded before import = 0
Number of asset objects unloaded after import = 26
========================================================================
Received Import Request.
  Time since last request: 0.000072 seconds.
  path: Assets/nappin/OfficeEssentialsPack/Materials/(Mat)GradientGreen.mat
  artifactKey: Guid(e3681f2feac05f94888039c51ba9b321) Importer(2089858483,0ecaa5967403d082aa24f35e1b516d23)
Start importing Assets/nappin/OfficeEssentialsPack/Materials/(Mat)GradientGreen.mat using Guid(e3681f2feac05f94888039c51ba9b321) Importer(2089858483,0ecaa5967403d082aa24f35e1b516d23) [PhysX] Initialized MultithreadedTaskDispatcher with 18 workers.
 -> (artifact id: '5fd181159ea8abde8015a5551bf02c53') in 0.055349 seconds
Number of updated asset objects reloaded before import = 0
Number of asset objects unloaded after import = 2
========================================================================
Received Import Request.
  Time since last request: 0.000081 seconds.
  path: Assets/nappin/OfficeEssentialsPack/Models/(Msh)CeilingLight1.fbx
  artifactKey: Guid(a3391ff75e6a3d847a21fe59dccd4a8a) Importer(2089858483,0ecaa5967403d082aa24f35e1b516d23)
Start importing Assets/nappin/OfficeEssentialsPack/Models/(Msh)CeilingLight1.fbx using Guid(a3391ff75e6a3d847a21fe59dccd4a8a) Importer(2089858483,0ecaa5967403d082aa24f35e1b516d23) [PhysX] Initialized MultithreadedTaskDispatcher with 18 workers.
 -> (artifact id: 'a6a778fdd348423933752d02560f52d9') in 0.065756 seconds
Number of updated asset objects reloaded before import = 0
Number of asset objects unloaded after import = 9
========================================================================
Received Import Request.
  Time since last request: 0.000090 seconds.
  path: Assets/nappin/OfficeEssentialsPack/Models/(Msh)BookPile7.fbx
  artifactKey: Guid(74ced1ff4cc446444b88042df966c736) Importer(2089858483,0ecaa5967403d082aa24f35e1b516d23)
Start importing Assets/nappin/OfficeEssentialsPack/Models/(Msh)BookPile7.fbx using Guid(74ced1ff4cc446444b88042df966c736) Importer(2089858483,0ecaa5967403d082aa24f35e1b516d23) [PhysX] Initialized MultithreadedTaskDispatcher with 18 workers.
 -> (artifact id: 'daa2b973e1d62efd362fee1ca5b1ac09') in 0.174448 seconds
Number of updated asset objects reloaded before import = 0
Number of asset objects unloaded after import = 196
========================================================================
Received Import Request.
  Time since last request: 0.000070 seconds.
  path: Assets/nappin/OfficeEssentialsPack/Materials/(Mat)GradientDarkBrown.mat
  artifactKey: Guid(5f00a35557dee5b499cf97dda42339c0) Importer(2089858483,0ecaa5967403d082aa24f35e1b516d23)
Start importing Assets/nappin/OfficeEssentialsPack/Materials/(Mat)GradientDarkBrown.mat using Guid(5f00a35557dee5b499cf97dda42339c0) Importer(2089858483,0ecaa5967403d082aa24f35e1b516d23) [PhysX] Initialized MultithreadedTaskDispatcher with 18 workers.
 -> (artifact id: '61c78ff130047777b1fc15b48a449651') in 0.057443 seconds
Number of updated asset objects reloaded before import = 0
Number of asset objects unloaded after import = 2
========================================================================
Received Import Request.
  Time since last request: 0.000070 seconds.
  path: Assets/nappin/OfficeEssentialsPack/Models/(Msh)CeilingFan.fbx
  artifactKey: Guid(b8382dad890a52e499e640be2fba6e18) Importer(2089858483,0ecaa5967403d082aa24f35e1b516d23)
Start importing Assets/nappin/OfficeEssentialsPack/Models/(Msh)CeilingFan.fbx using Guid(b8382dad890a52e499e640be2fba6e18) Importer(2089858483,0ecaa5967403d082aa24f35e1b516d23) [PhysX] Initialized MultithreadedTaskDispatcher with 18 workers.
 -> (artifact id: '9b27c55cd445670eb7861b63b0a8df38') in 0.092001 seconds
Number of updated asset objects reloaded before import = 0
Number of asset objects unloaded after import = 16
========================================================================
Received Import Request.
  Time since last request: 0.000055 seconds.
  path: Assets/npc_casual_set_00/Textures/npc_csl_tshirt_00m_01_02bw_c.tif
  artifactKey: Guid(d4e01967ad2c2cf4680f2a8c764693fe) Importer(2089858483,0ecaa5967403d082aa24f35e1b516d23)
Start importing Assets/npc_casual_set_00/Textures/npc_csl_tshirt_00m_01_02bw_c.tif using Guid(d4e01967ad2c2cf4680f2a8c764693fe) Importer(2089858483,0ecaa5967403d082aa24f35e1b516d23) [PhysX] Initialized MultithreadedTaskDispatcher with 18 workers.
 -> (artifact id: '78146f0b667df4a7995266da4eb677c8') in 0.080186 seconds
Number of updated asset objects reloaded before import = 0
Number of asset objects unloaded after import = 1
========================================================================
Received Import Request.
  Time since last request: 0.000048 seconds.
  path: Assets/nappin/OfficeEssentialsPack/Models/(Msh)SmokeDetector.fbx
  artifactKey: Guid(301abaee6ba74544ab12d31480dcbb27) Importer(2089858483,0ecaa5967403d082aa24f35e1b516d23)
Start importing Assets/nappin/OfficeEssentialsPack/Models/(Msh)SmokeDetector.fbx using Guid(301abaee6ba74544ab12d31480dcbb27) Importer(2089858483,0ecaa5967403d082aa24f35e1b516d23) [PhysX] Initialized MultithreadedTaskDispatcher with 18 workers.
 -> (artifact id: '2faa4ec4e948d55d67cd6216f0e9babd') in 0.078631 seconds
Number of updated asset objects reloaded before import = 0
Number of asset objects unloaded after import = 9
========================================================================
Received Import Request.
  Time since last request: 0.000050 seconds.
  path: Assets/nappin/OfficeEssentialsPack/Models/(Msh)PC.fbx
  artifactKey: Guid(18566a61b75973749b7a37b617d7fa4b) Importer(2089858483,0ecaa5967403d082aa24f35e1b516d23)
Start importing Assets/nappin/OfficeEssentialsPack/Models/(Msh)PC.fbx using Guid(18566a61b75973749b7a37b617d7fa4b) Importer(2089858483,0ecaa5967403d082aa24f35e1b516d23) [PhysX] Initialized MultithreadedTaskDispatcher with 18 workers.
 -> (artifact id: '4ec015087aede2322365ce9d37dd43da') in 0.076782 seconds
Number of updated asset objects reloaded before import = 0
Number of asset objects unloaded after import = 26
========================================================================
Received Import Request.
  Time since last request: 0.000133 seconds.
  path: Assets/nappin/OfficeEssentialsPack/Models/(Msh)Shelves1.fbx
  artifactKey: Guid(cab363a401b518845bbac7b1c89c7a23) Importer(2089858483,0ecaa5967403d082aa24f35e1b516d23)
Start importing Assets/nappin/OfficeEssentialsPack/Models/(Msh)Shelves1.fbx using Guid(cab363a401b518845bbac7b1c89c7a23) Importer(2089858483,0ecaa5967403d082aa24f35e1b516d23) [PhysX] Initialized MultithreadedTaskDispatcher with 18 workers.
 -> (artifact id: '4caf965e507b162ac3b19065cfa71616') in 0.073786 seconds
Number of updated asset objects reloaded before import = 0
Number of asset objects unloaded after import = 9
========================================================================
Received Import Request.
  Time since last request: 0.000056 seconds.
  path: Assets/nappin/OfficeEssentialsPack/Materials/(Mat)GradientBlue.mat
  artifactKey: Guid(35261150e5398c0439d6fd7481f62b62) Importer(2089858483,0ecaa5967403d082aa24f35e1b516d23)
Start importing Assets/nappin/OfficeEssentialsPack/Materials/(Mat)GradientBlue.mat using Guid(35261150e5398c0439d6fd7481f62b62) Importer(2089858483,0ecaa5967403d082aa24f35e1b516d23) [PhysX] Initialized MultithreadedTaskDispatcher with 18 workers.
 -> (artifact id: '44b861c90123dc5a702295c0738fb116') in 0.050121 seconds
Number of updated asset objects reloaded before import = 0
Number of asset objects unloaded after import = 2
========================================================================
Received Import Request.
  Time since last request: 0.000061 seconds.
  path: Assets/nappin/OfficeEssentialsPack/Models/(Msh)LoungeChair.fbx
  artifactKey: Guid(d0f06f9715b791a4596af29b5bbb56d0) Importer(2089858483,0ecaa5967403d082aa24f35e1b516d23)
Start importing Assets/nappin/OfficeEssentialsPack/Models/(Msh)LoungeChair.fbx using Guid(d0f06f9715b791a4596af29b5bbb56d0) Importer(2089858483,0ecaa5967403d082aa24f35e1b516d23) [PhysX] Initialized MultithreadedTaskDispatcher with 18 workers.
 -> (artifact id: '5e14ce2a7785e6ac78e1dfb938effb29') in 0.084725 seconds
Number of updated asset objects reloaded before import = 0
Number of asset objects unloaded after import = 9
========================================================================
Received Import Request.
  Time since last request: 0.000064 seconds.
  path: Assets/nappin/OfficeEssentialsPack/Models/(Msh)DeskLight.fbx
  artifactKey: Guid(6742d9d0591e16e48b701a5fd806e2ad) Importer(2089858483,0ecaa5967403d082aa24f35e1b516d23)
Start importing Assets/nappin/OfficeEssentialsPack/Models/(Msh)DeskLight.fbx using Guid(6742d9d0591e16e48b701a5fd806e2ad) Importer(2089858483,0ecaa5967403d082aa24f35e1b516d23) [PhysX] Initialized MultithreadedTaskDispatcher with 18 workers.
 -> (artifact id: 'c762cdc2480919da3e543cedef72f211') in 0.084371 seconds
Number of updated asset objects reloaded before import = 0
Number of asset objects unloaded after import = 26
========================================================================
Received Import Request.
  Time since last request: 0.000181 seconds.
  path: Assets/nappin/OfficeEssentialsPack/Models/(Msh)PlantBox.fbx
  artifactKey: Guid(6a55ccc8cef577442974555021f41a1b) Importer(2089858483,0ecaa5967403d082aa24f35e1b516d23)
Start importing Assets/nappin/OfficeEssentialsPack/Models/(Msh)PlantBox.fbx using Guid(6a55ccc8cef577442974555021f41a1b) Importer(2089858483,0ecaa5967403d082aa24f35e1b516d23) [PhysX] Initialized MultithreadedTaskDispatcher with 18 workers.
 -> (artifact id: '7901b88b614c37d32c7232bf8b254d6b') in 0.086050 seconds
Number of updated asset objects reloaded before import = 0
Number of asset objects unloaded after import = 9
========================================================================
Received Import Request.
  Time since last request: 0.000047 seconds.
  path: Assets/nappin/OfficeEssentialsPack/Prefabs/(Prb)BookPile4.prefab
  artifactKey: Guid(26a2420e41111fa4384c8adc35b250b1) Importer(2089858483,0ecaa5967403d082aa24f35e1b516d23)
Start importing Assets/nappin/OfficeEssentialsPack/Prefabs/(Prb)BookPile4.prefab using Guid(26a2420e41111fa4384c8adc35b250b1) Importer(2089858483,0ecaa5967403d082aa24f35e1b516d23) [PhysX] Initialized MultithreadedTaskDispatcher with 18 workers.
 -> (artifact id: '7437d05abd0fe28177d5fd3c16a2f1d5') in 0.050194 seconds
Number of updated asset objects reloaded before import = 0
Number of asset objects unloaded after import = 60
========================================================================
Received Import Request.
  Time since last request: 0.000071 seconds.
  path: Assets/nappin/OfficeEssentialsPack/Models/(Msh)Window.fbx
  artifactKey: Guid(d0c678f5c21191e4aadd685b22906f70) Importer(2089858483,0ecaa5967403d082aa24f35e1b516d23)
Start importing Assets/nappin/OfficeEssentialsPack/Models/(Msh)Window.fbx using Guid(d0c678f5c21191e4aadd685b22906f70) Importer(2089858483,0ecaa5967403d082aa24f35e1b516d23) [PhysX] Initialized MultithreadedTaskDispatcher with 18 workers.
 -> (artifact id: '778db596f977c132cee613acd2dfe8aa') in 0.081462 seconds
Number of updated asset objects reloaded before import = 0
Number of asset objects unloaded after import = 16
========================================================================
Received Import Request.
  Time since last request: 0.000062 seconds.
  path: Assets/nappin/OfficeEssentialsPack/Models/(Msh)VendingMachine.fbx
  artifactKey: Guid(7ab63061358801f488d75d9c35dc8b26) Importer(2089858483,0ecaa5967403d082aa24f35e1b516d23)
Start importing Assets/nappin/OfficeEssentialsPack/Models/(Msh)VendingMachine.fbx using Guid(7ab63061358801f488d75d9c35dc8b26) Importer(2089858483,0ecaa5967403d082aa24f35e1b516d23) [PhysX] Initialized MultithreadedTaskDispatcher with 18 workers.
 -> (artifact id: '3929da879c316394b0ab9fd747c7ca99') in 0.148158 seconds
Number of updated asset objects reloaded before import = 0
Number of asset objects unloaded after import = 702
========================================================================
Received Import Request.
  Time since last request: 0.000075 seconds.
  path: Assets/nappin/OfficeEssentialsPack/Prefabs/(Prb)CoffePot.prefab
  artifactKey: Guid(7c525024ae8431e45b357520bb8407a6) Importer(2089858483,0ecaa5967403d082aa24f35e1b516d23)
Start importing Assets/nappin/OfficeEssentialsPack/Prefabs/(Prb)CoffePot.prefab using Guid(7c525024ae8431e45b357520bb8407a6) Importer(2089858483,0ecaa5967403d082aa24f35e1b516d23) [PhysX] Initialized MultithreadedTaskDispatcher with 18 workers.
 -> (artifact id: '10ab463d83316b60165079854970515e') in 0.054357 seconds
Number of updated asset objects reloaded before import = 0
Number of asset objects unloaded after import = 18
========================================================================
Received Import Request.
  Time since last request: 0.000055 seconds.
  path: Assets/nappin/OfficeEssentialsPack/Prefabs/(Prb)CeilingLight2.prefab
  artifactKey: Guid(fc0dfbc5d3b0784439b0dd1fb69c4b12) Importer(2089858483,0ecaa5967403d082aa24f35e1b516d23)
Start importing Assets/nappin/OfficeEssentialsPack/Prefabs/(Prb)CeilingLight2.prefab using Guid(fc0dfbc5d3b0784439b0dd1fb69c4b12) Importer(2089858483,0ecaa5967403d082aa24f35e1b516d23) [PhysX] Initialized MultithreadedTaskDispatcher with 18 workers.
 -> (artifact id: 'c53520ea9111a426838a34a74bce3dae') in 0.053852 seconds
Number of updated asset objects reloaded before import = 0
Number of asset objects unloaded after import = 10
========================================================================
Received Import Request.
  Time since last request: 0.000063 seconds.
  path: Assets/nappin/OfficeEssentialsPack/Prefabs/(Prb)Container3.prefab
  artifactKey: Guid(cae6314782bce654798802c29aaac4b8) Importer(2089858483,0ecaa5967403d082aa24f35e1b516d23)
Start importing Assets/nappin/OfficeEssentialsPack/Prefabs/(Prb)Container3.prefab using Guid(cae6314782bce654798802c29aaac4b8) Importer(2089858483,0ecaa5967403d082aa24f35e1b516d23) [PhysX] Initialized MultithreadedTaskDispatcher with 18 workers.
 -> (artifact id: 'ff0651bdd7d2413a7f9b8892c6b4b561') in 0.114891 seconds
Number of updated asset objects reloaded before import = 0
Number of asset objects unloaded after import = 102
========================================================================
Received Import Request.
  Time since last request: 0.000250 seconds.
  path: Assets/nappin/OfficeEssentialsPack/Prefabs/(Prb)Container4.prefab
  artifactKey: Guid(88853fd459048b8449314defca9e8f92) Importer(2089858483,0ecaa5967403d082aa24f35e1b516d23)
Start importing Assets/nappin/OfficeEssentialsPack/Prefabs/(Prb)Container4.prefab using Guid(88853fd459048b8449314defca9e8f92) Importer(2089858483,0ecaa5967403d082aa24f35e1b516d23) [PhysX] Initialized MultithreadedTaskDispatcher with 18 workers.
 -> (artifact id: '3c5aaef2b0f311dc819d7cae1fb106a9') in 0.088463 seconds
Number of updated asset objects reloaded before import = 0
Number of asset objects unloaded after import = 249
========================================================================
Received Import Request.
  Time since last request: 0.000080 seconds.
  path: Assets/nappin/OfficeEssentialsPack/Models/(Msh)BookPile1.fbx
  artifactKey: Guid(a271b7bf9ed385c42928c5c8b77e1053) Importer(2089858483,0ecaa5967403d082aa24f35e1b516d23)
Start importing Assets/nappin/OfficeEssentialsPack/Models/(Msh)BookPile1.fbx using Guid(a271b7bf9ed385c42928c5c8b77e1053) Importer(2089858483,0ecaa5967403d082aa24f35e1b516d23) [PhysX] Initialized MultithreadedTaskDispatcher with 18 workers.
 -> (artifact id: '5ecab24fe80ac5929734a445ad514f62') in 0.111227 seconds
Number of updated asset objects reloaded before import = 0
Number of asset objects unloaded after import = 9
========================================================================
Received Import Request.
  Time since last request: 0.000055 seconds.
  path: Assets/nappin/OfficeEssentialsPack/Prefabs/(Prb)MediaConsole.prefab
  artifactKey: Guid(4120787eca51d3e46b9f4dfd0b614fe8) Importer(2089858483,0ecaa5967403d082aa24f35e1b516d23)
Start importing Assets/nappin/OfficeEssentialsPack/Prefabs/(Prb)MediaConsole.prefab using Guid(4120787eca51d3e46b9f4dfd0b614fe8) Importer(2089858483,0ecaa5967403d082aa24f35e1b516d23) [PhysX] Initialized MultithreadedTaskDispatcher with 18 workers.
 -> (artifact id: '0b42f885bc990bf267d02a9e1d5981d1') in 0.054831 seconds
Number of updated asset objects reloaded before import = 0
Number of asset objects unloaded after import = 18
========================================================================
Received Import Request.
  Time since last request: 0.000096 seconds.
  path: Assets/nappin/OfficeEssentialsPack/Prefabs/(Prb)Desk2.prefab
  artifactKey: Guid(067fb86e8e4f5744a82f28c508805f86) Importer(2089858483,0ecaa5967403d082aa24f35e1b516d23)
Start importing Assets/nappin/OfficeEssentialsPack/Prefabs/(Prb)Desk2.prefab using Guid(067fb86e8e4f5744a82f28c508805f86) Importer(2089858483,0ecaa5967403d082aa24f35e1b516d23) [PhysX] Initialized MultithreadedTaskDispatcher with 18 workers.
 -> (artifact id: '1c1e7a0f2c01abb3d790bc578fc56bc2') in 0.066951 seconds
Number of updated asset objects reloaded before import = 0
Number of asset objects unloaded after import = 32
========================================================================
Received Import Request.
  Time since last request: 0.000068 seconds.
  path: Assets/nappin/OfficeEssentialsPack/Prefabs/(Prb)Fatboy.prefab
  artifactKey: Guid(2c6803eaefbe99844936e0fdb90f45b0) Importer(2089858483,0ecaa5967403d082aa24f35e1b516d23)
Start importing Assets/nappin/OfficeEssentialsPack/Prefabs/(Prb)Fatboy.prefab using Guid(2c6803eaefbe99844936e0fdb90f45b0) Importer(2089858483,0ecaa5967403d082aa24f35e1b516d23) [PhysX] Initialized MultithreadedTaskDispatcher with 18 workers.
 -> (artifact id: '69768d76413f08bf194afb9bba0fd89a') in 0.061376 seconds
Number of updated asset objects reloaded before import = 0
Number of asset objects unloaded after import = 10
========================================================================
Received Import Request.
  Time since last request: 0.000053 seconds.
  path: Assets/nappin/OfficeEssentialsPack/Prefabs/(Prb)KitchenModule.prefab
  artifactKey: Guid(ed097709fffbe46488ab5df91f69939c) Importer(2089858483,0ecaa5967403d082aa24f35e1b516d23)
Start importing Assets/nappin/OfficeEssentialsPack/Prefabs/(Prb)KitchenModule.prefab using Guid(ed097709fffbe46488ab5df91f69939c) Importer(2089858483,0ecaa5967403d082aa24f35e1b516d23) [PhysX] Initialized MultithreadedTaskDispatcher with 18 workers.
 -> (artifact id: 'fb8083469f116332a415789df9a24683') in 0.075722 seconds
Number of updated asset objects reloaded before import = 0
Number of asset objects unloaded after import = 10
========================================================================
Received Import Request.
  Time since last request: 0.000061 seconds.
  path: Assets/nappin/OfficeEssentialsPack/Prefabs/(Prb)CornerSofa_pillowT.prefab
  artifactKey: Guid(138d0852e3d6a79458e885febb13bb03) Importer(2089858483,0ecaa5967403d082aa24f35e1b516d23)
Start importing Assets/nappin/OfficeEssentialsPack/Prefabs/(Prb)CornerSofa_pillowT.prefab using Guid(138d0852e3d6a79458e885febb13bb03) Importer(2089858483,0ecaa5967403d082aa24f35e1b516d23) [PhysX] Initialized MultithreadedTaskDispatcher with 18 workers.
 -> (artifact id: '147f0257dc552222d7a2d81836d0552b') in 0.094409 seconds
Number of updated asset objects reloaded before import = 0
Number of asset objects unloaded after import = 10
========================================================================
Received Import Request.
  Time since last request: 0.000083 seconds.
  path: Assets/nappin/OfficeEssentialsPack/Prefabs/(Prb)Microwave.prefab
  artifactKey: Guid(52d6dcae9530f6f4e9af1bb2b9a6c1fc) Importer(2089858483,0ecaa5967403d082aa24f35e1b516d23)
Start importing Assets/nappin/OfficeEssentialsPack/Prefabs/(Prb)Microwave.prefab using Guid(52d6dcae9530f6f4e9af1bb2b9a6c1fc) Importer(2089858483,0ecaa5967403d082aa24f35e1b516d23) [PhysX] Initialized MultithreadedTaskDispatcher with 18 workers.
 -> (artifact id: '44c1dcfa23266b6ce192971009c5fc7c') in 0.099199 seconds
Number of updated asset objects reloaded before import = 0
Number of asset objects unloaded after import = 10
========================================================================
Received Import Request.
  Time since last request: 0.000054 seconds.
  path: Assets/nappin/OfficeEssentialsPack/Prefabs/(Prb)DocumentHolder.prefab
  artifactKey: Guid(6f7b9206e8634ed49be22ce24b106709) Importer(2089858483,0ecaa5967403d082aa24f35e1b516d23)
Start importing Assets/nappin/OfficeEssentialsPack/Prefabs/(Prb)DocumentHolder.prefab using Guid(6f7b9206e8634ed49be22ce24b106709) Importer(2089858483,0ecaa5967403d082aa24f35e1b516d23) [PhysX] Initialized MultithreadedTaskDispatcher with 18 workers.
 -> (artifact id: 'a5f2c915a07c3ef69a716fa5ee4bfe80') in 0.050139 seconds
Number of updated asset objects reloaded before import = 0
Number of asset objects unloaded after import = 10
========================================================================
Received Import Request.
  Time since last request: 0.000063 seconds.
  path: Assets/nappin/OfficeEssentialsPack/Prefabs/(Prb)KitchenIsland.prefab
  artifactKey: Guid(255e79009c0081f4b90ea3205cc262c1) Importer(2089858483,0ecaa5967403d082aa24f35e1b516d23)
Start importing Assets/nappin/OfficeEssentialsPack/Prefabs/(Prb)KitchenIsland.prefab using Guid(255e79009c0081f4b90ea3205cc262c1) Importer(2089858483,0ecaa5967403d082aa24f35e1b516d23) [PhysX] Initialized MultithreadedTaskDispatcher with 18 workers.
 -> (artifact id: 'a998fe2d6ec6e6d084f9125c0b8ed7b9') in 0.128453 seconds
Number of updated asset objects reloaded before import = 0
Number of asset objects unloaded after import = 43
========================================================================
Received Import Request.
  Time since last request: 0.000061 seconds.
  path: Assets/nappin/OfficeEssentialsPack/Prefabs/(Prb)Separator.prefab
  artifactKey: Guid(00054b7f105fdce479315a0b18b079e7) Importer(2089858483,0ecaa5967403d082aa24f35e1b516d23)
Start importing Assets/nappin/OfficeEssentialsPack/Prefabs/(Prb)Separator.prefab using Guid(00054b7f105fdce479315a0b18b079e7) Importer(2089858483,0ecaa5967403d082aa24f35e1b516d23) [PhysX] Initialized MultithreadedTaskDispatcher with 18 workers.
 -> (artifact id: '881629a498fb754db305bf0fdd5c439a') in 0.084127 seconds
Number of updated asset objects reloaded before import = 0
Number of asset objects unloaded after import = 10
========================================================================
Received Import Request.
  Time since last request: 0.000091 seconds.
  path: Assets/nappin/OfficeEssentialsPack/Prefabs/(Prb)Printer.prefab
  artifactKey: Guid(aae064ec06860f04787f3ee19de1c0c1) Importer(2089858483,0ecaa5967403d082aa24f35e1b516d23)
Start importing Assets/nappin/OfficeEssentialsPack/Prefabs/(Prb)Printer.prefab using Guid(aae064ec06860f04787f3ee19de1c0c1) Importer(2089858483,0ecaa5967403d082aa24f35e1b516d23) [PhysX] Initialized MultithreadedTaskDispatcher with 18 workers.
 -> (artifact id: '13a8995c4f2b2c7266e1372fe814b702') in 0.121450 seconds
Number of updated asset objects reloaded before import = 0
Number of asset objects unloaded after import = 10
========================================================================
Received Import Request.
  Time since last request: 0.000075 seconds.
  path: Assets/nappin/OfficeEssentialsPack/Prefabs/(Prb)Rack.prefab
  artifactKey: Guid(9b9a47e6447b0404fad889aea9f6360b) Importer(2089858483,0ecaa5967403d082aa24f35e1b516d23)
Start importing Assets/nappin/OfficeEssentialsPack/Prefabs/(Prb)Rack.prefab using Guid(9b9a47e6447b0404fad889aea9f6360b) Importer(2089858483,0ecaa5967403d082aa24f35e1b516d23) [PhysX] Initialized MultithreadedTaskDispatcher with 18 workers.
 -> (artifact id: '98e87d7eedc273414e9ddef5b159e425') in 0.124318 seconds
Number of updated asset objects reloaded before import = 0
Number of asset objects unloaded after import = 28
========================================================================
Received Import Request.
  Time since last request: 0.000212 seconds.
  path: Assets/nappin/OfficeEssentialsPack/Prefabs/(Prb)Shelf1.prefab
  artifactKey: Guid(706836d784292a74097d31519e9337fa) Importer(2089858483,0ecaa5967403d082aa24f35e1b516d23)
Start importing Assets/nappin/OfficeEssentialsPack/Prefabs/(Prb)Shelf1.prefab using Guid(706836d784292a74097d31519e9337fa) Importer(2089858483,0ecaa5967403d082aa24f35e1b516d23) [PhysX] Initialized MultithreadedTaskDispatcher with 18 workers.
 -> (artifact id: '5a5bcee0915fdc7182234c563c4b3f26') in 0.130485 seconds
Number of updated asset objects reloaded before import = 0
Number of asset objects unloaded after import = 10
========================================================================
Received Import Request.
  Time since last request: 0.000762 seconds.
  path: Assets/nappin/OfficeEssentialsPack/Prefabs/(Prb)SeparatorDoor.prefab
  artifactKey: Guid(fd9a0b6c96158cf4291ea793dcd09c5e) Importer(2089858483,0ecaa5967403d082aa24f35e1b516d23)
Start importing Assets/nappin/OfficeEssentialsPack/Prefabs/(Prb)SeparatorDoor.prefab using Guid(fd9a0b6c96158cf4291ea793dcd09c5e) Importer(2089858483,0ecaa5967403d082aa24f35e1b516d23) [PhysX] Initialized MultithreadedTaskDispatcher with 18 workers.
 -> (artifact id: '027fc326943ad61101624bd1d8e64fc1') in 0.063207 seconds
Number of updated asset objects reloaded before import = 0
Number of asset objects unloaded after import = 18
========================================================================
Received Import Request.
  Time since last request: 0.000051 seconds.
  path: Assets/nappin/OfficeEssentialsPack/Prefabs/(Prb)Mirror3.prefab
  artifactKey: Guid(66b5913f917258d4a982cbb1fc5a748b) Importer(2089858483,0ecaa5967403d082aa24f35e1b516d23)
Start importing Assets/nappin/OfficeEssentialsPack/Prefabs/(Prb)Mirror3.prefab using Guid(66b5913f917258d4a982cbb1fc5a748b) Importer(2089858483,0ecaa5967403d082aa24f35e1b516d23) [PhysX] Initialized MultithreadedTaskDispatcher with 18 workers.
 -> (artifact id: '280fb3af3946cb30c569f27a384758b8') in 0.114817 seconds
Number of updated asset objects reloaded before import = 0
Number of asset objects unloaded after import = 10
========================================================================
Received Import Request.
  Time since last request: 0.000068 seconds.
  path: Assets/nappin/OfficeEssentialsPack/Prefabs/(Prb)Sofa_pillowT.prefab
  artifactKey: Guid(38a6a1df4a5ef5f4b8107ff806b527c0) Importer(2089858483,0ecaa5967403d082aa24f35e1b516d23)
Start importing Assets/nappin/OfficeEssentialsPack/Prefabs/(Prb)Sofa_pillowT.prefab using Guid(38a6a1df4a5ef5f4b8107ff806b527c0) Importer(2089858483,0ecaa5967403d082aa24f35e1b516d23) [PhysX] Initialized MultithreadedTaskDispatcher with 18 workers.
 -> (artifact id: '2bba79eb6d2a8d3271973ace20ef8f63') in 0.139865 seconds
Number of updated asset objects reloaded before import = 0
Number of asset objects unloaded after import = 10
========================================================================
Received Import Request.
  Time since last request: 0.000068 seconds.
  path: Assets/nappin/OfficeEssentialsPack/Prefabs/(Prb)Window.prefab
  artifactKey: Guid(89cfaf2600805bd4f9562f6e545966f7) Importer(2089858483,0ecaa5967403d082aa24f35e1b516d23)
Start importing Assets/nappin/OfficeEssentialsPack/Prefabs/(Prb)Window.prefab using Guid(89cfaf2600805bd4f9562f6e545966f7) Importer(2089858483,0ecaa5967403d082aa24f35e1b516d23) [PhysX] Initialized MultithreadedTaskDispatcher with 18 workers.
 -> (artifact id: '441053abe36c9923757836a300f12bce') in 0.087142 seconds
Number of updated asset objects reloaded before import = 0
Number of asset objects unloaded after import = 18
========================================================================
Received Import Request.
  Time since last request: 0.000103 seconds.
  path: Assets/nappin/OfficeEssentialsPack/Textures/(Txt)GradientDarkgreen.png
  artifactKey: Guid(8ade6825967f29e4e9447897ae3c8878) Importer(2089858483,0ecaa5967403d082aa24f35e1b516d23)
Start importing Assets/nappin/OfficeEssentialsPack/Textures/(Txt)GradientDarkgreen.png using Guid(8ade6825967f29e4e9447897ae3c8878) Importer(2089858483,0ecaa5967403d082aa24f35e1b516d23) [PhysX] Initialized MultithreadedTaskDispatcher with 18 workers.
 -> (artifact id: '713f424ca99b5d0c50509c22ece9f3b7') in 0.120282 seconds
Number of updated asset objects reloaded before import = 0
Number of asset objects unloaded after import = 1
========================================================================
Received Import Request.
  Time since last request: 0.000151 seconds.
  path: Assets/nappin/OfficeEssentialsPack/Textures/(Txt)GradientGrey.png
  artifactKey: Guid(df845f1b1122f644ab4fbfbd3b3c763f) Importer(2089858483,0ecaa5967403d082aa24f35e1b516d23)
Start importing Assets/nappin/OfficeEssentialsPack/Textures/(Txt)GradientGrey.png using Guid(df845f1b1122f644ab4fbfbd3b3c763f) Importer(2089858483,0ecaa5967403d082aa24f35e1b516d23) [PhysX] Initialized MultithreadedTaskDispatcher with 18 workers.
 -> (artifact id: '05759f429d0f60ca83263b99b33c1b75') in 0.137467 seconds
Number of updated asset objects reloaded before import = 0
Number of asset objects unloaded after import = 1
========================================================================
Received Import Request.
  Time since last request: 0.000196 seconds.
  path: Assets/nappin/OfficeEssentialsPack/Textures/(Txt)GradientGreen.png
  artifactKey: Guid(b3d2d9ac8c50c0743af991b469817ddc) Importer(2089858483,0ecaa5967403d082aa24f35e1b516d23)
Start importing Assets/nappin/OfficeEssentialsPack/Textures/(Txt)GradientGreen.png using Guid(b3d2d9ac8c50c0743af991b469817ddc) Importer(2089858483,0ecaa5967403d082aa24f35e1b516d23) [PhysX] Initialized MultithreadedTaskDispatcher with 18 workers.
 -> (artifact id: 'ff30d1944e4c9d986d681a85cacfc529') in 0.111659 seconds
Number of updated asset objects reloaded before import = 0
Number of asset objects unloaded after import = 1
========================================================================
Received Import Request.
  Time since last request: 0.000309 seconds.
  path: Assets/nappin/OfficeEssentialsPack/Prefabs/(Prb)Wardrobe.prefab
  artifactKey: Guid(bdeb57ff900e167419635eef4854627d) Importer(2089858483,0ecaa5967403d082aa24f35e1b516d23)
Start importing Assets/nappin/OfficeEssentialsPack/Prefabs/(Prb)Wardrobe.prefab using Guid(bdeb57ff900e167419635eef4854627d) Importer(2089858483,0ecaa5967403d082aa24f35e1b516d23) [PhysX] Initialized MultithreadedTaskDispatcher with 18 workers.
 -> (artifact id: '5cf06921972674dac320bb924ed18725') in 0.095295 seconds
Number of updated asset objects reloaded before import = 0
Number of asset objects unloaded after import = 72
========================================================================
Received Import Request.
  Time since last request: 0.000070 seconds.
  path: Assets/npc_casual_set_00/Mesh/Mesh_Parts/npc_hmn_01f_head2.fbx
  artifactKey: Guid(a31fd8a1483fa6d4bbb28a6b639796c2) Importer(2089858483,0ecaa5967403d082aa24f35e1b516d23)
Start importing Assets/npc_casual_set_00/Mesh/Mesh_Parts/npc_hmn_01f_head2.fbx using Guid(a31fd8a1483fa6d4bbb28a6b639796c2) Importer(2089858483,0ecaa5967403d082aa24f35e1b516d23) [PhysX] Initialized MultithreadedTaskDispatcher with 18 workers.
 -> (artifact id: '4373fd4392ab4ae43a3fcc68ab1e4db8') in 0.227257 seconds
Number of updated asset objects reloaded before import = 0
Number of asset objects unloaded after import = 145
========================================================================
Received Import Request.
  Time since last request: 0.000094 seconds.
  path: Assets/nappin/HouseInteriorPack/Models/(Msh)DoubleBed.fbx
  artifactKey: Guid(227a980a170209f459e7e52b2bc42d0b) Importer(2089858483,0ecaa5967403d082aa24f35e1b516d23)
Start importing Assets/nappin/HouseInteriorPack/Models/(Msh)DoubleBed.fbx using Guid(227a980a170209f459e7e52b2bc42d0b) Importer(2089858483,0ecaa5967403d082aa24f35e1b516d23) [PhysX] Initialized MultithreadedTaskDispatcher with 18 workers.
 -> (artifact id: 'c43df246dc6fbd6e314e4f9e6477a5f1') in 0.262940 seconds
Number of updated asset objects reloaded before import = 0
Number of asset objects unloaded after import = 46
========================================================================
Received Import Request.
  Time since last request: 0.000071 seconds.
  path: Assets/npc_casual_set_00/Mesh/Mesh_Parts/npc_csl_tshirt_00f_parts.fbx
  artifactKey: Guid(3366e8e9bbce61f4cb8dc95e5707f1e7) Importer(2089858483,0ecaa5967403d082aa24f35e1b516d23)
Start importing Assets/npc_casual_set_00/Mesh/Mesh_Parts/npc_csl_tshirt_00f_parts.fbx using Guid(3366e8e9bbce61f4cb8dc95e5707f1e7) Importer(2089858483,0ecaa5967403d082aa24f35e1b516d23) [PhysX] Initialized MultithreadedTaskDispatcher with 18 workers.
 -> (artifact id: '3817b2ac86e66315d01e45a697d3a69b') in 0.439717 seconds
Number of updated asset objects reloaded before import = 0
Number of asset objects unloaded after import = 205
========================================================================
Received Import Request.
  Time since last request: 0.000110 seconds.
  path: Assets/npc_casual_set_00/Mesh/Mesh_Parts/npc_hmn_01f_lowerbody1.fbx
  artifactKey: Guid(a96ba997ee9c0b44b970ab167e820f99) Importer(2089858483,0ecaa5967403d082aa24f35e1b516d23)
Start importing Assets/npc_casual_set_00/Mesh/Mesh_Parts/npc_hmn_01f_lowerbody1.fbx using Guid(a96ba997ee9c0b44b970ab167e820f99) Importer(2089858483,0ecaa5967403d082aa24f35e1b516d23) [PhysX] Initialized MultithreadedTaskDispatcher with 18 workers.
 -> (artifact id: 'cd9fbeee8bf15e4037eed64fe002ef1a') in 0.258719 seconds
Number of updated asset objects reloaded before import = 0
Number of asset objects unloaded after import = 145
========================================================================
Received Import Request.
  Time since last request: 0.000099 seconds.
  path: Assets/npc_casual_set_00/Mesh/Mesh_Parts/npc_csl_shirtopenrolled_00m_torso.fbx
  artifactKey: Guid(38138512414ad384bb197f5e3106dc0b) Importer(2089858483,0ecaa5967403d082aa24f35e1b516d23)
Start importing Assets/npc_casual_set_00/Mesh/Mesh_Parts/npc_csl_shirtopenrolled_00m_torso.fbx using Guid(38138512414ad384bb197f5e3106dc0b) Importer(2089858483,0ecaa5967403d082aa24f35e1b516d23) [PhysX] Initialized MultithreadedTaskDispatcher with 18 workers.
 -> (artifact id: '1caefbddeced5b6e14ad905ec29e3094') in 0.295482 seconds
Number of updated asset objects reloaded before import = 0
Number of asset objects unloaded after import = 145
========================================================================
Received Import Request.
  Time since last request: 0.000095 seconds.
  path: Assets/npc_casual_set_00/Mesh/Mesh_Parts/npc_hmn_01f_upperbody3.fbx
  artifactKey: Guid(b80fa321e8327bd408fc7d571ba05c3a) Importer(2089858483,0ecaa5967403d082aa24f35e1b516d23)
Start importing Assets/npc_casual_set_00/Mesh/Mesh_Parts/npc_hmn_01f_upperbody3.fbx using Guid(b80fa321e8327bd408fc7d571ba05c3a) Importer(2089858483,0ecaa5967403d082aa24f35e1b516d23) [PhysX] Initialized MultithreadedTaskDispatcher with 18 workers.
 -> (artifact id: '4094979fedec29a167dc154f37e63f46') in 0.279888 seconds
Number of updated asset objects reloaded before import = 0
Number of asset objects unloaded after import = 145
========================================================================
Received Import Request.
  Time since last request: 0.000071 seconds.
  path: Assets/npc_casual_set_00/Mesh/Mesh_Parts/npc_csl_shirtopenrolled_00f_torso.fbx
  artifactKey: Guid(403c4ff45e5036a43a193437f22f8f35) Importer(2089858483,0ecaa5967403d082aa24f35e1b516d23)
Start importing Assets/npc_casual_set_00/Mesh/Mesh_Parts/npc_csl_shirtopenrolled_00f_torso.fbx using Guid(403c4ff45e5036a43a193437f22f8f35) Importer(2089858483,0ecaa5967403d082aa24f35e1b516d23) [PhysX] Initialized MultithreadedTaskDispatcher with 18 workers.
 -> (artifact id: 'd4b9d85c4c104ca1d4a166f2583b69de') in 0.207844 seconds
Number of updated asset objects reloaded before import = 0
Number of asset objects unloaded after import = 145
========================================================================
Received Import Request.
  Time since last request: 0.000099 seconds.
  path: Assets/npc_casual_set_00/Mesh/Mesh_Parts/npc_hmn_01m_fingers1.fbx
  artifactKey: Guid(ffa66f020c41a8b4f9b0c308d850d905) Importer(2089858483,0ecaa5967403d082aa24f35e1b516d23)
Start importing Assets/npc_casual_set_00/Mesh/Mesh_Parts/npc_hmn_01m_fingers1.fbx using Guid(ffa66f020c41a8b4f9b0c308d850d905) Importer(2089858483,0ecaa5967403d082aa24f35e1b516d23) [PhysX] Initialized MultithreadedTaskDispatcher with 18 workers.
 -> (artifact id: '1223f028c5235c5bbab43c6620bd2882') in 0.224825 seconds
Number of updated asset objects reloaded before import = 0
Number of asset objects unloaded after import = 141
========================================================================
Received Import Request.
  Time since last request: 0.000073 seconds.
  path: Assets/npc_casual_set_00/Mesh/Mesh_Parts/npc_hmn_01f_arms4.fbx
  artifactKey: Guid(90f2dd1b34af2574a90756696b6db3df) Importer(2089858483,0ecaa5967403d082aa24f35e1b516d23)
Start importing Assets/npc_casual_set_00/Mesh/Mesh_Parts/npc_hmn_01f_arms4.fbx using Guid(90f2dd1b34af2574a90756696b6db3df) Importer(2089858483,0ecaa5967403d082aa24f35e1b516d23) [PhysX] Initialized MultithreadedTaskDispatcher with 18 workers.
 -> (artifact id: 'b21b3f72757a88623307c62d358d0103') in 0.211072 seconds
Number of updated asset objects reloaded before import = 0
Number of asset objects unloaded after import = 145
========================================================================
Received Import Request.
  Time since last request: 0.000060 seconds.
  path: Assets/npc_casual_set_00/Mesh/Mesh_Parts/npc_hmn_01f_upperbody2.fbx
  artifactKey: Guid(e55bb1743f855884c9ba1cfa3cc30a1f) Importer(2089858483,0ecaa5967403d082aa24f35e1b516d23)
Start importing Assets/npc_casual_set_00/Mesh/Mesh_Parts/npc_hmn_01f_upperbody2.fbx using Guid(e55bb1743f855884c9ba1cfa3cc30a1f) Importer(2089858483,0ecaa5967403d082aa24f35e1b516d23) [PhysX] Initialized MultithreadedTaskDispatcher with 18 workers.
 -> (artifact id: 'ed3ee258d301c23d12fd6710e33db69d') in 0.238797 seconds
Number of updated asset objects reloaded before import = 0
Number of asset objects unloaded after import = 145
========================================================================
Received Import Request.
  Time since last request: 0.000068 seconds.
  path: Assets/npc_casual_set_00/Mesh/Mesh_Parts/npc_hmn_01m_lowerbody4.fbx
  artifactKey: Guid(90276021a3ec2c448bb5f7f26b733196) Importer(2089858483,0ecaa5967403d082aa24f35e1b516d23)
Start importing Assets/npc_casual_set_00/Mesh/Mesh_Parts/npc_hmn_01m_lowerbody4.fbx using Guid(90276021a3ec2c448bb5f7f26b733196) Importer(2089858483,0ecaa5967403d082aa24f35e1b516d23) [PhysX] Initialized MultithreadedTaskDispatcher with 18 workers.
 -> (artifact id: '1f9b17e0349ed7551fd932365094d068') in 0.187210 seconds
Number of updated asset objects reloaded before import = 0
Number of asset objects unloaded after import = 145
========================================================================
Received Import Request.
  Time since last request: 0.000109 seconds.
  path: Assets/npc_casual_set_00/Mesh/Mesh_Parts/npc_hmn_01m_lowerbody2.fbx
  artifactKey: Guid(cc97141ab321ac840b53e391a8a79ea8) Importer(2089858483,0ecaa5967403d082aa24f35e1b516d23)
Start importing Assets/npc_casual_set_00/Mesh/Mesh_Parts/npc_hmn_01m_lowerbody2.fbx using Guid(cc97141ab321ac840b53e391a8a79ea8) Importer(2089858483,0ecaa5967403d082aa24f35e1b516d23) [PhysX] Initialized MultithreadedTaskDispatcher with 18 workers.
 -> (artifact id: 'c009071bc143b43452e5989d4422ae42') in 0.212889 seconds
Number of updated asset objects reloaded before import = 0
Number of asset objects unloaded after import = 145
========================================================================
Received Import Request.
  Time since last request: 0.000098 seconds.
  path: Assets/npc_casual_set_00/Mesh/Mesh_Parts/npc_hmn_01m_head2.fbx
  artifactKey: Guid(7c47e66c2bc5f8c40a885370adf714a1) Importer(2089858483,0ecaa5967403d082aa24f35e1b516d23)
Start importing Assets/npc_casual_set_00/Mesh/Mesh_Parts/npc_hmn_01m_head2.fbx using Guid(7c47e66c2bc5f8c40a885370adf714a1) Importer(2089858483,0ecaa5967403d082aa24f35e1b516d23) [PhysX] Initialized MultithreadedTaskDispatcher with 18 workers.
 -> (artifact id: '26bc23e2d0bc13c81ae655b2728cad20') in 0.196207 seconds
Number of updated asset objects reloaded before import = 0
Number of asset objects unloaded after import = 145
========================================================================
Received Import Request.
  Time since last request: 0.000095 seconds.
  path: Assets/npc_casual_set_00/Mesh/Mesh_Parts/npc_hmn_01m_torso4.fbx
  artifactKey: Guid(b75cb15a639f5b445980494bc81771e0) Importer(2089858483,0ecaa5967403d082aa24f35e1b516d23)
Start importing Assets/npc_casual_set_00/Mesh/Mesh_Parts/npc_hmn_01m_torso4.fbx using Guid(b75cb15a639f5b445980494bc81771e0) Importer(2089858483,0ecaa5967403d082aa24f35e1b516d23) [PhysX] Initialized MultithreadedTaskDispatcher with 18 workers.
 -> (artifact id: '4acaeb48da153567f3ec8aae3a9f64b8') in 0.203565 seconds
Number of updated asset objects reloaded before import = 0
Number of asset objects unloaded after import = 145
========================================================================
Received Import Request.
  Time since last request: 0.000087 seconds.
  path: Assets/npc_casual_set_00/Mesh/Mesh_Parts/npc_hmn_01m_upperbody2.fbx
  artifactKey: Guid(c81aada448eca4040acff5c4d298a3b5) Importer(2089858483,0ecaa5967403d082aa24f35e1b516d23)
Start importing Assets/npc_casual_set_00/Mesh/Mesh_Parts/npc_hmn_01m_upperbody2.fbx using Guid(c81aada448eca4040acff5c4d298a3b5) Importer(2089858483,0ecaa5967403d082aa24f35e1b516d23) [PhysX] Initialized MultithreadedTaskDispatcher with 18 workers.
 -> (artifact id: '034e20dc3150abd65e637f2069bd54aa') in 0.221620 seconds
Number of updated asset objects reloaded before import = 0
Number of asset objects unloaded after import = 145
========================================================================
Received Import Request.
  Time since last request: 0.000102 seconds.
  path: Assets/npc_casual_set_00/Mesh/Mesh_Parts/npc_hmn_01m_lowerbody5.fbx
  artifactKey: Guid(4c7b7284ce19c474f90bd488236e3a32) Importer(2089858483,0ecaa5967403d082aa24f35e1b516d23)
Start importing Assets/npc_casual_set_00/Mesh/Mesh_Parts/npc_hmn_01m_lowerbody5.fbx using Guid(4c7b7284ce19c474f90bd488236e3a32) Importer(2089858483,0ecaa5967403d082aa24f35e1b516d23) [PhysX] Initialized MultithreadedTaskDispatcher with 18 workers.
 -> (artifact id: 'efbe9a7a7758dfa2dba7791573554d0a') in 0.197222 seconds
Number of updated asset objects reloaded before import = 0
Number of asset objects unloaded after import = 145
========================================================================
Received Import Request.
  Time since last request: 0.000074 seconds.
  path: Assets/npc_casual_set_00/Prefabs/Prefabs_Parts/npc_csl_shirtopenrolled_00f_parts.prefab
  artifactKey: Guid(2b6fc42c014ff6845b9adfe3be76c884) Importer(2089858483,0ecaa5967403d082aa24f35e1b516d23)
Start importing Assets/npc_casual_set_00/Prefabs/Prefabs_Parts/npc_csl_shirtopenrolled_00f_parts.prefab using Guid(2b6fc42c014ff6845b9adfe3be76c884) Importer(2089858483,0ecaa5967403d082aa24f35e1b516d23) [PhysX] Initialized MultithreadedTaskDispatcher with 18 workers.
 -> (artifact id: '2b2da7ef054d7049b026c435051d2d3b') in 0.076869 seconds
Number of updated asset objects reloaded before import = 0
Number of asset objects unloaded after import = 338
========================================================================
Received Import Request.
  Time since last request: 0.000092 seconds.
  path: Assets/npc_casual_set_00/Mesh/Mesh_Parts/npc_hmn_01m_upperbody4.fbx
  artifactKey: Guid(dbd47671905a32148aec3885be7f3146) Importer(2089858483,0ecaa5967403d082aa24f35e1b516d23)
Start importing Assets/npc_casual_set_00/Mesh/Mesh_Parts/npc_hmn_01m_upperbody4.fbx using Guid(dbd47671905a32148aec3885be7f3146) Importer(2089858483,0ecaa5967403d082aa24f35e1b516d23) [PhysX] Initialized MultithreadedTaskDispatcher with 18 workers.
 -> (artifact id: '5c7d8aed5d04f805d8edf7a918322c1f') in 0.231612 seconds
Number of updated asset objects reloaded before import = 0
Number of asset objects unloaded after import = 145
========================================================================
Received Import Request.
  Time since last request: 0.000086 seconds.
  path: Assets/npc_casual_set_00/Mesh/Mesh_Parts/npc_hmn_01f_arms2.fbx
  artifactKey: Guid(06856ec0f8dac7f4ebac851640e0daf4) Importer(2089858483,0ecaa5967403d082aa24f35e1b516d23)
Start importing Assets/npc_casual_set_00/Mesh/Mesh_Parts/npc_hmn_01f_arms2.fbx using Guid(06856ec0f8dac7f4ebac851640e0daf4) Importer(2089858483,0ecaa5967403d082aa24f35e1b516d23) [PhysX] Initialized MultithreadedTaskDispatcher with 18 workers.
 -> (artifact id: '325a4389d3681078ce0b4c930ee2e9f3') in 0.225832 seconds
Number of updated asset objects reloaded before import = 0
Number of asset objects unloaded after import = 145
========================================================================
Received Import Request.
  Time since last request: 0.000089 seconds.
  path: Assets/npc_casual_set_00/Prefabs/Prefabs_Parts/npc_csl_tshirt_00f_frontal.prefab
  artifactKey: Guid(fdedf2018fba6704780a7d4db1cffc0d) Importer(2089858483,0ecaa5967403d082aa24f35e1b516d23)
Start importing Assets/npc_casual_set_00/Prefabs/Prefabs_Parts/npc_csl_tshirt_00f_frontal.prefab using Guid(fdedf2018fba6704780a7d4db1cffc0d) Importer(2089858483,0ecaa5967403d082aa24f35e1b516d23) [PhysX] Initialized MultithreadedTaskDispatcher with 18 workers.
 -> (artifact id: '5162076c613e25e459b20bf7b4e701db') in 0.079934 seconds
Number of updated asset objects reloaded before import = 0
Number of asset objects unloaded after import = 283
========================================================================
Received Import Request.
  Time since last request: 0.000111 seconds.
  path: Assets/npc_casual_set_00/Prefabs/Prefabs_Parts/npc_csl_tshirt_00f_torso.prefab
  artifactKey: Guid(db61a297e075bf74183625e11b7ed82c) Importer(2089858483,0ecaa5967403d082aa24f35e1b516d23)
Start importing Assets/npc_casual_set_00/Prefabs/Prefabs_Parts/npc_csl_tshirt_00f_torso.prefab using Guid(db61a297e075bf74183625e11b7ed82c) Importer(2089858483,0ecaa5967403d082aa24f35e1b516d23) [PhysX] Initialized MultithreadedTaskDispatcher with 18 workers.
 -> (artifact id: 'ddd7896e2ae901c8daa041f073ba1743') in 0.081621 seconds
Number of updated asset objects reloaded before import = 0
Number of asset objects unloaded after import = 283
========================================================================
Received Import Request.
  Time since last request: 0.000063 seconds.
  path: Assets/npc_casual_set_00/Mesh/Mesh_Parts/npc_hmn_01m_upperbody3.fbx
  artifactKey: Guid(4a4107544e7c65642b687d7a385611d4) Importer(2089858483,0ecaa5967403d082aa24f35e1b516d23)
Start importing Assets/npc_casual_set_00/Mesh/Mesh_Parts/npc_hmn_01m_upperbody3.fbx using Guid(4a4107544e7c65642b687d7a385611d4) Importer(2089858483,0ecaa5967403d082aa24f35e1b516d23) [PhysX] Initialized MultithreadedTaskDispatcher with 18 workers.
 -> (artifact id: '3b5e8a2b1f13074fbacfea347a797f3f') in 0.224572 seconds
Number of updated asset objects reloaded before import = 0
Number of asset objects unloaded after import = 145
========================================================================
Received Import Request.
  Time since last request: 0.000064 seconds.
  path: Assets/npc_casual_set_00/Prefabs/Prefabs_Parts/npc_csl_shirtopenrolled_00m_parts.prefab
  artifactKey: Guid(b7661abe58e3f374e887175d9b8995ec) Importer(2089858483,0ecaa5967403d082aa24f35e1b516d23)
Start importing Assets/npc_casual_set_00/Prefabs/Prefabs_Parts/npc_csl_shirtopenrolled_00m_parts.prefab using Guid(b7661abe58e3f374e887175d9b8995ec) Importer(2089858483,0ecaa5967403d082aa24f35e1b516d23) [PhysX] Initialized MultithreadedTaskDispatcher with 18 workers.
 -> (artifact id: '602e851c1d23ebcbedf1f0f9cfb70d9d') in 0.073109 seconds
Number of updated asset objects reloaded before import = 0
Number of asset objects unloaded after import = 338
========================================================================
Received Import Request.
  Time since last request: 0.000110 seconds.
  path: Assets/npc_casual_set_00/Prefabs/Prefabs_Parts/npc_hmn_01f_arms1.prefab
  artifactKey: Guid(5410410975d3dd240bcc96331956feba) Importer(2089858483,0ecaa5967403d082aa24f35e1b516d23)
Start importing Assets/npc_casual_set_00/Prefabs/Prefabs_Parts/npc_hmn_01f_arms1.prefab using Guid(5410410975d3dd240bcc96331956feba) Importer(2089858483,0ecaa5967403d082aa24f35e1b516d23) [PhysX] Initialized MultithreadedTaskDispatcher with 18 workers.
 -> (artifact id: 'd3e56369070fe772bfe968ce0bf44771') in 0.069810 seconds
Number of updated asset objects reloaded before import = 0
Number of asset objects unloaded after import = 283
========================================================================
Received Import Request.
  Time since last request: 0.000074 seconds.
  path: Assets/npc_casual_set_00/Prefabs/Prefabs_Parts/npc_hmn_01f_arms4.prefab
  artifactKey: Guid(5f5030d9eb5a52c4f8af85c27c711a84) Importer(2089858483,0ecaa5967403d082aa24f35e1b516d23)
Start importing Assets/npc_casual_set_00/Prefabs/Prefabs_Parts/npc_hmn_01f_arms4.prefab using Guid(5f5030d9eb5a52c4f8af85c27c711a84) Importer(2089858483,0ecaa5967403d082aa24f35e1b516d23) [PhysX] Initialized MultithreadedTaskDispatcher with 18 workers.
 -> (artifact id: 'b4c8f69b6b934c2320606378122beeef') in 0.068405 seconds
Number of updated asset objects reloaded before import = 0
Number of asset objects unloaded after import = 283
========================================================================
Received Import Request.
  Time since last request: 0.000052 seconds.
  path: Assets/npc_casual_set_00/Prefabs/Prefabs_Parts/npc_hmn_01f_fingers2.prefab
  artifactKey: Guid(f9bc0da6043e6d246a5d5574be42775b) Importer(2089858483,0ecaa5967403d082aa24f35e1b516d23)
Start importing Assets/npc_casual_set_00/Prefabs/Prefabs_Parts/npc_hmn_01f_fingers2.prefab using Guid(f9bc0da6043e6d246a5d5574be42775b) Importer(2089858483,0ecaa5967403d082aa24f35e1b516d23) [PhysX] Initialized MultithreadedTaskDispatcher with 18 workers.
 -> (artifact id: '4c7f81009a7634c58558874007022efe') in 0.056993 seconds
Number of updated asset objects reloaded before import = 0
Number of asset objects unloaded after import = 275
========================================================================
Received Import Request.
  Time since last request: 0.000052 seconds.
  path: Assets/npc_casual_set_00/Prefabs/Prefabs_Parts/npc_hmn_01f_arms3.prefab
  artifactKey: Guid(708a859b870fb884e8835baa5bb8f5f8) Importer(2089858483,0ecaa5967403d082aa24f35e1b516d23)
Start importing Assets/npc_casual_set_00/Prefabs/Prefabs_Parts/npc_hmn_01f_arms3.prefab using Guid(708a859b870fb884e8835baa5bb8f5f8) Importer(2089858483,0ecaa5967403d082aa24f35e1b516d23) [PhysX] Initialized MultithreadedTaskDispatcher with 18 workers.
 -> (artifact id: 'ecec35b2494c5d7750924691e85a3370') in 0.055184 seconds
Number of updated asset objects reloaded before import = 0
Number of asset objects unloaded after import = 283
========================================================================
Received Import Request.
  Time since last request: 0.000051 seconds.
  path: Assets/npc_casual_set_00/Prefabs/Prefabs_Parts/npc_hmn_01f_lowerbody1.prefab
  artifactKey: Guid(e1106fc64947c4d47b17361ae15332d7) Importer(2089858483,0ecaa5967403d082aa24f35e1b516d23)
Start importing Assets/npc_casual_set_00/Prefabs/Prefabs_Parts/npc_hmn_01f_lowerbody1.prefab using Guid(e1106fc64947c4d47b17361ae15332d7) Importer(2089858483,0ecaa5967403d082aa24f35e1b516d23) [PhysX] Initialized MultithreadedTaskDispatcher with 18 workers.
 -> (artifact id: 'dd5d49ca583af3d21179c2feedb29732') in 0.053756 seconds
Number of updated asset objects reloaded before import = 0
Number of asset objects unloaded after import = 283
========================================================================
Received Import Request.
  Time since last request: 0.000085 seconds.
  path: Assets/nappin/OfficeEssentialsPack/Prefabs/(Prb)Storage2.prefab
  artifactKey: Guid(6f78a21f077ae8f4f85a5d7128a8056d) Importer(2089858483,0ecaa5967403d082aa24f35e1b516d23)
Start importing Assets/nappin/OfficeEssentialsPack/Prefabs/(Prb)Storage2.prefab using Guid(6f78a21f077ae8f4f85a5d7128a8056d) Importer(2089858483,0ecaa5967403d082aa24f35e1b516d23) [PhysX] Initialized MultithreadedTaskDispatcher with 18 workers.
 -> (artifact id: 'b428059f5d5060bee8b3730a2ee2de0c') in 0.047337 seconds
Number of updated asset objects reloaded before import = 0
Number of asset objects unloaded after import = 36
========================================================================
Received Import Request.
  Time since last request: 0.000049 seconds.
  path: Assets/nappin/OfficeEssentialsPack/Textures/(Txt)GradientBeige.png
  artifactKey: Guid(ce207ba7fd9e7f047867bbf272711c24) Importer(2089858483,0ecaa5967403d082aa24f35e1b516d23)
Start importing Assets/nappin/OfficeEssentialsPack/Textures/(Txt)GradientBeige.png using Guid(ce207ba7fd9e7f047867bbf272711c24) Importer(2089858483,0ecaa5967403d082aa24f35e1b516d23) [PhysX] Initialized MultithreadedTaskDispatcher with 18 workers.
 -> (artifact id: 'b353e7e28e0a88efc10ea545653ad327') in 0.093872 seconds
Number of updated asset objects reloaded before import = 0
Number of asset objects unloaded after import = 1
========================================================================
Received Import Request.
  Time since last request: 0.000061 seconds.
  path: Assets/npc_casual_set_00/Prefabs/Prefabs_Parts/npc_csl_tshirt_00m_torso.prefab
  artifactKey: Guid(3f3a6d1ddbc609745ac0569a8ac1cf4f) Importer(2089858483,0ecaa5967403d082aa24f35e1b516d23)
Start importing Assets/npc_casual_set_00/Prefabs/Prefabs_Parts/npc_csl_tshirt_00m_torso.prefab using Guid(3f3a6d1ddbc609745ac0569a8ac1cf4f) Importer(2089858483,0ecaa5967403d082aa24f35e1b516d23) [PhysX] Initialized MultithreadedTaskDispatcher with 18 workers.
 -> (artifact id: '6cba6f672ec1e80bd4a8d8430678f317') in 0.070418 seconds
Number of updated asset objects reloaded before import = 0
Number of asset objects unloaded after import = 283
========================================================================
Received Import Request.
  Time since last request: 0.000051 seconds.
  path: Assets/npc_casual_set_00/Prefabs/Prefabs_Parts/npc_hmn_01f_lowerbody6.prefab
  artifactKey: Guid(487be0c9c75090e4cbb4ff4d6cf4a54a) Importer(2089858483,0ecaa5967403d082aa24f35e1b516d23)
Start importing Assets/npc_casual_set_00/Prefabs/Prefabs_Parts/npc_hmn_01f_lowerbody6.prefab using Guid(487be0c9c75090e4cbb4ff4d6cf4a54a) Importer(2089858483,0ecaa5967403d082aa24f35e1b516d23) [PhysX] Initialized MultithreadedTaskDispatcher with 18 workers.
 -> (artifact id: 'be12812c55c324a3cad86697f3639d91') in 0.049631 seconds
Number of updated asset objects reloaded before import = 0
Number of asset objects unloaded after import = 283
========================================================================
Received Import Request.
  Time since last request: 0.000072 seconds.
  path: Assets/npc_casual_set_00/Prefabs/Prefabs_Parts/npc_hmn_01f_parts.prefab
  artifactKey: Guid(435e3a038aded3e4090c976cd0a0e405) Importer(2089858483,0ecaa5967403d082aa24f35e1b516d23)
Start importing Assets/npc_casual_set_00/Prefabs/Prefabs_Parts/npc_hmn_01f_parts.prefab using Guid(435e3a038aded3e4090c976cd0a0e405) Importer(2089858483,0ecaa5967403d082aa24f35e1b516d23) [PhysX] Initialized MultithreadedTaskDispatcher with 18 workers.
 -> (artifact id: 'd19388f00db96af503509e2b8c3ae60f') in 0.315221 seconds
Number of updated asset objects reloaded before import = 0
Number of asset objects unloaded after import = 1752
========================================================================
Received Import Request.
  Time since last request: 0.000062 seconds.
  path: Assets/npc_casual_set_00/Prefabs/Prefabs_Parts/npc_hmn_01f_upperbody2.prefab
  artifactKey: Guid(3ab925f41664a044291fca3a79807273) Importer(2089858483,0ecaa5967403d082aa24f35e1b516d23)
Start importing Assets/npc_casual_set_00/Prefabs/Prefabs_Parts/npc_hmn_01f_upperbody2.prefab using Guid(3ab925f41664a044291fca3a79807273) Importer(2089858483,0ecaa5967403d082aa24f35e1b516d23) [PhysX] Initialized MultithreadedTaskDispatcher with 18 workers.
 -> (artifact id: '21dd296976ea300214fe267d9be167e0') in 0.068299 seconds
Number of updated asset objects reloaded before import = 0
Number of asset objects unloaded after import = 283
========================================================================
Received Import Request.
  Time since last request: 0.000065 seconds.
  path: Assets/npc_casual_set_00/Mesh/Mesh_Parts/npc_hmn_01m_upperbody5.fbx
  artifactKey: Guid(89a2a3df410681740a55b429f12cf5b8) Importer(2089858483,0ecaa5967403d082aa24f35e1b516d23)
Start importing Assets/npc_casual_set_00/Mesh/Mesh_Parts/npc_hmn_01m_upperbody5.fbx using Guid(89a2a3df410681740a55b429f12cf5b8) Importer(2089858483,0ecaa5967403d082aa24f35e1b516d23) [PhysX] Initialized MultithreadedTaskDispatcher with 18 workers.
 -> (artifact id: '4a204ea041e6b08218718bfe56829bb9') in 0.149799 seconds
Number of updated asset objects reloaded before import = 0
Number of asset objects unloaded after import = 145
========================================================================
Received Import Request.
  Time since last request: 0.000084 seconds.
  path: Assets/npc_casual_set_00/Prefabs/Prefabs_Parts/npc_hmn_01m_upperbody3.prefab
  artifactKey: Guid(2e988184215f6bb46a0a62581b114c18) Importer(2089858483,0ecaa5967403d082aa24f35e1b516d23)
Start importing Assets/npc_casual_set_00/Prefabs/Prefabs_Parts/npc_hmn_01m_upperbody3.prefab using Guid(2e988184215f6bb46a0a62581b114c18) Importer(2089858483,0ecaa5967403d082aa24f35e1b516d23) [PhysX] Initialized MultithreadedTaskDispatcher with 18 workers.
 -> (artifact id: 'e29552df24826195c3798322a9288976') in 0.066388 seconds
Number of updated asset objects reloaded before import = 0
Number of asset objects unloaded after import = 283
========================================================================
Received Import Request.
  Time since last request: 0.000057 seconds.
  path: Assets/npc_casual_set_00/Prefabs/Prefabs_Parts/npc_hmn_01m_head2.prefab
  artifactKey: Guid(e1fd861de0576ea4b853e2ec1b55cf1f) Importer(2089858483,0ecaa5967403d082aa24f35e1b516d23)
Start importing Assets/npc_casual_set_00/Prefabs/Prefabs_Parts/npc_hmn_01m_head2.prefab using Guid(e1fd861de0576ea4b853e2ec1b55cf1f) Importer(2089858483,0ecaa5967403d082aa24f35e1b516d23) [PhysX] Initialized MultithreadedTaskDispatcher with 18 workers.
 -> (artifact id: 'e1465e5ceeed3e6baaffc200475ddd08') in 0.053768 seconds
Number of updated asset objects reloaded before import = 0
Number of asset objects unloaded after import = 283
========================================================================
Received Import Request.
  Time since last request: 0.000082 seconds.
  path: Assets/npc_casual_set_00/Prefabs/Prefabs_Parts/npc_hmn_01m_head3.prefab
  artifactKey: Guid(bf55304692ce8294c901447814700bfe) Importer(2089858483,0ecaa5967403d082aa24f35e1b516d23)
Start importing Assets/npc_casual_set_00/Prefabs/Prefabs_Parts/npc_hmn_01m_head3.prefab using Guid(bf55304692ce8294c901447814700bfe) Importer(2089858483,0ecaa5967403d082aa24f35e1b516d23) [PhysX] Initialized MultithreadedTaskDispatcher with 18 workers.
 -> (artifact id: '30eb4eb51eb1b1fcd48b25f86052af98') in 0.057272 seconds
Number of updated asset objects reloaded before import = 0
Number of asset objects unloaded after import = 283
========================================================================
Received Import Request.
  Time since last request: 0.000040 seconds.
  path: Assets/npc_casual_set_00/Prefabs/Prefabs_Parts/npc_hmn_01m_torso5.prefab
  artifactKey: Guid(4a5cbad2e4f5fa64cae1b9cbcc0a0e3e) Importer(2089858483,0ecaa5967403d082aa24f35e1b516d23)
Start importing Assets/npc_casual_set_00/Prefabs/Prefabs_Parts/npc_hmn_01m_torso5.prefab using Guid(4a5cbad2e4f5fa64cae1b9cbcc0a0e3e) Importer(2089858483,0ecaa5967403d082aa24f35e1b516d23) [PhysX] Initialized MultithreadedTaskDispatcher with 18 workers.
 -> (artifact id: '327875457b0e40fc6ac18ff66204e95e') in 0.051359 seconds
Number of updated asset objects reloaded before import = 0
Number of asset objects unloaded after import = 283
========================================================================
Received Import Request.
  Time since last request: 0.000103 seconds.
  path: Assets/npc_casual_set_00/Prefabs/Prefabs_Parts/npc_hmn_01m_arms4.prefab
  artifactKey: Guid(6399857de9d9acc49b6e17592f9af0af) Importer(2089858483,0ecaa5967403d082aa24f35e1b516d23)
Start importing Assets/npc_casual_set_00/Prefabs/Prefabs_Parts/npc_hmn_01m_arms4.prefab using Guid(6399857de9d9acc49b6e17592f9af0af) Importer(2089858483,0ecaa5967403d082aa24f35e1b516d23) [PhysX] Initialized MultithreadedTaskDispatcher with 18 workers.
 -> (artifact id: '87f02a3fe65576d33d7738fa91ee7e2d') in 0.064820 seconds
Number of updated asset objects reloaded before import = 0
Number of asset objects unloaded after import = 283
========================================================================
Received Import Request.
  Time since last request: 0.000043 seconds.
  path: Assets/npc_casual_set_00/Prefabs/Prefabs_Parts/npc_hmn_01m_head1.prefab
  artifactKey: Guid(872deb1d20d16f241848550ea3659e7d) Importer(2089858483,0ecaa5967403d082aa24f35e1b516d23)
Start importing Assets/npc_casual_set_00/Prefabs/Prefabs_Parts/npc_hmn_01m_head1.prefab using Guid(872deb1d20d16f241848550ea3659e7d) Importer(2089858483,0ecaa5967403d082aa24f35e1b516d23) [PhysX] Initialized MultithreadedTaskDispatcher with 18 workers.
 -> (artifact id: 'c8c29dd620373ae2822223f025c2a755') in 0.075164 seconds
Number of updated asset objects reloaded before import = 0
Number of asset objects unloaded after import = 283
========================================================================
Received Import Request.
  Time since last request: 0.000046 seconds.
  path: Assets/npc_casual_set_00/Prefabs/Prefabs_Parts/npc_csl_tshirt_00m_parts.prefab
  artifactKey: Guid(e7bfe6debc094844eab3631d511fbbc9) Importer(2089858483,0ecaa5967403d082aa24f35e1b516d23)
Start importing Assets/npc_casual_set_00/Prefabs/Prefabs_Parts/npc_csl_tshirt_00m_parts.prefab using Guid(e7bfe6debc094844eab3631d511fbbc9) Importer(2089858483,0ecaa5967403d082aa24f35e1b516d23) [PhysX] Initialized MultithreadedTaskDispatcher with 18 workers.
 -> (artifact id: 'ffbba99eaeb23d88b7c733054c2234f8') in 0.058156 seconds
Number of updated asset objects reloaded before import = 0
Number of asset objects unloaded after import = 393
========================================================================
Received Import Request.
  Time since last request: 0.000089 seconds.
  path: Assets/Scenes/ZNS3D/Prefabs/bookshelf.prefab
  artifactKey: Guid(22ff43bb1f7c97f40a646ef9c1cb0cc0) Importer(2089858483,0ecaa5967403d082aa24f35e1b516d23)
Start importing Assets/Scenes/ZNS3D/Prefabs/bookshelf.prefab using Guid(22ff43bb1f7c97f40a646ef9c1cb0cc0) Importer(2089858483,0ecaa5967403d082aa24f35e1b516d23) [PhysX] Initialized MultithreadedTaskDispatcher with 18 workers.
 -> (artifact id: 'a8602a87c0c086c2edce4c337dcf6f52') in 0.060816 seconds
Number of updated asset objects reloaded before import = 0
Number of asset objects unloaded after import = 7
========================================================================
Received Import Request.
  Time since last request: 0.000047 seconds.
  path: Assets/Scenes/ZNS3D/Prefabs/antique_light.prefab
  artifactKey: Guid(8e9d4bc2cab9e8b4bbe1d516304caddc) Importer(2089858483,0ecaa5967403d082aa24f35e1b516d23)
Start importing Assets/Scenes/ZNS3D/Prefabs/antique_light.prefab using Guid(8e9d4bc2cab9e8b4bbe1d516304caddc) Importer(2089858483,0ecaa5967403d082aa24f35e1b516d23) [PhysX] Initialized MultithreadedTaskDispatcher with 18 workers.
 -> (artifact id: '02d2b6f40718013ab55023d2c319304e') in 0.049562 seconds
Number of updated asset objects reloaded before import = 0
Number of asset objects unloaded after import = 39
========================================================================
Received Import Request.
  Time since last request: 0.000044 seconds.
  path: Assets/Scenes/ZNS3D/Prefabs/ceiling_rectangle.prefab
  artifactKey: Guid(94ec54e2975e5af46b82ad1b45e2cea6) Importer(2089858483,0ecaa5967403d082aa24f35e1b516d23)
Start importing Assets/Scenes/ZNS3D/Prefabs/ceiling_rectangle.prefab using Guid(94ec54e2975e5af46b82ad1b45e2cea6) Importer(2089858483,0ecaa5967403d082aa24f35e1b516d23) [PhysX] Initialized MultithreadedTaskDispatcher with 18 workers.
 -> (artifact id: '280934bd8518b649e2e256ec4147b24c') in 0.058891 seconds
Number of updated asset objects reloaded before import = 0
Number of asset objects unloaded after import = 7
========================================================================
Received Import Request.
  Time since last request: 0.000087 seconds.
  path: Assets/Scenes/ZNS3D/Prefabs/carpet_3.prefab
  artifactKey: Guid(7d581485fa9a22a4fa5a5b9bf0566d97) Importer(2089858483,0ecaa5967403d082aa24f35e1b516d23)
Start importing Assets/Scenes/ZNS3D/Prefabs/carpet_3.prefab using Guid(7d581485fa9a22a4fa5a5b9bf0566d97) Importer(2089858483,0ecaa5967403d082aa24f35e1b516d23) [PhysX] Initialized MultithreadedTaskDispatcher with 18 workers.
 -> (artifact id: '623bd393cb2411bf63c2ce481dfd7c23') in 0.063170 seconds
Number of updated asset objects reloaded before import = 0
Number of asset objects unloaded after import = 7
========================================================================
Received Import Request.
  Time since last request: 0.000053 seconds.
  path: Assets/npc_casual_set_00/Prefabs/Prefabs_Parts/npc_hmn_01m_upperbody5.prefab
  artifactKey: Guid(11ed1660c20b96d49bea2c026bbe6105) Importer(2089858483,0ecaa5967403d082aa24f35e1b516d23)
Start importing Assets/npc_casual_set_00/Prefabs/Prefabs_Parts/npc_hmn_01m_upperbody5.prefab using Guid(11ed1660c20b96d49bea2c026bbe6105) Importer(2089858483,0ecaa5967403d082aa24f35e1b516d23) [PhysX] Initialized MultithreadedTaskDispatcher with 18 workers.
 -> (artifact id: '375574953b0d7da325810551256f6e83') in 0.056306 seconds
Number of updated asset objects reloaded before import = 0
Number of asset objects unloaded after import = 283
========================================================================
Received Import Request.
  Time since last request: 0.000082 seconds.
  path: Assets/Scenes/ZNS3D/Prefabs/book_5.prefab
  artifactKey: Guid(7bdde7ff3b8673e4dabf168f11f76755) Importer(2089858483,0ecaa5967403d082aa24f35e1b516d23)
Start importing Assets/Scenes/ZNS3D/Prefabs/book_5.prefab using Guid(7bdde7ff3b8673e4dabf168f11f76755) Importer(2089858483,0ecaa5967403d082aa24f35e1b516d23) [PhysX] Initialized MultithreadedTaskDispatcher with 18 workers.
 -> (artifact id: '5bdd6c4760c1eb53dc941ebf19b94986') in 0.058366 seconds
Number of updated asset objects reloaded before import = 0
Number of asset objects unloaded after import = 7
========================================================================
Received Import Request.
  Time since last request: 0.000061 seconds.
  path: Assets/Scenes/ZNS3D/Prefabs/book_7.prefab
  artifactKey: Guid(6130c0222f26e7c4986fbe2ddac13dcc) Importer(2089858483,0ecaa5967403d082aa24f35e1b516d23)
Start importing Assets/Scenes/ZNS3D/Prefabs/book_7.prefab using Guid(6130c0222f26e7c4986fbe2ddac13dcc) Importer(2089858483,0ecaa5967403d082aa24f35e1b516d23) [PhysX] Initialized MultithreadedTaskDispatcher with 18 workers.
 -> (artifact id: '68fbea391ceff96205070d383d412a2e') in 0.055645 seconds
Number of updated asset objects reloaded before import = 0
Number of asset objects unloaded after import = 7
========================================================================
Received Import Request.
  Time since last request: 0.000044 seconds.
  path: Assets/nappin/OfficeEssentialsPack/Textures/(Txt)GradientBlack.png
  artifactKey: Guid(b817c21b3dd3f2e449f88957c9cb76f4) Importer(2089858483,0ecaa5967403d082aa24f35e1b516d23)
Start importing Assets/nappin/OfficeEssentialsPack/Textures/(Txt)GradientBlack.png using Guid(b817c21b3dd3f2e449f88957c9cb76f4) Importer(2089858483,0ecaa5967403d082aa24f35e1b516d23) [PhysX] Initialized MultithreadedTaskDispatcher with 18 workers.
 -> (artifact id: 'a075ab648f212acaac07d50d75344830') in 0.093182 seconds
Number of updated asset objects reloaded before import = 0
Number of asset objects unloaded after import = 1
========================================================================
Received Import Request.
  Time since last request: 0.000148 seconds.
  path: Assets/Scenes/ZNS3D/Prefabs/photo_frame_desk.prefab
  artifactKey: Guid(df114a6a4ea6ca445811300a207cc559) Importer(2089858483,0ecaa5967403d082aa24f35e1b516d23)
Start importing Assets/Scenes/ZNS3D/Prefabs/photo_frame_desk.prefab using Guid(df114a6a4ea6ca445811300a207cc559) Importer(2089858483,0ecaa5967403d082aa24f35e1b516d23) [PhysX] Initialized MultithreadedTaskDispatcher with 18 workers.
 -> (artifact id: '413803344663eea55dfae14c787e3679') in 0.053913 seconds
Number of updated asset objects reloaded before import = 0
Number of asset objects unloaded after import = 39
========================================================================
Received Import Request.
  Time since last request: 0.000041 seconds.
  path: Assets/Scenes/ZNS3D/Prefabs/gramophone.prefab
  artifactKey: Guid(90beaa833f919e945bf8cb58355a1dff) Importer(2089858483,0ecaa5967403d082aa24f35e1b516d23)
Start importing Assets/Scenes/ZNS3D/Prefabs/gramophone.prefab using Guid(90beaa833f919e945bf8cb58355a1dff) Importer(2089858483,0ecaa5967403d082aa24f35e1b516d23) [PhysX] Initialized MultithreadedTaskDispatcher with 18 workers.
 -> (artifact id: '456f88803b10dbeb0c26146aad6d844d') in 0.048242 seconds
Number of updated asset objects reloaded before import = 0
Number of asset objects unloaded after import = 19
========================================================================
Received Import Request.
  Time since last request: 0.000060 seconds.
  path: Assets/Scenes/ZNS3D/Prefabs/vase_1.prefab
  artifactKey: Guid(8eade45c1990818478b97a026d8bd5d8) Importer(2089858483,0ecaa5967403d082aa24f35e1b516d23)
Start importing Assets/Scenes/ZNS3D/Prefabs/vase_1.prefab using Guid(8eade45c1990818478b97a026d8bd5d8) Importer(2089858483,0ecaa5967403d082aa24f35e1b516d23) [PhysX] Initialized MultithreadedTaskDispatcher with 18 workers.
 -> (artifact id: '0cb12a04e4ca6ef68360691b74c56759') in 0.056436 seconds
Number of updated asset objects reloaded before import = 0
Number of asset objects unloaded after import = 7
========================================================================
Received Import Request.
  Time since last request: 0.000122 seconds.
  path: Assets/Scenes/ZNS3D/Prefabs/painting_1.prefab
  artifactKey: Guid(6bb59c4cbd133c34f891c94bc19d4cea) Importer(2089858483,0ecaa5967403d082aa24f35e1b516d23)
Start importing Assets/Scenes/ZNS3D/Prefabs/painting_1.prefab using Guid(6bb59c4cbd133c34f891c94bc19d4cea) Importer(2089858483,0ecaa5967403d082aa24f35e1b516d23) [PhysX] Initialized MultithreadedTaskDispatcher with 18 workers.
 -> (artifact id: '14cc4c6c1d5b1483aa4336ca4ee7e104') in 0.054727 seconds
Number of updated asset objects reloaded before import = 0
Number of asset objects unloaded after import = 7
========================================================================
Received Import Request.
  Time since last request: 0.000072 seconds.
  path: Assets/Scenes/ZNS3D/Prefabs/floor_small.prefab
  artifactKey: Guid(2746cc77170c0434c96d64572db649d2) Importer(2089858483,0ecaa5967403d082aa24f35e1b516d23)
Start importing Assets/Scenes/ZNS3D/Prefabs/floor_small.prefab using Guid(2746cc77170c0434c96d64572db649d2) Importer(2089858483,0ecaa5967403d082aa24f35e1b516d23) [PhysX] Initialized MultithreadedTaskDispatcher with 18 workers.
 -> (artifact id: 'fcfe26369ac849cac3adf1e4f789057f') in 0.054537 seconds
Number of updated asset objects reloaded before import = 0
Number of asset objects unloaded after import = 7
========================================================================
Received Import Request.
  Time since last request: 0.000065 seconds.
  path: Assets/Scenes/ZNS3D/Prefabs/photo_1.prefab
  artifactKey: Guid(d2897f785e980eb42ba8dc80212e5967) Importer(2089858483,0ecaa5967403d082aa24f35e1b516d23)
Start importing Assets/Scenes/ZNS3D/Prefabs/photo_1.prefab using Guid(d2897f785e980eb42ba8dc80212e5967) Importer(2089858483,0ecaa5967403d082aa24f35e1b516d23) [PhysX] Initialized MultithreadedTaskDispatcher with 18 workers.
 -> (artifact id: '037e8712e174838c41fd8757c287e082') in 0.067158 seconds
Number of updated asset objects reloaded before import = 0
Number of asset objects unloaded after import = 7
========================================================================
Received Import Request.
  Time since last request: 0.000058 seconds.
  path: Assets/Scenes/ZNS3D/Prefabs/GameObjectTimeline.playable
  artifactKey: Guid(6da7d9a6731bfc840a3e1f7f18ae2350) Importer(2089858483,0ecaa5967403d082aa24f35e1b516d23)
Start importing Assets/Scenes/ZNS3D/Prefabs/GameObjectTimeline.playable using Guid(6da7d9a6731bfc840a3e1f7f18ae2350) Importer(2089858483,0ecaa5967403d082aa24f35e1b516d23) [PhysX] Initialized MultithreadedTaskDispatcher with 18 workers.
 -> (artifact id: '67f803bcdde331f6b7153853186f9950') in 0.117993 seconds
Number of updated asset objects reloaded before import = 0
Number of asset objects unloaded after import = 11
========================================================================
Received Import Request.
  Time since last request: 0.000049 seconds.
  path: Assets/nappin/OfficeEssentialsPack/Prefabs/(Prb)BookPile2.prefab
  artifactKey: Guid(009ac3bc89a8c994aaa64e90fed60ab2) Importer(2089858483,0ecaa5967403d082aa24f35e1b516d23)
Start importing Assets/nappin/OfficeEssentialsPack/Prefabs/(Prb)BookPile2.prefab using Guid(009ac3bc89a8c994aaa64e90fed60ab2) Importer(2089858483,0ecaa5967403d082aa24f35e1b516d23) [PhysX] Initialized MultithreadedTaskDispatcher with 18 workers.
 -> (artifact id: '9965b3b4850c4cf62a13c28c55c41695') in 0.041252 seconds
Number of updated asset objects reloaded before import = 0
Number of asset objects unloaded after import = 60
========================================================================
Received Import Request.
  Time since last request: 0.000055 seconds.
  path: Assets/Scenes/ZNS3D/Vintage Living Room Game Pack/Materials/Mat_Decors_1.mat
  artifactKey: Guid(c17a878e026d781498dd8e00799b8872) Importer(2089858483,0ecaa5967403d082aa24f35e1b516d23)
Start importing Assets/Scenes/ZNS3D/Vintage Living Room Game Pack/Materials/Mat_Decors_1.mat using Guid(c17a878e026d781498dd8e00799b8872) Importer(2089858483,0ecaa5967403d082aa24f35e1b516d23) [PhysX] Initialized MultithreadedTaskDispatcher with 18 workers.
 -> (artifact id: '8ad9f63602862045d8e8cb161c25106c') in 0.050169 seconds
Number of updated asset objects reloaded before import = 0
Number of asset objects unloaded after import = 1
========================================================================
Received Import Request.
  Time since last request: 0.000275 seconds.
  path: Assets/Scenes/ZNS3D/Prefabs/wall_with_big_door.prefab
  artifactKey: Guid(eb9807c1a83926347ba8ac724bbf8af3) Importer(2089858483,0ecaa5967403d082aa24f35e1b516d23)
Start importing Assets/Scenes/ZNS3D/Prefabs/wall_with_big_door.prefab using Guid(eb9807c1a83926347ba8ac724bbf8af3) Importer(2089858483,0ecaa5967403d082aa24f35e1b516d23) [PhysX] Initialized MultithreadedTaskDispatcher with 18 workers.
 -> (artifact id: 'c5c6e8ad41bab4aeff3e0620b85d5465') in 0.055736 seconds
Number of updated asset objects reloaded before import = 0
Number of asset objects unloaded after import = 24
========================================================================
Received Import Request.
  Time since last request: 0.000170 seconds.
  path: Assets/JustPlay/Сomputer devices/Objects/Monitor/Monitor.mat
  artifactKey: Guid(05965a8670262d24a992849f3ced96f7) Importer(2089858483,0ecaa5967403d082aa24f35e1b516d23)
Start importing Assets/JustPlay/Сomputer devices/Objects/Monitor/Monitor.mat using Guid(05965a8670262d24a992849f3ced96f7) Importer(2089858483,0ecaa5967403d082aa24f35e1b516d23) [PhysX] Initialized MultithreadedTaskDispatcher with 18 workers.
 -> (artifact id: 'b11cb71c997a37080c7dcfc8eddf6cbd') in 0.213218 seconds
Number of updated asset objects reloaded before import = 0
Number of asset objects unloaded after import = 5
========================================================================
Received Import Request.
  Time since last request: 0.000053 seconds.
  path: Assets/JustPlay/Сomputer devices/Objects/Mouse from pc/Mouse.fbx
  artifactKey: Guid(7b7a8deb43cef4e42b2cf0f8f24f8209) Importer(2089858483,0ecaa5967403d082aa24f35e1b516d23)
Start importing Assets/JustPlay/Сomputer devices/Objects/Mouse from pc/Mouse.fbx using Guid(7b7a8deb43cef4e42b2cf0f8f24f8209) Importer(2089858483,0ecaa5967403d082aa24f35e1b516d23) [PhysX] Initialized MultithreadedTaskDispatcher with 18 workers.
 -> (artifact id: '274d2a1079077209cc68ccf6706ea64e') in 0.193984 seconds
Number of updated asset objects reloaded before import = 0
Number of asset objects unloaded after import = 25
========================================================================
Received Import Request.
  Time since last request: 0.000059 seconds.
  path: Assets/Scenes/ZNS3D/Vintage Living Room Game Pack/Meshes/ceiling_big.fbx
  artifactKey: Guid(2ce99b412ecb7c04dbe8837664e87af1) Importer(2089858483,0ecaa5967403d082aa24f35e1b516d23)
Start importing Assets/Scenes/ZNS3D/Vintage Living Room Game Pack/Meshes/ceiling_big.fbx using Guid(2ce99b412ecb7c04dbe8837664e87af1) Importer(2089858483,0ecaa5967403d082aa24f35e1b516d23) [PhysX] Initialized MultithreadedTaskDispatcher with 18 workers.
 -> (artifact id: '2ce7fbdb087bf7cb415ea30bb88b4c56') in 0.127659 seconds
Number of updated asset objects reloaded before import = 0
Number of asset objects unloaded after import = 10
========================================================================
Received Import Request.
  Time since last request: 0.000049 seconds.
  path: Assets/JustPlay/Сomputer devices/Objects/Monitor 2/Monitor 2.fbx
  artifactKey: Guid(ab1a5a64a44cbf04c9887ad5b7ba0e3e) Importer(2089858483,0ecaa5967403d082aa24f35e1b516d23)
Start importing Assets/JustPlay/Сomputer devices/Objects/Monitor 2/Monitor 2.fbx using Guid(ab1a5a64a44cbf04c9887ad5b7ba0e3e) Importer(2089858483,0ecaa5967403d082aa24f35e1b516d23) [PhysX] Initialized MultithreadedTaskDispatcher with 18 workers.
 -> (artifact id: '76bd31995ea22f3ef679c74213b351e0') in 0.124316 seconds
Number of updated asset objects reloaded before import = 0
Number of asset objects unloaded after import = 25
========================================================================
Received Import Request.
  Time since last request: 0.000115 seconds.
  path: Assets/JustPlay/Сomputer devices/Objects/Router/Router.fbx
  artifactKey: Guid(20ed18003e671ae4ab73d047246e2e0a) Importer(2089858483,0ecaa5967403d082aa24f35e1b516d23)
Start importing Assets/JustPlay/Сomputer devices/Objects/Router/Router.fbx using Guid(20ed18003e671ae4ab73d047246e2e0a) Importer(2089858483,0ecaa5967403d082aa24f35e1b516d23) [PhysX] Initialized MultithreadedTaskDispatcher with 18 workers.
 -> (artifact id: 'c37ac0a0f71d63418d332dbf081f0e52') in 0.106181 seconds
Number of updated asset objects reloaded before import = 0
Number of asset objects unloaded after import = 20
========================================================================
Received Import Request.
  Time since last request: 0.000058 seconds.
  path: Assets/Scenes/ZNS3D/Vintage Living Room Game Pack/Meshes/bookshelf.fbx
  artifactKey: Guid(347f56b195029d742b6bd3b4dced4729) Importer(2089858483,0ecaa5967403d082aa24f35e1b516d23)
Start importing Assets/Scenes/ZNS3D/Vintage Living Room Game Pack/Meshes/bookshelf.fbx using Guid(347f56b195029d742b6bd3b4dced4729) Importer(2089858483,0ecaa5967403d082aa24f35e1b516d23) [PhysX] Initialized MultithreadedTaskDispatcher with 18 workers.
 -> (artifact id: 'd7b2ec054f4e1ae7b649e76aabf3fac9') in 0.102851 seconds
Number of updated asset objects reloaded before import = 0
Number of asset objects unloaded after import = 10
========================================================================
Received Import Request.
  Time since last request: 0.000122 seconds.
  path: Assets/Scenes/ZNS3D/Prefabs/wall_with_one_window.prefab
  artifactKey: Guid(e615122bb5348c64cb2acfeb537bf738) Importer(2089858483,0ecaa5967403d082aa24f35e1b516d23)
Start importing Assets/Scenes/ZNS3D/Prefabs/wall_with_one_window.prefab using Guid(e615122bb5348c64cb2acfeb537bf738) Importer(2089858483,0ecaa5967403d082aa24f35e1b516d23) [PhysX] Initialized MultithreadedTaskDispatcher with 18 workers.
 -> (artifact id: '910a2679b4f728bc976b0935296ecbe4') in 0.049217 seconds
Number of updated asset objects reloaded before import = 0
Number of asset objects unloaded after import = 24
========================================================================
Received Import Request.
  Time since last request: 0.000058 seconds.
  path: Assets/Scenes/ZNS3D/Vintage Living Room Game Pack/Meshes/painting_1.fbx
  artifactKey: Guid(8d1ec92a9554ec54ba385568faecbaa8) Importer(2089858483,0ecaa5967403d082aa24f35e1b516d23)
Start importing Assets/Scenes/ZNS3D/Vintage Living Room Game Pack/Meshes/painting_1.fbx using Guid(8d1ec92a9554ec54ba385568faecbaa8) Importer(2089858483,0ecaa5967403d082aa24f35e1b516d23) [PhysX] Initialized MultithreadedTaskDispatcher with 18 workers.
 -> (artifact id: 'a0b1c607072e53764875ed06d71dd5c7') in 0.095317 seconds
Number of updated asset objects reloaded before import = 0
Number of asset objects unloaded after import = 10
========================================================================
Received Import Request.
  Time since last request: 0.000043 seconds.
  path: Assets/Scenes/ZNS3D/Vintage Living Room Game Pack/Meshes/clock_wall.fbx
  artifactKey: Guid(0ad2925a9f42c2144af1ad444231fe3f) Importer(2089858483,0ecaa5967403d082aa24f35e1b516d23)
Start importing Assets/Scenes/ZNS3D/Vintage Living Room Game Pack/Meshes/clock_wall.fbx using Guid(0ad2925a9f42c2144af1ad444231fe3f) Importer(2089858483,0ecaa5967403d082aa24f35e1b516d23) [PhysX] Initialized MultithreadedTaskDispatcher with 18 workers.
 -> (artifact id: '8c29c8807beb34586856dac70532b407') in 0.110105 seconds
Number of updated asset objects reloaded before import = 0
Number of asset objects unloaded after import = 10
========================================================================
Received Import Request.
  Time since last request: 0.000070 seconds.
  path: Assets/Scenes/ZNS3D/Vintage Living Room Game Pack/Meshes/photo_1.fbx
  artifactKey: Guid(4eb05372a7e6d4a45a2c529ebf64f354) Importer(2089858483,0ecaa5967403d082aa24f35e1b516d23)
Start importing Assets/Scenes/ZNS3D/Vintage Living Room Game Pack/Meshes/photo_1.fbx using Guid(4eb05372a7e6d4a45a2c529ebf64f354) Importer(2089858483,0ecaa5967403d082aa24f35e1b516d23) [PhysX] Initialized MultithreadedTaskDispatcher with 18 workers.
 -> (artifact id: '6f358c657b28a1cff0daea9b6ecd0f85') in 0.122505 seconds
Number of updated asset objects reloaded before import = 0
Number of asset objects unloaded after import = 10
========================================================================
Received Import Request.
  Time since last request: 0.000049 seconds.
  path: Assets/Scenes/ZNS3D/Vintage Living Room Game Pack/Meshes/painting_6.fbx
  artifactKey: Guid(06fab24394ef2aa4d946137c523cbde9) Importer(2089858483,0ecaa5967403d082aa24f35e1b516d23)
Start importing Assets/Scenes/ZNS3D/Vintage Living Room Game Pack/Meshes/painting_6.fbx using Guid(06fab24394ef2aa4d946137c523cbde9) Importer(2089858483,0ecaa5967403d082aa24f35e1b516d23) [PhysX] Initialized MultithreadedTaskDispatcher with 18 workers.
 -> (artifact id: '4184772a0fe56e0a9cf1175fdf03cbca') in 0.109474 seconds
Number of updated asset objects reloaded before import = 0
Number of asset objects unloaded after import = 10
========================================================================
Received Import Request.
  Time since last request: 0.000048 seconds.
  path: Assets/Scenes/ZNS3D/Vintage Living Room Game Pack/Meshes/book_3.fbx
  artifactKey: Guid(e0ced26cf92fbab44b73ce9faaeefdf1) Importer(2089858483,0ecaa5967403d082aa24f35e1b516d23)
Start importing Assets/Scenes/ZNS3D/Vintage Living Room Game Pack/Meshes/book_3.fbx using Guid(e0ced26cf92fbab44b73ce9faaeefdf1) Importer(2089858483,0ecaa5967403d082aa24f35e1b516d23) [PhysX] Initialized MultithreadedTaskDispatcher with 18 workers.
 -> (artifact id: '0009b8e61f8dab2e4a0104a41e555459') in 0.106907 seconds
Number of updated asset objects reloaded before import = 0
Number of asset objects unloaded after import = 10
========================================================================
Received Import Request.
  Time since last request: 0.000055 seconds.
  path: Assets/Scenes/ZNS3D/Vintage Living Room Game Pack/Meshes/photo_5.fbx
  artifactKey: Guid(77603f0f3ce1f4c4bbaca9497251b8d1) Importer(2089858483,0ecaa5967403d082aa24f35e1b516d23)
Start importing Assets/Scenes/ZNS3D/Vintage Living Room Game Pack/Meshes/photo_5.fbx using Guid(77603f0f3ce1f4c4bbaca9497251b8d1) Importer(2089858483,0ecaa5967403d082aa24f35e1b516d23) [PhysX] Initialized MultithreadedTaskDispatcher with 18 workers.
 -> (artifact id: '4f879c58405b16c51751ac03aae418f4') in 0.129931 seconds
Number of updated asset objects reloaded before import = 0
Number of asset objects unloaded after import = 10
========================================================================
Received Import Request.
  Time since last request: 0.000041 seconds.
  path: Assets/Scenes/ZNS3D/Vintage Living Room Game Pack/Meshes/wall_corner_double.fbx
  artifactKey: Guid(8063a0476043b104e9bacda46371fce0) Importer(2089858483,0ecaa5967403d082aa24f35e1b516d23)
Start importing Assets/Scenes/ZNS3D/Vintage Living Room Game Pack/Meshes/wall_corner_double.fbx using Guid(8063a0476043b104e9bacda46371fce0) Importer(2089858483,0ecaa5967403d082aa24f35e1b516d23) [PhysX] Initialized MultithreadedTaskDispatcher with 18 workers.
 -> (artifact id: 'add0cd651d4678a6ac27ca1f1d76c742') in 0.111442 seconds
Number of updated asset objects reloaded before import = 0
Number of asset objects unloaded after import = 10
========================================================================
Received Import Request.
  Time since last request: 0.000069 seconds.
  path: Assets/Scenes/ZNS3D/Vintage Living Room Game Pack/Meshes/vase_1.fbx
  artifactKey: Guid(78e32fe7f6751714eaa12b5bc8b92f92) Importer(2089858483,0ecaa5967403d082aa24f35e1b516d23)
Start importing Assets/Scenes/ZNS3D/Vintage Living Room Game Pack/Meshes/vase_1.fbx using Guid(78e32fe7f6751714eaa12b5bc8b92f92) Importer(2089858483,0ecaa5967403d082aa24f35e1b516d23) [PhysX] Initialized MultithreadedTaskDispatcher with 18 workers.
 -> (artifact id: 'ca50bfeb4690b19275026d977772690d') in 0.115784 seconds
Number of updated asset objects reloaded before import = 0
Number of asset objects unloaded after import = 10
========================================================================
Received Import Request.
  Time since last request: 0.000085 seconds.
  path: Assets/Scenes/ZNS3D/Vintage Living Room Game Pack/Meshes/painting_3.fbx
  artifactKey: Guid(108eeed35e1c3b44fa626e5ab8046bca) Importer(2089858483,0ecaa5967403d082aa24f35e1b516d23)
Start importing Assets/Scenes/ZNS3D/Vintage Living Room Game Pack/Meshes/painting_3.fbx using Guid(108eeed35e1c3b44fa626e5ab8046bca) Importer(2089858483,0ecaa5967403d082aa24f35e1b516d23) [PhysX] Initialized MultithreadedTaskDispatcher with 18 workers.
 -> (artifact id: '439d7e8eaf27f91ba26c18c836276fc0') in 0.105442 seconds
Number of updated asset objects reloaded before import = 0
Number of asset objects unloaded after import = 10
========================================================================
Received Import Request.
  Time since last request: 0.000045 seconds.
  path: Assets/Scenes/ZNS3D/Vintage Living Room Game Pack/Meshes/wall_with_small_door.fbx
  artifactKey: Guid(160333da8233ad04fb2adb309a4d6510) Importer(2089858483,0ecaa5967403d082aa24f35e1b516d23)
Start importing Assets/Scenes/ZNS3D/Vintage Living Room Game Pack/Meshes/wall_with_small_door.fbx using Guid(160333da8233ad04fb2adb309a4d6510) Importer(2089858483,0ecaa5967403d082aa24f35e1b516d23) [PhysX] Initialized MultithreadedTaskDispatcher with 18 workers.
 -> (artifact id: 'ec83909e7fafa8e23541ea49a7c501ba') in 0.138275 seconds
Number of updated asset objects reloaded before import = 0
Number of asset objects unloaded after import = 23
========================================================================
Received Import Request.
  Time since last request: 0.000072 seconds.
  path: Assets/Scenes/ZNS3D/Vintage Living Room Game Pack/Meshes/painting_4.fbx
  artifactKey: Guid(c2a04779166426a4b87401bc98a38128) Importer(2089858483,0ecaa5967403d082aa24f35e1b516d23)
Start importing Assets/Scenes/ZNS3D/Vintage Living Room Game Pack/Meshes/painting_4.fbx using Guid(c2a04779166426a4b87401bc98a38128) Importer(2089858483,0ecaa5967403d082aa24f35e1b516d23) [PhysX] Initialized MultithreadedTaskDispatcher with 18 workers.
 -> (artifact id: '9ec2d13154d4dca4d2901826da311321') in 0.137064 seconds
Number of updated asset objects reloaded before import = 0
Number of asset objects unloaded after import = 10
========================================================================
Received Import Request.
  Time since last request: 0.000092 seconds.
  path: Assets/Scenes/ZNS3D/Vintage Living Room Game Pack/Meshes/wall_corner.fbx
  artifactKey: Guid(fe1eee9b20be2db46af7b2617e16cc32) Importer(2089858483,0ecaa5967403d082aa24f35e1b516d23)
Start importing Assets/Scenes/ZNS3D/Vintage Living Room Game Pack/Meshes/wall_corner.fbx using Guid(fe1eee9b20be2db46af7b2617e16cc32) Importer(2089858483,0ecaa5967403d082aa24f35e1b516d23) [PhysX] Initialized MultithreadedTaskDispatcher with 18 workers.
 -> (artifact id: '31f2e36f1fd36e0165913607f6a0f098') in 0.124733 seconds
Number of updated asset objects reloaded before import = 0
Number of asset objects unloaded after import = 10
========================================================================
Received Import Request.
  Time since last request: 0.000069 seconds.
  path: Assets/HorrorPuzzleItems/Floppy/Textures/Floppy_Yellow.png
  artifactKey: Guid(4109652704eab9f4ab869d6c8f30b188) Importer(2089858483,0ecaa5967403d082aa24f35e1b516d23)
Start importing Assets/HorrorPuzzleItems/Floppy/Textures/Floppy_Yellow.png using Guid(4109652704eab9f4ab869d6c8f30b188) Importer(2089858483,0ecaa5967403d082aa24f35e1b516d23) [PhysX] Initialized MultithreadedTaskDispatcher with 18 workers.
 -> (artifact id: 'bfb4be304d30c97da960f8d63b288143') in 0.086252 seconds
Number of updated asset objects reloaded before import = 0
Number of asset objects unloaded after import = 1
========================================================================
Received Import Request.
  Time since last request: 0.000122 seconds.
  path: Assets/nappin/HouseInteriorPack/Models/(Msh)BedsideTable.fbx
  artifactKey: Guid(6fac31cc795882345895ec4995e829e5) Importer(2089858483,0ecaa5967403d082aa24f35e1b516d23)
Start importing Assets/nappin/HouseInteriorPack/Models/(Msh)BedsideTable.fbx using Guid(6fac31cc795882345895ec4995e829e5) Importer(2089858483,0ecaa5967403d082aa24f35e1b516d23) [PhysX] Initialized MultithreadedTaskDispatcher with 18 workers.
 -> (artifact id: '529a91fea30ce442b0c6dd1f9641e212') in 0.089850 seconds
Number of updated asset objects reloaded before import = 0
Number of asset objects unloaded after import = 9
========================================================================
Received Import Request.
  Time since last request: 0.000049 seconds.
  path: Assets/JustPlay/Сomputer devices/Objects/Speakers/Textures/AO.png
  artifactKey: Guid(7129710d281c2374f9543c6a29efdb9b) Importer(2089858483,0ecaa5967403d082aa24f35e1b516d23)
Start importing Assets/JustPlay/Сomputer devices/Objects/Speakers/Textures/AO.png using Guid(7129710d281c2374f9543c6a29efdb9b) Importer(2089858483,0ecaa5967403d082aa24f35e1b516d23) [PhysX] Initialized MultithreadedTaskDispatcher with 18 workers.
 -> (artifact id: 'b4ded52900f8e3d25f550a1abdbb1329') in 0.111071 seconds
Number of updated asset objects reloaded before import = 0
Number of asset objects unloaded after import = 1
========================================================================
Received Import Request.
  Time since last request: 0.000077 seconds.
  path: Assets/nappin/OfficeEssentialsPack/Models/(Msh)Microwave.fbx
  artifactKey: Guid(f9bb1fe475c1d144cb7676c5b119fbfe) Importer(2089858483,0ecaa5967403d082aa24f35e1b516d23)
Start importing Assets/nappin/OfficeEssentialsPack/Models/(Msh)Microwave.fbx using Guid(f9bb1fe475c1d144cb7676c5b119fbfe) Importer(2089858483,0ecaa5967403d082aa24f35e1b516d23) [PhysX] Initialized MultithreadedTaskDispatcher with 18 workers.
 -> (artifact id: '34f165b3ee0a270a6536cb5fb5e359a6') in 0.103324 seconds
Number of updated asset objects reloaded before import = 0
Number of asset objects unloaded after import = 9
========================================================================
Received Import Request.
  Time since last request: 0.000068 seconds.
  path: Assets/npc_casual_set_00/Textures/npc_csl_pants_00f_01_01_c.tif
  artifactKey: Guid(e7b88de56215974438a88df78de89542) Importer(2089858483,0ecaa5967403d082aa24f35e1b516d23)
Start importing Assets/npc_casual_set_00/Textures/npc_csl_pants_00f_01_01_c.tif using Guid(e7b88de56215974438a88df78de89542) Importer(2089858483,0ecaa5967403d082aa24f35e1b516d23) [PhysX] Initialized MultithreadedTaskDispatcher with 18 workers.
 -> (artifact id: 'be7964a3bdce3eec38e93047c7d65725') in 0.090146 seconds
Number of updated asset objects reloaded before import = 0
Number of asset objects unloaded after import = 1
========================================================================
Received Import Request.
  Time since last request: 0.000321 seconds.
  path: Assets/nappin/OfficeEssentialsPack/Models/(Msh)DeskPrinter.fbx
  artifactKey: Guid(92df708222820ea4ea7635007b379d57) Importer(2089858483,0ecaa5967403d082aa24f35e1b516d23)
Start importing Assets/nappin/OfficeEssentialsPack/Models/(Msh)DeskPrinter.fbx using Guid(92df708222820ea4ea7635007b379d57) Importer(2089858483,0ecaa5967403d082aa24f35e1b516d23) [PhysX] Initialized MultithreadedTaskDispatcher with 18 workers.
 -> (artifact id: '9754ddecbac77ff5830687862b6c4aa4') in 0.082770 seconds
Number of updated asset objects reloaded before import = 0
Number of asset objects unloaded after import = 9
========================================================================
Received Import Request.
  Time since last request: 0.000045 seconds.
  path: Assets/npc_casual_set_00/Textures/npc_csl_pants_00f_01_02_c.tif
  artifactKey: Guid(131dd926ddf4bf24dab3969f1e0563e7) Importer(2089858483,0ecaa5967403d082aa24f35e1b516d23)
Start importing Assets/npc_casual_set_00/Textures/npc_csl_pants_00f_01_02_c.tif using Guid(131dd926ddf4bf24dab3969f1e0563e7) Importer(2089858483,0ecaa5967403d082aa24f35e1b516d23) [PhysX] Initialized MultithreadedTaskDispatcher with 18 workers.
 -> (artifact id: '18c50ee930a088bc567b5893f5d0ed46') in 0.101618 seconds
Number of updated asset objects reloaded before import = 0
Number of asset objects unloaded after import = 1
========================================================================
Received Import Request.
  Time since last request: 0.000056 seconds.
  path: Assets/JustPlay/Сomputer devices/Objects/Keyboard/Textures/Normal.png
  artifactKey: Guid(cebfbf6f6fe980848922eeeb957d357d) Importer(2089858483,0ecaa5967403d082aa24f35e1b516d23)
Start importing Assets/JustPlay/Сomputer devices/Objects/Keyboard/Textures/Normal.png using Guid(cebfbf6f6fe980848922eeeb957d357d) Importer(2089858483,0ecaa5967403d082aa24f35e1b516d23) [PhysX] Initialized MultithreadedTaskDispatcher with 18 workers.
 -> (artifact id: '2c88c425040eba51933fd58632a8b164') in 0.095660 seconds
Number of updated asset objects reloaded before import = 0
Number of asset objects unloaded after import = 1
========================================================================
Received Import Request.
  Time since last request: 0.000338 seconds.
  path: Assets/Scenes/ZNS3D/Vintage Living Room Game Pack/Textures/Antique_Light/antique_light_Mat_Height.png
  artifactKey: Guid(ce98f6fc7ef75964b98e8c6434b08775) Importer(2089858483,0ecaa5967403d082aa24f35e1b516d23)
Start importing Assets/Scenes/ZNS3D/Vintage Living Room Game Pack/Textures/Antique_Light/antique_light_Mat_Height.png using Guid(ce98f6fc7ef75964b98e8c6434b08775) Importer(2089858483,0ecaa5967403d082aa24f35e1b516d23) [PhysX] Initialized MultithreadedTaskDispatcher with 18 workers.
 -> (artifact id: '11a9b78d35b8c09094173e3144cdb9fa') in 0.092325 seconds
Number of updated asset objects reloaded before import = 0
Number of asset objects unloaded after import = 1
========================================================================
Received Import Request.
  Time since last request: 0.000166 seconds.
  path: Assets/Scenes/ZNS3D/Vintage Living Room Game Pack/Textures/Ceiling/ceiling_Mat_ceiling_Metallic.png
  artifactKey: Guid(31eeae285647a2341b4740b312dfeb93) Importer(2089858483,0ecaa5967403d082aa24f35e1b516d23)
Start importing Assets/Scenes/ZNS3D/Vintage Living Room Game Pack/Textures/Ceiling/ceiling_Mat_ceiling_Metallic.png using Guid(31eeae285647a2341b4740b312dfeb93) Importer(2089858483,0ecaa5967403d082aa24f35e1b516d23) [PhysX] Initialized MultithreadedTaskDispatcher with 18 workers.
 -> (artifact id: '10491211f14bdc5953e2bafcf08603c4') in 0.106943 seconds
Number of updated asset objects reloaded before import = 0
Number of asset objects unloaded after import = 1
========================================================================
Received Import Request.
  Time since last request: 0.000056 seconds.
  path: Assets/Scenes/ZNS3D/Vintage Living Room Game Pack/Demo/Demo_Scene/Lightmap-0_comp_light.exr
  artifactKey: Guid(1978285120d4ec944ba544c74e70a9a7) Importer(2089858483,0ecaa5967403d082aa24f35e1b516d23)
Start importing Assets/Scenes/ZNS3D/Vintage Living Room Game Pack/Demo/Demo_Scene/Lightmap-0_comp_light.exr using Guid(1978285120d4ec944ba544c74e70a9a7) Importer(2089858483,0ecaa5967403d082aa24f35e1b516d23) [PhysX] Initialized MultithreadedTaskDispatcher with 18 workers.
 -> (artifact id: '308b6119afdd1c3edb5d3c53774a453e') in 0.085546 seconds
Number of updated asset objects reloaded before import = 0
Number of asset objects unloaded after import = 1
========================================================================
Received Import Request.
  Time since last request: 0.000199 seconds.
  path: Assets/HorrorPuzzleItems/Floppy/Textures/Floppy_Blue.png
  artifactKey: Guid(25ba130dc8d83ac4fb0631b45836ad16) Importer(2089858483,0ecaa5967403d082aa24f35e1b516d23)
Start importing Assets/HorrorPuzzleItems/Floppy/Textures/Floppy_Blue.png using Guid(25ba130dc8d83ac4fb0631b45836ad16) Importer(2089858483,0ecaa5967403d082aa24f35e1b516d23) [PhysX] Initialized MultithreadedTaskDispatcher with 18 workers.
 -> (artifact id: '87856e24f1597460037a19b642fcfde7') in 0.075306 seconds
Number of updated asset objects reloaded before import = 0
Number of asset objects unloaded after import = 1
========================================================================
Received Import Request.
  Time since last request: 0.000180 seconds.
  path: Assets/npc_casual_set_00/Mesh/npc_haircut_c_02.fbx
  artifactKey: Guid(a10f81b6957ffb049bef4a7217b81e1a) Importer(2089858483,0ecaa5967403d082aa24f35e1b516d23)
Start importing Assets/npc_casual_set_00/Mesh/npc_haircut_c_02.fbx using Guid(a10f81b6957ffb049bef4a7217b81e1a) Importer(2089858483,0ecaa5967403d082aa24f35e1b516d23) [PhysX] Initialized MultithreadedTaskDispatcher with 18 workers.
 -> (artifact id: '9f7a8a4e9e65fdfde34ee22ab2317ff9') in 0.210214 seconds
Number of updated asset objects reloaded before import = 0
Number of asset objects unloaded after import = 141
========================================================================
Received Import Request.
  Time since last request: 0.000051 seconds.
  path: Assets/JustPlay/Сomputer devices/Objects/Monitor/Textures/Emiss.png
  artifactKey: Guid(edf7b033123f96b45a46ba445caa503e) Importer(2089858483,0ecaa5967403d082aa24f35e1b516d23)
Start importing Assets/JustPlay/Сomputer devices/Objects/Monitor/Textures/Emiss.png using Guid(edf7b033123f96b45a46ba445caa503e) Importer(2089858483,0ecaa5967403d082aa24f35e1b516d23) [PhysX] Initialized MultithreadedTaskDispatcher with 18 workers.
 -> (artifact id: '762eaf3869a066dd77fca72400b40ef7') in 0.090450 seconds
Number of updated asset objects reloaded before import = 0
Number of asset objects unloaded after import = 1
========================================================================
Received Import Request.
  Time since last request: 0.000232 seconds.
  path: Assets/Scenes/ZNS3D/Vintage Living Room Game Pack/Textures/Furnitures_1/furnitures_1_Mat_Furnitures_1_Metallic.png
  artifactKey: Guid(6e47f539ba966f643b5379eadeafb3db) Importer(2089858483,0ecaa5967403d082aa24f35e1b516d23)
Start importing Assets/Scenes/ZNS3D/Vintage Living Room Game Pack/Textures/Furnitures_1/furnitures_1_Mat_Furnitures_1_Metallic.png using Guid(6e47f539ba966f643b5379eadeafb3db) Importer(2089858483,0ecaa5967403d082aa24f35e1b516d23) [PhysX] Initialized MultithreadedTaskDispatcher with 18 workers.
 -> (artifact id: '8ebdc6dff49be2f687b2cc66155b4ee9') in 0.082490 seconds
Number of updated asset objects reloaded before import = 0
Number of asset objects unloaded after import = 1
========================================================================
Received Import Request.
  Time since last request: 0.000186 seconds.
  path: Assets/Scenes/ZNS3D/Vintage Living Room Game Pack/Textures/Walls/walls_Mat_Walls_BaseColor.png
  artifactKey: Guid(475749334dd98ec46844c4c218f0fd41) Importer(2089858483,0ecaa5967403d082aa24f35e1b516d23)
Start importing Assets/Scenes/ZNS3D/Vintage Living Room Game Pack/Textures/Walls/walls_Mat_Walls_BaseColor.png using Guid(475749334dd98ec46844c4c218f0fd41) Importer(2089858483,0ecaa5967403d082aa24f35e1b516d23) [PhysX] Initialized MultithreadedTaskDispatcher with 18 workers.
 -> (artifact id: '17d1b06dafc43e900f67989bcd2149ad') in 0.080522 seconds
Number of updated asset objects reloaded before import = 0
Number of asset objects unloaded after import = 1
========================================================================
Received Import Request.
  Time since last request: 0.000320 seconds.
  path: Assets/Scenes/ZNS3D/Vintage Living Room Game Pack/Textures/Floors/floors_Mat_Floors_Height.png
  artifactKey: Guid(41feab0722305fa48b3e9aad5a89f912) Importer(2089858483,0ecaa5967403d082aa24f35e1b516d23)
Start importing Assets/Scenes/ZNS3D/Vintage Living Room Game Pack/Textures/Floors/floors_Mat_Floors_Height.png using Guid(41feab0722305fa48b3e9aad5a89f912) Importer(2089858483,0ecaa5967403d082aa24f35e1b516d23) [PhysX] Initialized MultithreadedTaskDispatcher with 18 workers.
 -> (artifact id: 'e3fc06c2aa6478bd4143d592a94236f2') in 0.098668 seconds
Number of updated asset objects reloaded before import = 0
Number of asset objects unloaded after import = 1
========================================================================
Received Import Request.
  Time since last request: 0.000395 seconds.
  path: Assets/JustPlay/Сomputer devices/Objects/Speakers/Textures/Albedo.png
  artifactKey: Guid(507bfa3a5e5460449b32068a4966df0f) Importer(2089858483,0ecaa5967403d082aa24f35e1b516d23)
Start importing Assets/JustPlay/Сomputer devices/Objects/Speakers/Textures/Albedo.png using Guid(507bfa3a5e5460449b32068a4966df0f) Importer(2089858483,0ecaa5967403d082aa24f35e1b516d23) [PhysX] Initialized MultithreadedTaskDispatcher with 18 workers.
 -> (artifact id: 'f12a9cf104dc0d3ebb8438392f060d7f') in 0.083772 seconds
Number of updated asset objects reloaded before import = 0
Number of asset objects unloaded after import = 1
========================================================================
Received Import Request.
  Time since last request: 0.000306 seconds.
  path: Assets/Scenes/ZNS3D/Vintage Living Room Game Pack/Demo/Demo_Scene/Lightmap-0_comp_dir.png
  artifactKey: Guid(c5474e22c29aa0641897b2d26f89de5a) Importer(2089858483,0ecaa5967403d082aa24f35e1b516d23)
Start importing Assets/Scenes/ZNS3D/Vintage Living Room Game Pack/Demo/Demo_Scene/Lightmap-0_comp_dir.png using Guid(c5474e22c29aa0641897b2d26f89de5a) Importer(2089858483,0ecaa5967403d082aa24f35e1b516d23) [PhysX] Initialized MultithreadedTaskDispatcher with 18 workers.
 -> (artifact id: 'b324cb7b2cc131684c50ec879f6f7943') in 0.091203 seconds
Number of updated asset objects reloaded before import = 0
Number of asset objects unloaded after import = 1
========================================================================
Received Import Request.
  Time since last request: 0.000055 seconds.
  path: Assets/Scenes/ZNS3D/Vintage Living Room Game Pack/Textures/Walls/walls_Mat_Walls_Metallic.png
  artifactKey: Guid(dbeeb3532741d6a438c5dc6e93dea543) Importer(2089858483,0ecaa5967403d082aa24f35e1b516d23)
Start importing Assets/Scenes/ZNS3D/Vintage Living Room Game Pack/Textures/Walls/walls_Mat_Walls_Metallic.png using Guid(dbeeb3532741d6a438c5dc6e93dea543) Importer(2089858483,0ecaa5967403d082aa24f35e1b516d23) [PhysX] Initialized MultithreadedTaskDispatcher with 18 workers.
 -> (artifact id: '77c9443b672a4bda6dbf183369be9f44') in 0.111965 seconds
Number of updated asset objects reloaded before import = 0
Number of asset objects unloaded after import = 1
========================================================================
Received Import Request.
  Time since last request: 0.000168 seconds.
  path: Assets/Scenes/ZNS3D/Vintage Living Room Game Pack/Textures/Windows_Doors/Mat_Windows_Doors_BaseColor.png
  artifactKey: Guid(540446bdf32f58643a8a25fee160ae36) Importer(2089858483,0ecaa5967403d082aa24f35e1b516d23)
Start importing Assets/Scenes/ZNS3D/Vintage Living Room Game Pack/Textures/Windows_Doors/Mat_Windows_Doors_BaseColor.png using Guid(540446bdf32f58643a8a25fee160ae36) Importer(2089858483,0ecaa5967403d082aa24f35e1b516d23) [PhysX] Initialized MultithreadedTaskDispatcher with 18 workers.
 -> (artifact id: '9cf1af78fe2b0e0929ddfaeb5fe06c53') in 0.119955 seconds
Number of updated asset objects reloaded before import = 0
Number of asset objects unloaded after import = 1
========================================================================
Received Import Request.
  Time since last request: 0.000066 seconds.
  path: Assets/JustPlay/Сomputer devices/Objects/Monitor 2/Textures/Normal.png
  artifactKey: Guid(b1de0e2d2bae02a46a0321c85cf0ed6b) Importer(2089858483,0ecaa5967403d082aa24f35e1b516d23)
Start importing Assets/JustPlay/Сomputer devices/Objects/Monitor 2/Textures/Normal.png using Guid(b1de0e2d2bae02a46a0321c85cf0ed6b) Importer(2089858483,0ecaa5967403d082aa24f35e1b516d23) [PhysX] Initialized MultithreadedTaskDispatcher with 18 workers.
 -> (artifact id: 'a8ace7f6ef475282f66d1f74d45788b3') in 0.093263 seconds
Number of updated asset objects reloaded before import = 0
Number of asset objects unloaded after import = 1
========================================================================
Received Import Request.
  Time since last request: 0.000132 seconds.
  path: Assets/Scenes/ZNS3D/Vintage Living Room Game Pack/Textures/Furnitures_2/furnitures_2_Mat_Furnitures_2_Normal.png
  artifactKey: Guid(adfaebe883c63a44aabdf499a54347ed) Importer(2089858483,0ecaa5967403d082aa24f35e1b516d23)
Start importing Assets/Scenes/ZNS3D/Vintage Living Room Game Pack/Textures/Furnitures_2/furnitures_2_Mat_Furnitures_2_Normal.png using Guid(adfaebe883c63a44aabdf499a54347ed) Importer(2089858483,0ecaa5967403d082aa24f35e1b516d23) [PhysX] Initialized MultithreadedTaskDispatcher with 18 workers.
 -> (artifact id: '3ca20280a744313fda0002cd7005bfc5') in 0.091562 seconds
Number of updated asset objects reloaded before import = 0
Number of asset objects unloaded after import = 1
========================================================================
Received Import Request.
  Time since last request: 0.000221 seconds.
  path: Assets/Scenes/ZNS3D/Vintage Living Room Game Pack/Textures/Decors_2/decors_2_Mat_Decors_2_Normal.png
  artifactKey: Guid(9b772f37664ca2944bbca73b6a1dd36c) Importer(2089858483,0ecaa5967403d082aa24f35e1b516d23)
Start importing Assets/Scenes/ZNS3D/Vintage Living Room Game Pack/Textures/Decors_2/decors_2_Mat_Decors_2_Normal.png using Guid(9b772f37664ca2944bbca73b6a1dd36c) Importer(2089858483,0ecaa5967403d082aa24f35e1b516d23) [PhysX] Initialized MultithreadedTaskDispatcher with 18 workers.
 -> (artifact id: 'b786ee1a26c10bbd09fe902f827f7b6d') in 0.094214 seconds
Number of updated asset objects reloaded before import = 0
Number of asset objects unloaded after import = 1
========================================================================
Received Import Request.
  Time since last request: 0.001808 seconds.
  path: Assets/Scenes/ZNS3D/Vintage Living Room Game Pack/Textures/Windows_Doors/Mat_Windows_Doors_Normal.png
  artifactKey: Guid(ee1dbfdb5a123fb41acddf0e7b2de2c9) Importer(2089858483,0ecaa5967403d082aa24f35e1b516d23)
Start importing Assets/Scenes/ZNS3D/Vintage Living Room Game Pack/Textures/Windows_Doors/Mat_Windows_Doors_Normal.png using Guid(ee1dbfdb5a123fb41acddf0e7b2de2c9) Importer(2089858483,0ecaa5967403d082aa24f35e1b516d23) [PhysX] Initialized MultithreadedTaskDispatcher with 18 workers.
 -> (artifact id: 'bffd3bf82f2a2ecebe80b9cd9779f885') in 0.093424 seconds
Number of updated asset objects reloaded before import = 0
Number of asset objects unloaded after import = 1
========================================================================
Received Import Request.
  Time since last request: 0.000061 seconds.
  path: Assets/Scenes/ZNS3D/Vintage Living Room Game Pack/Textures/Antique_Light/Materials/antique_light_Mat_BaseColor.mat
  artifactKey: Guid(f3606eb39f129654698194469c24d273) Importer(2089858483,0ecaa5967403d082aa24f35e1b516d23)
Start importing Assets/Scenes/ZNS3D/Vintage Living Room Game Pack/Textures/Antique_Light/Materials/antique_light_Mat_BaseColor.mat using Guid(f3606eb39f129654698194469c24d273) Importer(2089858483,0ecaa5967403d082aa24f35e1b516d23) [PhysX] Initialized MultithreadedTaskDispatcher with 18 workers.
 -> (artifact id: 'dba8e084a2e25d4d912259ceef0aa2d7') in 0.090292 seconds
Number of updated asset objects reloaded before import = 0
Number of asset objects unloaded after import = 2
========================================================================
Received Import Request.
  Time since last request: 0.000091 seconds.
  path: Assets/JustPlay/Сomputer devices/Objects/Phone/Textures/Normal.png
  artifactKey: Guid(d4b08b5c2d94ac94babde82e19cbf170) Importer(2089858483,0ecaa5967403d082aa24f35e1b516d23)
Start importing Assets/JustPlay/Сomputer devices/Objects/Phone/Textures/Normal.png using Guid(d4b08b5c2d94ac94babde82e19cbf170) Importer(2089858483,0ecaa5967403d082aa24f35e1b516d23) [PhysX] Initialized MultithreadedTaskDispatcher with 18 workers.
 -> (artifact id: '2aa0647a4c83a9958ca79956e10b8e6d') in 0.096374 seconds
Number of updated asset objects reloaded before import = 0
Number of asset objects unloaded after import = 1
========================================================================
Received Import Request.
  Time since last request: 0.000062 seconds.
  path: Assets/Scenes/ZNS3D/Vintage Living Room Game Pack/Meshes/ceiling_small.fbx
  artifactKey: Guid(12add6c454ec1314592235850b7760ed) Importer(2089858483,0ecaa5967403d082aa24f35e1b516d23)
Start importing Assets/Scenes/ZNS3D/Vintage Living Room Game Pack/Meshes/ceiling_small.fbx using Guid(12add6c454ec1314592235850b7760ed) Importer(2089858483,0ecaa5967403d082aa24f35e1b516d23) [PhysX] Initialized MultithreadedTaskDispatcher with 18 workers.
 -> (artifact id: '8bbf2fefe3d9a6a43f119df266f613e2') in 0.111020 seconds
Number of updated asset objects reloaded before import = 0
Number of asset objects unloaded after import = 10
========================================================================
Received Import Request.
  Time since last request: 0.000123 seconds.
  path: Assets/Scenes/ZNS3D/Vintage Living Room Game Pack/Meshes/sofa_big.fbx
  artifactKey: Guid(dff72c261e91dc945b3157de4717a59b) Importer(2089858483,0ecaa5967403d082aa24f35e1b516d23)
Start importing Assets/Scenes/ZNS3D/Vintage Living Room Game Pack/Meshes/sofa_big.fbx using Guid(dff72c261e91dc945b3157de4717a59b) Importer(2089858483,0ecaa5967403d082aa24f35e1b516d23) [PhysX] Initialized MultithreadedTaskDispatcher with 18 workers.
 -> (artifact id: 'd34994fa5feb8713a8c8050151c47942') in 0.156295 seconds
Number of updated asset objects reloaded before import = 0
Number of asset objects unloaded after import = 27
========================================================================
Received Import Request.
  Time since last request: 0.000093 seconds.
  path: Assets/Scenes/ZNS3D/Vintage Living Room Game Pack/Textures/Decors_1/decors_1_Mat_decors_1_Roughness.png
  artifactKey: Guid(cf4fdb26daf011946bfc18b49043b1ec) Importer(2089858483,0ecaa5967403d082aa24f35e1b516d23)
Start importing Assets/Scenes/ZNS3D/Vintage Living Room Game Pack/Textures/Decors_1/decors_1_Mat_decors_1_Roughness.png using Guid(cf4fdb26daf011946bfc18b49043b1ec) Importer(2089858483,0ecaa5967403d082aa24f35e1b516d23) [PhysX] Initialized MultithreadedTaskDispatcher with 18 workers.
 -> (artifact id: 'b56e259c93a1393ebbfdc0e0515db8e2') in 0.102307 seconds
Number of updated asset objects reloaded before import = 0
Number of asset objects unloaded after import = 1
========================================================================
Received Import Request.
  Time since last request: 0.000203 seconds.
  path: Assets/npc_casual_set_00/Prefabs/Prefabs_Parts/npc_hmn_01m_lowerbody6.prefab
  artifactKey: Guid(fe071456d6179ed42a71dd4fb561114e) Importer(2089858483,0ecaa5967403d082aa24f35e1b516d23)
Start importing Assets/npc_casual_set_00/Prefabs/Prefabs_Parts/npc_hmn_01m_lowerbody6.prefab using Guid(fe071456d6179ed42a71dd4fb561114e) Importer(2089858483,0ecaa5967403d082aa24f35e1b516d23) [PhysX] Initialized MultithreadedTaskDispatcher with 18 workers.
 -> (artifact id: '0c1b0eca22f681624aa58b6114004188') in 0.065653 seconds
Number of updated asset objects reloaded before import = 0
Number of asset objects unloaded after import = 283
========================================================================
Received Import Request.
  Time since last request: 0.000043 seconds.
  path: Assets/npc_casual_set_00/Mesh/Mesh_Parts/npc_csl_tshirt_00f_frontal.fbx
  artifactKey: Guid(2940c0a5abf230c4da636e6113442f08) Importer(2089858483,0ecaa5967403d082aa24f35e1b516d23)
Start importing Assets/npc_casual_set_00/Mesh/Mesh_Parts/npc_csl_tshirt_00f_frontal.fbx using Guid(2940c0a5abf230c4da636e6113442f08) Importer(2089858483,0ecaa5967403d082aa24f35e1b516d23) [PhysX] Initialized MultithreadedTaskDispatcher with 18 workers.
 -> (artifact id: '23ebaa8c92e14a10695a84c710243ac3') in 0.171708 seconds
Number of updated asset objects reloaded before import = 0
Number of asset objects unloaded after import = 145
========================================================================
Received Import Request.
  Time since last request: 0.000066 seconds.
  path: Assets/nappin/HouseInteriorPack/Models/(Msh)CornerSofa.fbx
  artifactKey: Guid(edf24df09d11374469d9e785eb18fb26) Importer(2089858483,0ecaa5967403d082aa24f35e1b516d23)
Start importing Assets/nappin/HouseInteriorPack/Models/(Msh)CornerSofa.fbx using Guid(edf24df09d11374469d9e785eb18fb26) Importer(2089858483,0ecaa5967403d082aa24f35e1b516d23) [PhysX] Initialized MultithreadedTaskDispatcher with 18 workers.
 -> (artifact id: 'f25b6dfd31f524d279f6fd495423b1af') in 0.189355 seconds
Number of updated asset objects reloaded before import = 0
Number of asset objects unloaded after import = 136
========================================================================
Received Import Request.
  Time since last request: 0.000059 seconds.
  path: Assets/npc_casual_set_00/Materials/mtl_npc_csl_pants_00f_01_01.mat
  artifactKey: Guid(799b16d1094eaed4bac02c11c52dc744) Importer(2089858483,0ecaa5967403d082aa24f35e1b516d23)
Start importing Assets/npc_casual_set_00/Materials/mtl_npc_csl_pants_00f_01_01.mat using Guid(799b16d1094eaed4bac02c11c52dc744) Importer(2089858483,0ecaa5967403d082aa24f35e1b516d23) [PhysX] Initialized MultithreadedTaskDispatcher with 18 workers.
 -> (artifact id: 'e9d9ab54c3ae5db2857bc56dfc0f6f08') in 0.057564 seconds
Number of updated asset objects reloaded before import = 0
Number of asset objects unloaded after import = 5
========================================================================
Received Import Request.
  Time since last request: 0.000042 seconds.
  path: Assets/npc_casual_set_00/Mesh/npc_hmn_01f.fbx
  artifactKey: Guid(07cfd655bf23cbc409ab05c4e0d2d549) Importer(2089858483,0ecaa5967403d082aa24f35e1b516d23)
Start importing Assets/npc_casual_set_00/Mesh/npc_hmn_01f.fbx using Guid(07cfd655bf23cbc409ab05c4e0d2d549) Importer(2089858483,0ecaa5967403d082aa24f35e1b516d23) [PhysX] Initialized MultithreadedTaskDispatcher with 18 workers.
 -> (artifact id: 'e43ae5478e20c9b475e8f5535b1ab924') in 0.181253 seconds
Number of updated asset objects reloaded before import = 0
Number of asset objects unloaded after import = 146
========================================================================
Received Import Request.
  Time since last request: 0.000067 seconds.
  path: Assets/JustPlay/Сomputer devices/Objects/Mouse from pc/Textures/Albedo.png
  artifactKey: Guid(2a3f1fb872c554b4ebb1b3000c0d0f90) Importer(2089858483,0ecaa5967403d082aa24f35e1b516d23)
Start importing Assets/JustPlay/Сomputer devices/Objects/Mouse from pc/Textures/Albedo.png using Guid(2a3f1fb872c554b4ebb1b3000c0d0f90) Importer(2089858483,0ecaa5967403d082aa24f35e1b516d23) [PhysX] Initialized MultithreadedTaskDispatcher with 18 workers.
 -> (artifact id: '9d8f1fc12e1cfeab8c32195d86a10e7a') in 0.105066 seconds
Number of updated asset objects reloaded before import = 0
Number of asset objects unloaded after import = 1
========================================================================
Received Import Request.
  Time since last request: 0.000137 seconds.
  path: Assets/npc_casual_set_00/Mesh/npc_haircut_c_03.fbx
  artifactKey: Guid(04747dc144b9a65428a2c41826effc2b) Importer(2089858483,0ecaa5967403d082aa24f35e1b516d23)
Start importing Assets/npc_casual_set_00/Mesh/npc_haircut_c_03.fbx using Guid(04747dc144b9a65428a2c41826effc2b) Importer(2089858483,0ecaa5967403d082aa24f35e1b516d23) [PhysX] Initialized MultithreadedTaskDispatcher with 18 workers.
 -> (artifact id: '9bb4e9e661ac1e32f9a980d42c8c80f8') in 0.179220 seconds
Number of updated asset objects reloaded before import = 0
Number of asset objects unloaded after import = 141
========================================================================
Received Import Request.
  Time since last request: 0.000048 seconds.
  path: Assets/nappin/OfficeEssentialsPack/Models/(Msh)DocumentHolder.fbx
  artifactKey: Guid(f79a2c7c74ed86945916baca4abd128c) Importer(2089858483,0ecaa5967403d082aa24f35e1b516d23)
Start importing Assets/nappin/OfficeEssentialsPack/Models/(Msh)DocumentHolder.fbx using Guid(f79a2c7c74ed86945916baca4abd128c) Importer(2089858483,0ecaa5967403d082aa24f35e1b516d23) [PhysX] Initialized MultithreadedTaskDispatcher with 18 workers.
 -> (artifact id: '0196c479fd94956517aca6d83ad7ab8c') in 0.089486 seconds
Number of updated asset objects reloaded before import = 0
Number of asset objects unloaded after import = 9
========================================================================
Received Import Request.
  Time since last request: 0.000047 seconds.
  path: Assets/HorrorPuzzleItems/Gem/Textures/Gem_Green.png
  artifactKey: Guid(46420a5c74792ca419e3f659aa0e7068) Importer(2089858483,0ecaa5967403d082aa24f35e1b516d23)
Start importing Assets/HorrorPuzzleItems/Gem/Textures/Gem_Green.png using Guid(46420a5c74792ca419e3f659aa0e7068) Importer(2089858483,0ecaa5967403d082aa24f35e1b516d23) [PhysX] Initialized MultithreadedTaskDispatcher with 18 workers.
 -> (artifact id: '631f6b50361210e3cc3cca1c03d659fa') in 0.086521 seconds
Number of updated asset objects reloaded before import = 0
Number of asset objects unloaded after import = 1
