Using pre-set license
Built from '2022.3/staging' branch; Version is '2022.3.42f1 (2dcb6a0abc42) revision 3001194'; Using compiler version '192829333'; Build Type 'Release'
OS: 'Windows 11  (10.0.26200) 64bit Core' Language: 'ko' Physical Memory: 15964 MB
BatchMode: 1, IsHumanControllingUs: 0, StartBugReporterOnCrash: 0, Is64bit: 1, IsPro: 1

COMMAND LINE ARGUMENTS:
C:\Program Files\Unity\Hub\Editor\2022.3.42f1\Editor\Unity.exe
-adb2
-batchMode
-noUpm
-name
AssetImportWorker0
-projectPath
C:/Users/jongk/final_project
-logFile
Logs/AssetImportWorker0.log
-srvPort
57931
Successfully changed project path to: C:/Users/jongk/final_project
C:/Users/jongk/final_project
[UnityMemory] Configuration Parameters - Can be set up in boot.config
    "memorysetup-bucket-allocator-granularity=16"
    "memorysetup-bucket-allocator-bucket-count=8"
    "memorysetup-bucket-allocator-block-size=33554432"
    "memorysetup-bucket-allocator-block-count=8"
    "memorysetup-main-allocator-block-size=16777216"
    "memorysetup-thread-allocator-block-size=16777216"
    "memorysetup-gfx-main-allocator-block-size=16777216"
    "memorysetup-gfx-thread-allocator-block-size=16777216"
    "memorysetup-cache-allocator-block-size=4194304"
    "memorysetup-typetree-allocator-block-size=2097152"
    "memorysetup-profiler-bucket-allocator-granularity=16"
    "memorysetup-profiler-bucket-allocator-bucket-count=8"
    "memorysetup-profiler-bucket-allocator-block-size=33554432"
    "memorysetup-profiler-bucket-allocator-block-count=8"
    "memorysetup-profiler-allocator-block-size=16777216"
    "memorysetup-profiler-editor-allocator-block-size=1048576"
    "memorysetup-temp-allocator-size-main=16777216"
    "memorysetup-job-temp-allocator-block-size=2097152"
    "memorysetup-job-temp-allocator-block-size-background=1048576"
    "memorysetup-job-temp-allocator-reduction-small-platforms=262144"
    "memorysetup-allocator-temp-initial-block-size-main=262144"
    "memorysetup-allocator-temp-initial-block-size-worker=262144"
    "memorysetup-temp-allocator-size-background-worker=32768"
    "memorysetup-temp-allocator-size-job-worker=262144"
    "memorysetup-temp-allocator-size-preload-manager=33554432"
    "memorysetup-temp-allocator-size-nav-mesh-worker=65536"
    "memorysetup-temp-allocator-size-audio-worker=65536"
    "memorysetup-temp-allocator-size-cloud-worker=32768"
    "memorysetup-temp-allocator-size-gi-baking-worker=262144"
    "memorysetup-temp-allocator-size-gfx=262144"
Player connection [33520]  Target information:

Player connection [33520]  * "[IP] 172.30.1.85 [Port] 0 [Flags] 2 [Guid] 141431671 [EditorId] 141431671 [Version] 1048832 [Id] WindowsEditor(7,BOOK-U9ST4MTRDP) [Debug] 1 [PackageName] WindowsEditor [ProjectName] Editor" 

Player connection [33520] Host joined multi-casting on [225.0.0.222:54997]...
Player connection [33520] Host joined alternative multi-casting on [225.0.0.222:34997]...
[PhysX] Initialized MultithreadedTaskDispatcher with 18 workers.
Refreshing native plugins compatible for Editor in 9.73 ms, found 3 plugins.
Preloading 0 native plugins for Editor in 0.00 ms.
Initialize engine version: 2022.3.42f1 (2dcb6a0abc42)
[Subsystems] Discovering subsystems at path C:/Program Files/Unity/Hub/Editor/2022.3.42f1/Editor/Data/Resources/UnitySubsystems
[Subsystems] Discovering subsystems at path C:/Users/jongk/final_project/Assets
GfxDevice: creating device client; threaded=0; jobified=0
Direct3D:
    Version:  Direct3D 11.0 [level 11.1]
    Renderer: Intel(R) Arc(TM) Graphics (ID=0x7d55)
    Vendor:   Intel
    VRAM:     9099 MB
    Driver:   32.0.101.6874
Initialize mono
Mono path[0] = 'C:/Program Files/Unity/Hub/Editor/2022.3.42f1/Editor/Data/Managed'
Mono path[1] = 'C:/Program Files/Unity/Hub/Editor/2022.3.42f1/Editor/Data/MonoBleedingEdge/lib/mono/unityjit-win32'
Mono config path = 'C:/Program Files/Unity/Hub/Editor/2022.3.42f1/Editor/Data/MonoBleedingEdge/etc'
Using monoOptions --debugger-agent=transport=dt_socket,embedding=1,server=y,suspend=n,address=127.0.0.1:56612
Begin MonoManager ReloadAssembly
Registering precompiled unity dll's ...
Register platform support module: C:/Program Files/Unity/Hub/Editor/2022.3.42f1/Editor/Data/PlaybackEngines/WindowsStandaloneSupport/UnityEditor.WindowsStandalone.Extensions.dll
Registered in 0.011304 seconds.
- Loaded All Assemblies, in  0.672 seconds
Native extension for WindowsStandalone target not found
Mono: successfully reloaded assembly
- Finished resetting the current domain, in  0.674 seconds
Domain Reload Profiling: 1344ms
	BeginReloadAssembly (220ms)
		ExecutionOrderSort (0ms)
		DisableScriptedObjects (0ms)
		BackupInstance (0ms)
		ReleaseScriptingObjects (0ms)
		CreateAndSetChildDomain (1ms)
	RebuildCommonClasses (58ms)
	RebuildNativeTypeToScriptingClass (25ms)
	initialDomainReloadingComplete (115ms)
	LoadAllAssembliesAndSetupDomain (252ms)
		LoadAssemblies (217ms)
		RebuildTransferFunctionScriptingTraits (0ms)
		AnalyzeDomain (248ms)
			TypeCache.Refresh (245ms)
				TypeCache.ScanAssembly (217ms)
			ScanForSourceGeneratedMonoScriptInfo (1ms)
			ResolveRequiredComponents (1ms)
	FinalizeReload (675ms)
		ReleaseScriptCaches (0ms)
		RebuildScriptCaches (0ms)
		SetupLoadedEditorAssemblies (558ms)
			LogAssemblyErrors (0ms)
			InitializePlatformSupportModulesInManaged (22ms)
			SetLoadedEditorAssemblies (19ms)
			RefreshPlugins (0ms)
			BeforeProcessingInitializeOnLoad (8ms)
			ProcessInitializeOnLoadAttributes (392ms)
			ProcessInitializeOnLoadMethodAttributes (117ms)
			AfterProcessingInitializeOnLoad (0ms)
			EditorAssembliesLoaded (0ms)
		ExecutionOrderSort2 (0ms)
		AwakeInstancesAfterBackupRestoration (0ms)
========================================================================
Worker process is ready to serve import requests
Caller must complete domain reload
Begin MonoManager ReloadAssembly
- Loaded All Assemblies, in  1.189 seconds
Native extension for WindowsStandalone target not found
Mono: successfully reloaded assembly
- Finished resetting the current domain, in  1.594 seconds
Domain Reload Profiling: 2781ms
	BeginReloadAssembly (325ms)
		ExecutionOrderSort (0ms)
		DisableScriptedObjects (12ms)
		BackupInstance (0ms)
		ReleaseScriptingObjects (0ms)
		CreateAndSetChildDomain (41ms)
	RebuildCommonClasses (58ms)
	RebuildNativeTypeToScriptingClass (19ms)
	initialDomainReloadingComplete (79ms)
	LoadAllAssembliesAndSetupDomain (705ms)
		LoadAssemblies (624ms)
		RebuildTransferFunctionScriptingTraits (0ms)
		AnalyzeDomain (279ms)
			TypeCache.Refresh (240ms)
				TypeCache.ScanAssembly (222ms)
			ScanForSourceGeneratedMonoScriptInfo (27ms)
			ResolveRequiredComponents (9ms)
	FinalizeReload (1594ms)
		ReleaseScriptCaches (0ms)
		RebuildScriptCaches (0ms)
		SetupLoadedEditorAssemblies (1342ms)
			LogAssemblyErrors (0ms)
			InitializePlatformSupportModulesInManaged (14ms)
			SetLoadedEditorAssemblies (8ms)
			RefreshPlugins (0ms)
			BeforeProcessingInitializeOnLoad (148ms)
			ProcessInitializeOnLoadAttributes (1118ms)
			ProcessInitializeOnLoadMethodAttributes (44ms)
			AfterProcessingInitializeOnLoad (10ms)
			EditorAssembliesLoaded (0ms)
		ExecutionOrderSort2 (0ms)
		AwakeInstancesAfterBackupRestoration (10ms)
Launched and connected shader compiler UnityShaderCompiler.exe after 0.13 seconds
Refreshing native plugins compatible for Editor in 10.95 ms, found 3 plugins.
Preloading 0 native plugins for Editor in 0.00 ms.
Unloading 3244 Unused Serialized files (Serialized files now loaded: 0)
Unloading 19 unused Assets / (54.5 KB). Loaded Objects now: 3714.
Memory consumption went from 126.1 MB to 126.0 MB.
Total: 9.064800 ms (FindLiveObjects: 0.568000 ms CreateObjectMapping: 0.165500 ms MarkObjects: 8.182400 ms  DeleteObjects: 0.145800 ms)

AssetImportParameters requested are different than current active one (requested -> active):
  custom:container-demuxer-ogg: 62fdf1f143b41e24485cea50d1cbac27 -> 
  custom:video-codec-MediaFoundation-h265: 746d11721c4dcdbdad8f713fa42b33f4 -> 
  custom:video-decoder-ogg-theora: a1e56fd34408186e4bbccfd4996cb3dc -> 
  custom:framework-win-MediaFoundation: 216162199b28c13a410421893ffa2e32 -> 
  custom:CustomObjectIndexerAttribute: 9a22284fe3817be447336de3de66b15e -> 
  custom:container-demuxer-webm: 4f35f7cbe854078d1ac9338744f61a02 -> 
  custom:container-muxer-webm: aa71ff27fc2769a1b78a27578f13a17b -> 
  custom:video-decoder-webm-vp8: 9c59270c3fd7afecdb556c50c9e8de78 -> 
  custom:SearchIndexIgnoredProperties: e643bd26f0fe6173181afceb89e7c659 -> 
  custom:AudioImporter_EditorPlatform: d09bf68614088b80899f8185d706f6e7 -> 
  custom:video-encoder-webm-vp8: eb34c28f22e8b96e1ab97ce403110664 -> 
  custom:audio-decoder-ogg-vorbis: bf7c407c2cedff20999df2af8eb42d56 -> 
  custom:audio-encoder-webm-vorbis: bf7c407c2cedff20999df2af8eb42d56 -> 
========================================================================
Received Import Request.
  Time since last request: 89482.217722 seconds.
  path: Assets/npc_casual_set_00/Mesh/npc_csl_00_character_01f.fbx
  artifactKey: Guid(f14962bf8c2a50544b362f1694bf4149) Importer(2089858483,0ecaa5967403d082aa24f35e1b516d23)
Start importing Assets/npc_casual_set_00/Mesh/npc_csl_00_character_01f.fbx using Guid(f14962bf8c2a50544b362f1694bf4149) Importer(2089858483,0ecaa5967403d082aa24f35e1b516d23) [PhysX] Initialized MultithreadedTaskDispatcher with 18 workers.
 -> (artifact id: 'd461975554d5ef139bbd9ee80977ceab') in 0.389681 seconds
Number of updated asset objects reloaded before import = 0
Number of asset objects unloaded after import = 283
========================================================================
Received Import Request.
  Time since last request: 0.000066 seconds.
  path: Assets/npc_casual_set_00/readme.txt
  artifactKey: Guid(783461f53ec35ed42a17c15f841e0b09) Importer(2089858483,0ecaa5967403d082aa24f35e1b516d23)
Start importing Assets/npc_casual_set_00/readme.txt using Guid(783461f53ec35ed42a17c15f841e0b09) Importer(2089858483,0ecaa5967403d082aa24f35e1b516d23) [PhysX] Initialized MultithreadedTaskDispatcher with 18 workers.
 -> (artifact id: 'b86000905be3160e63a10ac3ff153cd9') in 0.033814 seconds
Number of updated asset objects reloaded before import = 0
Number of asset objects unloaded after import = 1
========================================================================
Received Import Request.
  Time since last request: 0.000145 seconds.
  path: Assets/npc_casual_set_00/Materials/mtl_npc_csl_tshirt_00f_01_01.mat
  artifactKey: Guid(338f849a892e558408c933739e3cac00) Importer(2089858483,0ecaa5967403d082aa24f35e1b516d23)
Start importing Assets/npc_casual_set_00/Materials/mtl_npc_csl_tshirt_00f_01_01.mat using Guid(338f849a892e558408c933739e3cac00) Importer(2089858483,0ecaa5967403d082aa24f35e1b516d23) [PhysX] Initialized MultithreadedTaskDispatcher with 18 workers.
 -> (artifact id: 'c357cb3925945d491230e44b05052683') in 0.138881 seconds
Number of updated asset objects reloaded before import = 0
Number of asset objects unloaded after import = 5
========================================================================
Received Import Request.
  Time since last request: 0.000046 seconds.
  path: Assets/npc_casual_set_00/Prefabs/npc_csl_00_character_01m_02.prefab
  artifactKey: Guid(b97a930929a95154b85d0742ab015eb9) Importer(2089858483,0ecaa5967403d082aa24f35e1b516d23)
Start importing Assets/npc_casual_set_00/Prefabs/npc_csl_00_character_01m_02.prefab using Guid(b97a930929a95154b85d0742ab015eb9) Importer(2089858483,0ecaa5967403d082aa24f35e1b516d23) [PhysX] Initialized MultithreadedTaskDispatcher with 18 workers.
 -> (artifact id: 'af6d2c8a75fc3606bc2550a0d55ecce9') in 0.109054 seconds
Number of updated asset objects reloaded before import = 0
Number of asset objects unloaded after import = 423
========================================================================
Received Import Request.
  Time since last request: 0.000046 seconds.
  path: Assets/npc_casual_set_00/Materials/mtl_npc_csl_shoe_01_00_01bw.mat
  artifactKey: Guid(9194af86a8dcfcd48b324c12a82cf99a) Importer(2089858483,0ecaa5967403d082aa24f35e1b516d23)
Start importing Assets/npc_casual_set_00/Materials/mtl_npc_csl_shoe_01_00_01bw.mat using Guid(9194af86a8dcfcd48b324c12a82cf99a) Importer(2089858483,0ecaa5967403d082aa24f35e1b516d23) [PhysX] Initialized MultithreadedTaskDispatcher with 18 workers.
 -> (artifact id: 'ef8e77a890be02baf61ee7224df5d7d1') in 0.062892 seconds
Number of updated asset objects reloaded before import = 0
Number of asset objects unloaded after import = 5
========================================================================
Received Import Request.
  Time since last request: 0.000064 seconds.
  path: Assets/npc_casual_set_00/Materials/mtl_npc_csl_tshirt_00f_01_02bw.mat
  artifactKey: Guid(bce03a53d1d4d7f46bbb74133815576a) Importer(2089858483,0ecaa5967403d082aa24f35e1b516d23)
Start importing Assets/npc_casual_set_00/Materials/mtl_npc_csl_tshirt_00f_01_02bw.mat using Guid(bce03a53d1d4d7f46bbb74133815576a) Importer(2089858483,0ecaa5967403d082aa24f35e1b516d23) [PhysX] Initialized MultithreadedTaskDispatcher with 18 workers.
 -> (artifact id: 'ef4c1208c5067ae01adc7567e31042de') in 0.057485 seconds
Number of updated asset objects reloaded before import = 0
Number of asset objects unloaded after import = 5
========================================================================
Received Import Request.
  Time since last request: 0.000036 seconds.
  path: Assets/JustPlay/Demo/Set appliances.unity
  artifactKey: Guid(b619aec2020270a45917c2579d252f47) Importer(2089858483,0ecaa5967403d082aa24f35e1b516d23)
Start importing Assets/JustPlay/Demo/Set appliances.unity using Guid(b619aec2020270a45917c2579d252f47) Importer(2089858483,0ecaa5967403d082aa24f35e1b516d23) [PhysX] Initialized MultithreadedTaskDispatcher with 18 workers.
 -> (artifact id: '2c8d67ddcf3adc959b90d8f7d23b3d67') in 0.039433 seconds
Number of updated asset objects reloaded before import = 0
Number of asset objects unloaded after import = 1
========================================================================
Received Import Request.
  Time since last request: 0.000209 seconds.
  path: Assets/npc_casual_set_00/Prefabs/npc_csl_00_character_01m_01.prefab
  artifactKey: Guid(2a706093cdcc8d24f8b31d830f678399) Importer(2089858483,0ecaa5967403d082aa24f35e1b516d23)
Start importing Assets/npc_casual_set_00/Prefabs/npc_csl_00_character_01m_01.prefab using Guid(2a706093cdcc8d24f8b31d830f678399) Importer(2089858483,0ecaa5967403d082aa24f35e1b516d23) [PhysX] Initialized MultithreadedTaskDispatcher with 18 workers.
 -> (artifact id: 'd61de3a3d02df8fdd0a8a8b214cbddd1') in 0.077279 seconds
Number of updated asset objects reloaded before import = 0
Number of asset objects unloaded after import = 423
========================================================================
Received Import Request.
  Time since last request: 0.000081 seconds.
  path: Assets/npc_casual_set_00/Materials/mtl_npc_csl_shoe_01_00_01.mat
  artifactKey: Guid(6c23d507eabe8db40899481277eb9884) Importer(2089858483,0ecaa5967403d082aa24f35e1b516d23)
Start importing Assets/npc_casual_set_00/Materials/mtl_npc_csl_shoe_01_00_01.mat using Guid(6c23d507eabe8db40899481277eb9884) Importer(2089858483,0ecaa5967403d082aa24f35e1b516d23) [PhysX] Initialized MultithreadedTaskDispatcher with 18 workers.
 -> (artifact id: 'c3bee818b2812fa9298b9c2f624bd3a6') in 0.058885 seconds
Number of updated asset objects reloaded before import = 0
Number of asset objects unloaded after import = 5
========================================================================
Received Import Request.
  Time since last request: 0.000055 seconds.
  path: Assets/npc_casual_set_00/Mesh/npc_csl_pants_00f.fbx
  artifactKey: Guid(7dd8cb0aa10e1f94ea599a72df9a0bf7) Importer(2089858483,0ecaa5967403d082aa24f35e1b516d23)
Start importing Assets/npc_casual_set_00/Mesh/npc_csl_pants_00f.fbx using Guid(7dd8cb0aa10e1f94ea599a72df9a0bf7) Importer(2089858483,0ecaa5967403d082aa24f35e1b516d23) [PhysX] Initialized MultithreadedTaskDispatcher with 18 workers.
 -> (artifact id: '470ec23f97986f6040eb35ee580e53ea') in 0.133979 seconds
Number of updated asset objects reloaded before import = 0
Number of asset objects unloaded after import = 145
========================================================================
Received Import Request.
  Time since last request: 0.000234 seconds.
  path: Assets/npc_casual_set_00/Prefabs/npc_csl_pants_00m_01_01bw.prefab
  artifactKey: Guid(1f7b122d7ecc9ee4bb56b44e741910fb) Importer(2089858483,0ecaa5967403d082aa24f35e1b516d23)
Start importing Assets/npc_casual_set_00/Prefabs/npc_csl_pants_00m_01_01bw.prefab using Guid(1f7b122d7ecc9ee4bb56b44e741910fb) Importer(2089858483,0ecaa5967403d082aa24f35e1b516d23) [PhysX] Initialized MultithreadedTaskDispatcher with 18 workers.
 -> (artifact id: '95c65302dc14b6413b6868213e2f4d97') in 0.074544 seconds
Number of updated asset objects reloaded before import = 0
Number of asset objects unloaded after import = 283
========================================================================
Received Import Request.
  Time since last request: 0.000040 seconds.
  path: Assets/npc_casual_set_00/Prefabs/npc_csl_00_character_02f_03.prefab
  artifactKey: Guid(be6cb4f0791ad3a4a80b41c3177f0aba) Importer(2089858483,0ecaa5967403d082aa24f35e1b516d23)
Start importing Assets/npc_casual_set_00/Prefabs/npc_csl_00_character_02f_03.prefab using Guid(be6cb4f0791ad3a4a80b41c3177f0aba) Importer(2089858483,0ecaa5967403d082aa24f35e1b516d23) [PhysX] Initialized MultithreadedTaskDispatcher with 18 workers.
 -> (artifact id: 'e8f7d042fd00ab92d410fc19078176ed') in 0.122523 seconds
Number of updated asset objects reloaded before import = 0
Number of asset objects unloaded after import = 743
========================================================================
Received Import Request.
  Time since last request: 0.000079 seconds.
  path: Assets/npc_casual_set_00/Materials/mtl_npc_hair_09.mat
  artifactKey: Guid(6f2c2f8451d2e6e4f93801ce9cbc6a34) Importer(2089858483,0ecaa5967403d082aa24f35e1b516d23)
Start importing Assets/npc_casual_set_00/Materials/mtl_npc_hair_09.mat using Guid(6f2c2f8451d2e6e4f93801ce9cbc6a34) Importer(2089858483,0ecaa5967403d082aa24f35e1b516d23) [PhysX] Initialized MultithreadedTaskDispatcher with 18 workers.
 -> (artifact id: '7c80de1992615e53e87df512adcf005f') in 0.102255 seconds
Number of updated asset objects reloaded before import = 0
Number of asset objects unloaded after import = 5
========================================================================
Received Import Request.
  Time since last request: 0.000059 seconds.
  path: Assets/npc_casual_set_00/Mesh/npc_csl_shirtopenrolled_00f.fbx
  artifactKey: Guid(a175195b1f164ca4bbe103d43eadb7da) Importer(2089858483,0ecaa5967403d082aa24f35e1b516d23)
Start importing Assets/npc_casual_set_00/Mesh/npc_csl_shirtopenrolled_00f.fbx using Guid(a175195b1f164ca4bbe103d43eadb7da) Importer(2089858483,0ecaa5967403d082aa24f35e1b516d23) [PhysX] Initialized MultithreadedTaskDispatcher with 18 workers.
 -> (artifact id: '47ced60a5df537a55fc098443e70d76d') in 0.134853 seconds
Number of updated asset objects reloaded before import = 0
Number of asset objects unloaded after import = 145
========================================================================
Received Import Request.
  Time since last request: 0.000064 seconds.
  path: Assets/npc_casual_set_00/Mesh/npc_csl_shoe_03.fbx
  artifactKey: Guid(7bcbccde7fe242846b15f914e78e6b8d) Importer(2089858483,0ecaa5967403d082aa24f35e1b516d23)
Start importing Assets/npc_casual_set_00/Mesh/npc_csl_shoe_03.fbx using Guid(7bcbccde7fe242846b15f914e78e6b8d) Importer(2089858483,0ecaa5967403d082aa24f35e1b516d23) [PhysX] Initialized MultithreadedTaskDispatcher with 18 workers.
 -> (artifact id: 'a30a33a5d3f5bf9569861969c1469b94') in 0.134863 seconds
Number of updated asset objects reloaded before import = 0
Number of asset objects unloaded after import = 142
========================================================================
Received Import Request.
  Time since last request: 0.000100 seconds.
  path: Assets/npc_casual_set_00/Materials/mtl_npc_hair_01.mat
  artifactKey: Guid(58159088b4330c043b756ac278d08403) Importer(2089858483,0ecaa5967403d082aa24f35e1b516d23)
Start importing Assets/npc_casual_set_00/Materials/mtl_npc_hair_01.mat using Guid(58159088b4330c043b756ac278d08403) Importer(2089858483,0ecaa5967403d082aa24f35e1b516d23) [PhysX] Initialized MultithreadedTaskDispatcher with 18 workers.
 -> (artifact id: '5ea2d2a12b36006c3f0d01b422e55c71') in 0.101858 seconds
Number of updated asset objects reloaded before import = 0
Number of asset objects unloaded after import = 5
========================================================================
Received Import Request.
  Time since last request: 0.000074 seconds.
  path: Assets/npc_casual_set_00/Materials/mtl_npc_hmn_face_01f_02_01.mat
  artifactKey: Guid(511b501b0736af34f89c1e524063d34e) Importer(2089858483,0ecaa5967403d082aa24f35e1b516d23)
Start importing Assets/npc_casual_set_00/Materials/mtl_npc_hmn_face_01f_02_01.mat using Guid(511b501b0736af34f89c1e524063d34e) Importer(2089858483,0ecaa5967403d082aa24f35e1b516d23) [PhysX] Initialized MultithreadedTaskDispatcher with 18 workers.
 -> (artifact id: '3e8c22d0d298fce26d4a65d20800503f') in 0.091938 seconds
Number of updated asset objects reloaded before import = 0
Number of asset objects unloaded after import = 5
========================================================================
Received Import Request.
  Time since last request: 0.000056 seconds.
  path: Assets/npc_casual_set_00/Mesh/npc_haircut_a_02.fbx
  artifactKey: Guid(5c4107e733507394ead6e48ad4370ae6) Importer(2089858483,0ecaa5967403d082aa24f35e1b516d23)
Start importing Assets/npc_casual_set_00/Mesh/npc_haircut_a_02.fbx using Guid(5c4107e733507394ead6e48ad4370ae6) Importer(2089858483,0ecaa5967403d082aa24f35e1b516d23) [PhysX] Initialized MultithreadedTaskDispatcher with 18 workers.
 -> (artifact id: '66425d461e634ab8e6240b5401e5372a') in 0.110627 seconds
Number of updated asset objects reloaded before import = 0
Number of asset objects unloaded after import = 141
========================================================================
Received Import Request.
  Time since last request: 0.000040 seconds.
  path: Assets/npc_casual_set_00/Mesh/npc_csl_tshirt_00f.fbx
  artifactKey: Guid(ab356a3ff7271e645b168f028442b1a2) Importer(2089858483,0ecaa5967403d082aa24f35e1b516d23)
Start importing Assets/npc_casual_set_00/Mesh/npc_csl_tshirt_00f.fbx using Guid(ab356a3ff7271e645b168f028442b1a2) Importer(2089858483,0ecaa5967403d082aa24f35e1b516d23) [PhysX] Initialized MultithreadedTaskDispatcher with 18 workers.
 -> (artifact id: 'c236173c84762c1c53d2ed8335798de8') in 0.120221 seconds
Number of updated asset objects reloaded before import = 0
Number of asset objects unloaded after import = 145
========================================================================
Received Import Request.
  Time since last request: 0.000057 seconds.
  path: Assets/npc_casual_set_00/Textures/npc_csl_pants_00m_01_01_o.tif
  artifactKey: Guid(059bc073b6f3ded4eb8e001243ff23aa) Importer(2089858483,0ecaa5967403d082aa24f35e1b516d23)
Start importing Assets/npc_casual_set_00/Textures/npc_csl_pants_00m_01_01_o.tif using Guid(059bc073b6f3ded4eb8e001243ff23aa) Importer(2089858483,0ecaa5967403d082aa24f35e1b516d23) [PhysX] Initialized MultithreadedTaskDispatcher with 18 workers.
 -> (artifact id: '0ffe87befb1c9912cd81f420fea9a898') in 0.191907 seconds
Number of updated asset objects reloaded before import = 0
Number of asset objects unloaded after import = 1
========================================================================
Received Import Request.
  Time since last request: 0.000269 seconds.
  path: Assets/npc_casual_set_00/Scenes/npc_casual_set_00.unity
  artifactKey: Guid(2f575d2ffbf654748a62b555e786227f) Importer(2089858483,0ecaa5967403d082aa24f35e1b516d23)
Start importing Assets/npc_casual_set_00/Scenes/npc_casual_set_00.unity using Guid(2f575d2ffbf654748a62b555e786227f) Importer(2089858483,0ecaa5967403d082aa24f35e1b516d23) [PhysX] Initialized MultithreadedTaskDispatcher with 18 workers.
 -> (artifact id: '0212f7c8f6d0ffa02815cd9283dfdc2f') in 0.041940 seconds
Number of updated asset objects reloaded before import = 0
Number of asset objects unloaded after import = 1
========================================================================
Received Import Request.
  Time since last request: 0.000057 seconds.
  path: Assets/npc_casual_set_00/Textures/npc_csl_pants_00f_01_01_o.tif
  artifactKey: Guid(ec81c8e1b64ca15429a03c5eb244ca8f) Importer(2089858483,0ecaa5967403d082aa24f35e1b516d23)
Start importing Assets/npc_casual_set_00/Textures/npc_csl_pants_00f_01_01_o.tif using Guid(ec81c8e1b64ca15429a03c5eb244ca8f) Importer(2089858483,0ecaa5967403d082aa24f35e1b516d23) [PhysX] Initialized MultithreadedTaskDispatcher with 18 workers.
 -> (artifact id: '011068654e447042c80cca5ce4ae104e') in 0.085355 seconds
Number of updated asset objects reloaded before import = 0
Number of asset objects unloaded after import = 1
========================================================================
Received Import Request.
  Time since last request: 0.000253 seconds.
  path: Assets/npc_casual_set_00/Textures/npc_csl_shirtopenrolled_00f_01_02bw_c.tif
  artifactKey: Guid(91f666646f78aa94cb082ac96a605a1c) Importer(2089858483,0ecaa5967403d082aa24f35e1b516d23)
Start importing Assets/npc_casual_set_00/Textures/npc_csl_shirtopenrolled_00f_01_02bw_c.tif using Guid(91f666646f78aa94cb082ac96a605a1c) Importer(2089858483,0ecaa5967403d082aa24f35e1b516d23) [PhysX] Initialized MultithreadedTaskDispatcher with 18 workers.
 -> (artifact id: 'd6ce7352d1f799bba284c5d9aaeef2e2') in 0.096943 seconds
Number of updated asset objects reloaded before import = 0
Number of asset objects unloaded after import = 1
========================================================================
Received Import Request.
  Time since last request: 0.000253 seconds.
  path: Assets/npc_casual_set_00/Prefabs/npc_csl_tshirt_00m_01_03.prefab
  artifactKey: Guid(2e0cd28df1f2cce4e8143adea2c9de91) Importer(2089858483,0ecaa5967403d082aa24f35e1b516d23)
Start importing Assets/npc_casual_set_00/Prefabs/npc_csl_tshirt_00m_01_03.prefab using Guid(2e0cd28df1f2cce4e8143adea2c9de91) Importer(2089858483,0ecaa5967403d082aa24f35e1b516d23) [PhysX] Initialized MultithreadedTaskDispatcher with 18 workers.
 -> (artifact id: '2c9e26bd14b57891a62abdd9b57592a5') in 0.064820 seconds
Number of updated asset objects reloaded before import = 0
Number of asset objects unloaded after import = 283
========================================================================
Received Import Request.
  Time since last request: 0.000059 seconds.
  path: Assets/npc_casual_set_00/Res/npc_character_set.rar
  artifactKey: Guid(37e794bf31df89247844833be3161eac) Importer(2089858483,0ecaa5967403d082aa24f35e1b516d23)
Start importing Assets/npc_casual_set_00/Res/npc_character_set.rar using Guid(37e794bf31df89247844833be3161eac) Importer(2089858483,0ecaa5967403d082aa24f35e1b516d23) [PhysX] Initialized MultithreadedTaskDispatcher with 18 workers.
 -> (artifact id: '1c98bb5ca13bdabf5c6aa7c03c019b9e') in 0.041742 seconds
Number of updated asset objects reloaded before import = 0
Number of asset objects unloaded after import = 1
========================================================================
Received Import Request.
  Time since last request: 0.000177 seconds.
  path: Assets/npc_casual_set_00/Textures/npc_csl_pants_00m_01_01_c.tif
  artifactKey: Guid(e873a228dc09b8f4794863d68722af4f) Importer(2089858483,0ecaa5967403d082aa24f35e1b516d23)
Start importing Assets/npc_casual_set_00/Textures/npc_csl_pants_00m_01_01_c.tif using Guid(e873a228dc09b8f4794863d68722af4f) Importer(2089858483,0ecaa5967403d082aa24f35e1b516d23) [PhysX] Initialized MultithreadedTaskDispatcher with 18 workers.
 -> (artifact id: 'fba3f97ca47ab368d14c8104883c9a0a') in 0.098243 seconds
Number of updated asset objects reloaded before import = 0
Number of asset objects unloaded after import = 1
========================================================================
Received Import Request.
  Time since last request: 0.000077 seconds.
  path: Assets/npc_casual_set_00/Textures/npc_csl_pants_00m_01_01bw_c.tif
  artifactKey: Guid(8b684f4895053cf4086ad30ab7ce33c0) Importer(2089858483,0ecaa5967403d082aa24f35e1b516d23)
Start importing Assets/npc_casual_set_00/Textures/npc_csl_pants_00m_01_01bw_c.tif using Guid(8b684f4895053cf4086ad30ab7ce33c0) Importer(2089858483,0ecaa5967403d082aa24f35e1b516d23) [PhysX] Initialized MultithreadedTaskDispatcher with 18 workers.
 -> (artifact id: 'e35fdfbd2491ebe28720f35e8bacfca4') in 0.099041 seconds
Number of updated asset objects reloaded before import = 0
Number of asset objects unloaded after import = 1
========================================================================
Received Import Request.
  Time since last request: 0.000234 seconds.
  path: Assets/npc_casual_set_00/Textures/npc_csl_pants_00m_01_01_m.tif
  artifactKey: Guid(15b7b4ed423e06547b6e02d940c92aa5) Importer(2089858483,0ecaa5967403d082aa24f35e1b516d23)
Start importing Assets/npc_casual_set_00/Textures/npc_csl_pants_00m_01_01_m.tif using Guid(15b7b4ed423e06547b6e02d940c92aa5) Importer(2089858483,0ecaa5967403d082aa24f35e1b516d23) [PhysX] Initialized MultithreadedTaskDispatcher with 18 workers.
 -> (artifact id: 'b07288560a55370d3681c7760caa7bfc') in 0.117819 seconds
Number of updated asset objects reloaded before import = 0
Number of asset objects unloaded after import = 1
========================================================================
Received Import Request.
  Time since last request: 0.000310 seconds.
  path: Assets/npc_casual_set_00/Textures/npc_csl_pants_00f_01_01bw_c.tif
  artifactKey: Guid(8b1826be6f5a7ed4ea8e2e92757376cc) Importer(2089858483,0ecaa5967403d082aa24f35e1b516d23)
Start importing Assets/npc_casual_set_00/Textures/npc_csl_pants_00f_01_01bw_c.tif using Guid(8b1826be6f5a7ed4ea8e2e92757376cc) Importer(2089858483,0ecaa5967403d082aa24f35e1b516d23) [PhysX] Initialized MultithreadedTaskDispatcher with 18 workers.
 -> (artifact id: 'cb99ad2421067df4cd4197db255d633b') in 0.093932 seconds
Number of updated asset objects reloaded before import = 0
Number of asset objects unloaded after import = 1
========================================================================
Received Import Request.
  Time since last request: 0.000243 seconds.
  path: Assets/npc_casual_set_00/Prefabs/npc_csl_tshirt_00f_01_02.prefab
  artifactKey: Guid(d2c9903ec60b8e74ebc86afee1e815d0) Importer(2089858483,0ecaa5967403d082aa24f35e1b516d23)
Start importing Assets/npc_casual_set_00/Prefabs/npc_csl_tshirt_00f_01_02.prefab using Guid(d2c9903ec60b8e74ebc86afee1e815d0) Importer(2089858483,0ecaa5967403d082aa24f35e1b516d23) [PhysX] Initialized MultithreadedTaskDispatcher with 18 workers.
 -> (artifact id: 'aae8f301645b5fc31ef110c4f83768dd') in 0.066748 seconds
Number of updated asset objects reloaded before import = 0
Number of asset objects unloaded after import = 283
========================================================================
Received Import Request.
  Time since last request: 0.000060 seconds.
  path: Assets/npc_casual_set_00/Textures/npc_csl_tshirt_00m_01_01_o.tif
  artifactKey: Guid(cc5a64fd001162a40b7d1cf27ac5652c) Importer(2089858483,0ecaa5967403d082aa24f35e1b516d23)
Start importing Assets/npc_casual_set_00/Textures/npc_csl_tshirt_00m_01_01_o.tif using Guid(cc5a64fd001162a40b7d1cf27ac5652c) Importer(2089858483,0ecaa5967403d082aa24f35e1b516d23) [PhysX] Initialized MultithreadedTaskDispatcher with 18 workers.
 -> (artifact id: 'f8c15ef4728cf40685127e3b5d07de17') in 0.090316 seconds
Number of updated asset objects reloaded before import = 0
Number of asset objects unloaded after import = 1
========================================================================
Received Import Request.
  Time since last request: 0.000205 seconds.
  path: Assets/npc_casual_set_00/Textures/npc_hair_01_d.tif
  artifactKey: Guid(19a35c6c51120bb4ba2705479096ae22) Importer(2089858483,0ecaa5967403d082aa24f35e1b516d23)
Start importing Assets/npc_casual_set_00/Textures/npc_hair_01_d.tif using Guid(19a35c6c51120bb4ba2705479096ae22) Importer(2089858483,0ecaa5967403d082aa24f35e1b516d23) [PhysX] Initialized MultithreadedTaskDispatcher with 18 workers.
 -> (artifact id: 'caa884d9ed502aca632163283cf1d1c4') in 0.082686 seconds
Number of updated asset objects reloaded before import = 0
Number of asset objects unloaded after import = 1
========================================================================
Received Import Request.
  Time since last request: 0.000219 seconds.
  path: Assets/npc_casual_set_00/Textures/npc_csl_tshirt_00m_01_01_n.tif
  artifactKey: Guid(91bb9c6f30ef1ac4b9430c2f8008dcc2) Importer(2089858483,0ecaa5967403d082aa24f35e1b516d23)
Start importing Assets/npc_casual_set_00/Textures/npc_csl_tshirt_00m_01_01_n.tif using Guid(91bb9c6f30ef1ac4b9430c2f8008dcc2) Importer(2089858483,0ecaa5967403d082aa24f35e1b516d23) [PhysX] Initialized MultithreadedTaskDispatcher with 18 workers.
 -> (artifact id: '6cccf3210fcdd9f0df4a9d3a90f10c26') in 0.088145 seconds
Number of updated asset objects reloaded before import = 0
Number of asset objects unloaded after import = 1
========================================================================
Received Import Request.
  Time since last request: 0.000157 seconds.
  path: Assets/npc_casual_set_00/Textures/npc_csl_tshirt_00m_01_03_c.tif
  artifactKey: Guid(cd349288fe57cb441be377836f5b13c7) Importer(2089858483,0ecaa5967403d082aa24f35e1b516d23)
Start importing Assets/npc_casual_set_00/Textures/npc_csl_tshirt_00m_01_03_c.tif using Guid(cd349288fe57cb441be377836f5b13c7) Importer(2089858483,0ecaa5967403d082aa24f35e1b516d23) [PhysX] Initialized MultithreadedTaskDispatcher with 18 workers.
 -> (artifact id: '859998b20f54a62833876758676b6cd6') in 0.076413 seconds
Number of updated asset objects reloaded before import = 0
Number of asset objects unloaded after import = 1
========================================================================
Received Import Request.
  Time since last request: 0.000291 seconds.
  path: Assets/npc_casual_set_00/Textures/npc_csl_shoe_01_00_02_c.tif
  artifactKey: Guid(517bfbbd9b6f6604db23221f81a5670e) Importer(2089858483,0ecaa5967403d082aa24f35e1b516d23)
Start importing Assets/npc_casual_set_00/Textures/npc_csl_shoe_01_00_02_c.tif using Guid(517bfbbd9b6f6604db23221f81a5670e) Importer(2089858483,0ecaa5967403d082aa24f35e1b516d23) [PhysX] Initialized MultithreadedTaskDispatcher with 18 workers.
 -> (artifact id: '4fec37a112bf8d1aa66c8e5abfd24370') in 0.080806 seconds
Number of updated asset objects reloaded before import = 0
Number of asset objects unloaded after import = 1
========================================================================
Received Import Request.
  Time since last request: 0.000192 seconds.
  path: Assets/npc_casual_set_00/Materials/mtl_npc_csl_pants_00m_01_01.mat
  artifactKey: Guid(98c54b9350e15544c9d651f145214e44) Importer(2089858483,0ecaa5967403d082aa24f35e1b516d23)
Start importing Assets/npc_casual_set_00/Materials/mtl_npc_csl_pants_00m_01_01.mat using Guid(98c54b9350e15544c9d651f145214e44) Importer(2089858483,0ecaa5967403d082aa24f35e1b516d23) [PhysX] Initialized MultithreadedTaskDispatcher with 18 workers.
 -> (artifact id: '539c6ffb3005d76810898b546ae68b2d') in 0.065338 seconds
Number of updated asset objects reloaded before import = 0
Number of asset objects unloaded after import = 5
========================================================================
Received Import Request.
  Time since last request: 0.000043 seconds.
  path: Assets/Scenes/fianl_project.unity
  artifactKey: Guid(626e46fd80fa6864597b06025f492f41) Importer(2089858483,0ecaa5967403d082aa24f35e1b516d23)
Start importing Assets/Scenes/fianl_project.unity using Guid(626e46fd80fa6864597b06025f492f41) Importer(2089858483,0ecaa5967403d082aa24f35e1b516d23) [PhysX] Initialized MultithreadedTaskDispatcher with 18 workers.
 -> (artifact id: '056f22d0d05d7334e9d4184349be4daf') in 0.039268 seconds
Number of updated asset objects reloaded before import = 0
Number of asset objects unloaded after import = 1
========================================================================
Received Import Request.
  Time since last request: 0.000187 seconds.
  path: Assets/npc_casual_set_00/Prefabs/npc_csl_pants_00f_01_01bw.prefab
  artifactKey: Guid(09ad0110f441ce241863d9b84b7b580a) Importer(2089858483,0ecaa5967403d082aa24f35e1b516d23)
Start importing Assets/npc_casual_set_00/Prefabs/npc_csl_pants_00f_01_01bw.prefab using Guid(09ad0110f441ce241863d9b84b7b580a) Importer(2089858483,0ecaa5967403d082aa24f35e1b516d23) [PhysX] Initialized MultithreadedTaskDispatcher with 18 workers.
 -> (artifact id: '668714000e91997d03a90878bf768f7b') in 0.051242 seconds
Number of updated asset objects reloaded before import = 0
Number of asset objects unloaded after import = 283
========================================================================
Received Import Request.
  Time since last request: 0.000046 seconds.
  path: Assets/npc_casual_set_00/Mesh/npc_hmn_01m.fbx
  artifactKey: Guid(4350b309aa35d8241b5a918441629bdc) Importer(2089858483,0ecaa5967403d082aa24f35e1b516d23)
Start importing Assets/npc_casual_set_00/Mesh/npc_hmn_01m.fbx using Guid(4350b309aa35d8241b5a918441629bdc) Importer(2089858483,0ecaa5967403d082aa24f35e1b516d23) [PhysX] Initialized MultithreadedTaskDispatcher with 18 workers.
 -> (artifact id: 'a6d1bd475ddf804a2431f86997a3c943') in 0.165327 seconds
Number of updated asset objects reloaded before import = 0
Number of asset objects unloaded after import = 146
========================================================================
Received Import Request.
  Time since last request: 0.000062 seconds.
  path: Assets/npc_casual_set_00/Materials/mtl_npc_csl_tshirt_00m_01_02bw.mat
  artifactKey: Guid(6a704e92f0369c14dab6a0b538c867a4) Importer(2089858483,0ecaa5967403d082aa24f35e1b516d23)
Start importing Assets/npc_casual_set_00/Materials/mtl_npc_csl_tshirt_00m_01_02bw.mat using Guid(6a704e92f0369c14dab6a0b538c867a4) Importer(2089858483,0ecaa5967403d082aa24f35e1b516d23) [PhysX] Initialized MultithreadedTaskDispatcher with 18 workers.
 -> (artifact id: '8f99fdcc5715f8664181561f08cbe838') in 0.099445 seconds
Number of updated asset objects reloaded before import = 0
Number of asset objects unloaded after import = 5
========================================================================
Received Import Request.
  Time since last request: 0.000057 seconds.
  path: Assets/npc_casual_set_00/Textures/npc_csl_pants_00f_01_01_n.tif
  artifactKey: Guid(73eba482b3ea8354fabda225bd747d1c) Importer(2089858483,0ecaa5967403d082aa24f35e1b516d23)
Start importing Assets/npc_casual_set_00/Textures/npc_csl_pants_00f_01_01_n.tif using Guid(73eba482b3ea8354fabda225bd747d1c) Importer(2089858483,0ecaa5967403d082aa24f35e1b516d23) [PhysX] Initialized MultithreadedTaskDispatcher with 18 workers.
 -> (artifact id: '6b4ff52046b6c449cea1880b3696d001') in 0.076694 seconds
Number of updated asset objects reloaded before import = 0
Number of asset objects unloaded after import = 1
========================================================================
Received Import Request.
  Time since last request: 0.000199 seconds.
  path: Assets/npc_casual_set_00/Textures/npc_hmn_body_01f_01_01_m.tif
  artifactKey: Guid(fd6e1fcc976c17d40b2d5dfe0416a9e0) Importer(2089858483,0ecaa5967403d082aa24f35e1b516d23)
Start importing Assets/npc_casual_set_00/Textures/npc_hmn_body_01f_01_01_m.tif using Guid(fd6e1fcc976c17d40b2d5dfe0416a9e0) Importer(2089858483,0ecaa5967403d082aa24f35e1b516d23) [PhysX] Initialized MultithreadedTaskDispatcher with 18 workers.
 -> (artifact id: '02091b726cbc5c88cdc75dc7f8b5455a') in 0.092366 seconds
Number of updated asset objects reloaded before import = 0
Number of asset objects unloaded after import = 1
========================================================================
Received Import Request.
  Time since last request: 0.000152 seconds.
  path: Assets/npc_casual_set_00/Textures/npc_hmn_body_01m_01_01_m.tif
  artifactKey: Guid(5318d4e633efc354383bdee78243d714) Importer(2089858483,0ecaa5967403d082aa24f35e1b516d23)
Start importing Assets/npc_casual_set_00/Textures/npc_hmn_body_01m_01_01_m.tif using Guid(5318d4e633efc354383bdee78243d714) Importer(2089858483,0ecaa5967403d082aa24f35e1b516d23) [PhysX] Initialized MultithreadedTaskDispatcher with 18 workers.
 -> (artifact id: '0db5ec0fb48154a90e62108fd4532f25') in 0.123544 seconds
Number of updated asset objects reloaded before import = 0
Number of asset objects unloaded after import = 1
========================================================================
Received Import Request.
  Time since last request: 0.000293 seconds.
  path: Assets/npc_casual_set_00/Textures/npc_hmn_face_01f_03_01_m.tif
  artifactKey: Guid(a66e4b318d5929b49803b7a0e87fa199) Importer(2089858483,0ecaa5967403d082aa24f35e1b516d23)
Start importing Assets/npc_casual_set_00/Textures/npc_hmn_face_01f_03_01_m.tif using Guid(a66e4b318d5929b49803b7a0e87fa199) Importer(2089858483,0ecaa5967403d082aa24f35e1b516d23) [PhysX] Initialized MultithreadedTaskDispatcher with 18 workers.
 -> (artifact id: 'dc989ed415d8890a515261fae53a9d0b') in 0.081435 seconds
Number of updated asset objects reloaded before import = 0
Number of asset objects unloaded after import = 1
========================================================================
Received Import Request.
  Time since last request: 0.000226 seconds.
  path: Assets/npc_casual_set_00/Textures/npc_hmn_face_01f_01_01_c.tif
  artifactKey: Guid(b7ce1e5d2bfb2a04384eb6b1c2e8166e) Importer(2089858483,0ecaa5967403d082aa24f35e1b516d23)
Start importing Assets/npc_casual_set_00/Textures/npc_hmn_face_01f_01_01_c.tif using Guid(b7ce1e5d2bfb2a04384eb6b1c2e8166e) Importer(2089858483,0ecaa5967403d082aa24f35e1b516d23) [PhysX] Initialized MultithreadedTaskDispatcher with 18 workers.
 -> (artifact id: 'd648b3fce159370935401cf293504459') in 0.083738 seconds
Number of updated asset objects reloaded before import = 0
Number of asset objects unloaded after import = 1
========================================================================
Received Import Request.
  Time since last request: 0.000318 seconds.
  path: Assets/npc_casual_set_00/Textures/npc_hmn_face_01f_01_01_o.tif
  artifactKey: Guid(8e027f063ce8e5c4c8e163020439769d) Importer(2089858483,0ecaa5967403d082aa24f35e1b516d23)
Start importing Assets/npc_casual_set_00/Textures/npc_hmn_face_01f_01_01_o.tif using Guid(8e027f063ce8e5c4c8e163020439769d) Importer(2089858483,0ecaa5967403d082aa24f35e1b516d23) [PhysX] Initialized MultithreadedTaskDispatcher with 18 workers.
 -> (artifact id: '3cb8e8f431126a1300621227d8701c82') in 0.091620 seconds
Number of updated asset objects reloaded before import = 0
Number of asset objects unloaded after import = 1
========================================================================
Received Import Request.
  Time since last request: 0.000060 seconds.
  path: Assets/npc_casual_set_00/Textures/npc_hmn_body_01m_01_01_c.tif
  artifactKey: Guid(6754abc2a28f58846be150a3e8c76935) Importer(2089858483,0ecaa5967403d082aa24f35e1b516d23)
Start importing Assets/npc_casual_set_00/Textures/npc_hmn_body_01m_01_01_c.tif using Guid(6754abc2a28f58846be150a3e8c76935) Importer(2089858483,0ecaa5967403d082aa24f35e1b516d23) [PhysX] Initialized MultithreadedTaskDispatcher with 18 workers.
 -> (artifact id: 'eea5db797f43517d59bc699cc10769f4') in 0.096300 seconds
Number of updated asset objects reloaded before import = 0
Number of asset objects unloaded after import = 1
========================================================================
Received Import Request.
  Time since last request: 0.000313 seconds.
  path: Assets/npc_casual_set_00/Textures/npc_hmn_body_01f_01_01_n_Raw_scene-linear Rec 709_sRGB.tif.tx
  artifactKey: Guid(e34320497e5fa2947b1b7a5397e357d5) Importer(2089858483,0ecaa5967403d082aa24f35e1b516d23)
Start importing Assets/npc_casual_set_00/Textures/npc_hmn_body_01f_01_01_n_Raw_scene-linear Rec 709_sRGB.tif.tx using Guid(e34320497e5fa2947b1b7a5397e357d5) Importer(2089858483,0ecaa5967403d082aa24f35e1b516d23) [PhysX] Initialized MultithreadedTaskDispatcher with 18 workers.
 -> (artifact id: '4c8462cb552676e43b07dfb2a4ccbfd6') in 0.050635 seconds
Number of updated asset objects reloaded before import = 0
Number of asset objects unloaded after import = 1
========================================================================
Received Import Request.
  Time since last request: 0.000240 seconds.
  path: Assets/npc_casual_set_00/Textures/npc_hmn_body_01f_01_01_c.tif
  artifactKey: Guid(4f9edeb3f0d5a7c45b4488cc174760e2) Importer(2089858483,0ecaa5967403d082aa24f35e1b516d23)
Start importing Assets/npc_casual_set_00/Textures/npc_hmn_body_01f_01_01_c.tif using Guid(4f9edeb3f0d5a7c45b4488cc174760e2) Importer(2089858483,0ecaa5967403d082aa24f35e1b516d23) [PhysX] Initialized MultithreadedTaskDispatcher with 18 workers.
 -> (artifact id: 'e1fd7665409424538c68ceabbfcb1be0') in 0.099591 seconds
Number of updated asset objects reloaded before import = 0
Number of asset objects unloaded after import = 1
========================================================================
Received Import Request.
  Time since last request: 0.000050 seconds.
  path: Assets/npc_casual_set_00/Textures/npc_csl_shirtopenrolled_00m_01_01_m.tif
  artifactKey: Guid(8537041de2c9eb64189f87473efeac24) Importer(2089858483,0ecaa5967403d082aa24f35e1b516d23)
Start importing Assets/npc_casual_set_00/Textures/npc_csl_shirtopenrolled_00m_01_01_m.tif using Guid(8537041de2c9eb64189f87473efeac24) Importer(2089858483,0ecaa5967403d082aa24f35e1b516d23) [PhysX] Initialized MultithreadedTaskDispatcher with 18 workers.
 -> (artifact id: 'ec329e035aa6b259b3fbedb3afce813a') in 0.087299 seconds
Number of updated asset objects reloaded before import = 0
Number of asset objects unloaded after import = 1
========================================================================
Received Import Request.
  Time since last request: 0.000073 seconds.
  path: Assets/npc_casual_set_00/Prefabs/npc_csl_pants_00m_01_02.prefab
  artifactKey: Guid(cbda8016d5671ce4599c0214e8eef37c) Importer(2089858483,0ecaa5967403d082aa24f35e1b516d23)
Start importing Assets/npc_casual_set_00/Prefabs/npc_csl_pants_00m_01_02.prefab using Guid(cbda8016d5671ce4599c0214e8eef37c) Importer(2089858483,0ecaa5967403d082aa24f35e1b516d23) [PhysX] Initialized MultithreadedTaskDispatcher with 18 workers.
 -> (artifact id: 'b7179bb0d4ad518dd657c751a246afde') in 0.065361 seconds
Number of updated asset objects reloaded before import = 0
Number of asset objects unloaded after import = 283
========================================================================
Received Import Request.
  Time since last request: 0.000081 seconds.
  path: Assets/npc_casual_set_00/Materials/mtl_npc_csl_tshirt_00m_01_01.mat
  artifactKey: Guid(ded10ab2c599f364686032caff8b08e2) Importer(2089858483,0ecaa5967403d082aa24f35e1b516d23)
Start importing Assets/npc_casual_set_00/Materials/mtl_npc_csl_tshirt_00m_01_01.mat using Guid(ded10ab2c599f364686032caff8b08e2) Importer(2089858483,0ecaa5967403d082aa24f35e1b516d23) [PhysX] Initialized MultithreadedTaskDispatcher with 18 workers.
 -> (artifact id: '2cd9c1dc74428b209437021650643a88') in 0.090029 seconds
Number of updated asset objects reloaded before import = 0
Number of asset objects unloaded after import = 5
========================================================================
Received Import Request.
  Time since last request: 0.000096 seconds.
  path: Assets/npc_casual_set_00/Textures/npc_hmn_face_01m_04_01_n.tif
  artifactKey: Guid(28b54a98cb5a38d4e8a1f655e8c37d01) Importer(2089858483,0ecaa5967403d082aa24f35e1b516d23)
Start importing Assets/npc_casual_set_00/Textures/npc_hmn_face_01m_04_01_n.tif using Guid(28b54a98cb5a38d4e8a1f655e8c37d01) Importer(2089858483,0ecaa5967403d082aa24f35e1b516d23) [PhysX] Initialized MultithreadedTaskDispatcher with 18 workers.
 -> (artifact id: 'd272b7df412be7b915bf8a3504d2b751') in 0.078827 seconds
Number of updated asset objects reloaded before import = 0
Number of asset objects unloaded after import = 1
========================================================================
Received Import Request.
  Time since last request: 0.000339 seconds.
  path: Assets/npc_casual_set_00/Textures/npc_hmn_face_01m_03_01_msk.tif
  artifactKey: Guid(d2dcb3c1418a1da4d9d40d04b88a4fec) Importer(2089858483,0ecaa5967403d082aa24f35e1b516d23)
Start importing Assets/npc_casual_set_00/Textures/npc_hmn_face_01m_03_01_msk.tif using Guid(d2dcb3c1418a1da4d9d40d04b88a4fec) Importer(2089858483,0ecaa5967403d082aa24f35e1b516d23) [PhysX] Initialized MultithreadedTaskDispatcher with 18 workers.
 -> (artifact id: 'a8eb242fd1ec84439ef78d5319f401f9') in 0.083263 seconds
Number of updated asset objects reloaded before import = 0
Number of asset objects unloaded after import = 1
========================================================================
Received Import Request.
  Time since last request: 0.000241 seconds.
  path: Assets/npc_casual_set_00/Textures/npc_hmn_face_01m_05_01_n.tif
  artifactKey: Guid(cc65c069ea459fb428dee8fa813868cd) Importer(2089858483,0ecaa5967403d082aa24f35e1b516d23)
Start importing Assets/npc_casual_set_00/Textures/npc_hmn_face_01m_05_01_n.tif using Guid(cc65c069ea459fb428dee8fa813868cd) Importer(2089858483,0ecaa5967403d082aa24f35e1b516d23) [PhysX] Initialized MultithreadedTaskDispatcher with 18 workers.
 -> (artifact id: '471dbfedf3eeb1880ef701c6421647eb') in 0.067710 seconds
Number of updated asset objects reloaded before import = 0
Number of asset objects unloaded after import = 1
========================================================================
Received Import Request.
  Time since last request: 0.000191 seconds.
  path: Assets/npc_casual_set_00/Textures/npc_hmn_face_01m_02_01_msk.tif
  artifactKey: Guid(38764dfbc0be78347ba0f9ad257f9346) Importer(2089858483,0ecaa5967403d082aa24f35e1b516d23)
Start importing Assets/npc_casual_set_00/Textures/npc_hmn_face_01m_02_01_msk.tif using Guid(38764dfbc0be78347ba0f9ad257f9346) Importer(2089858483,0ecaa5967403d082aa24f35e1b516d23) [PhysX] Initialized MultithreadedTaskDispatcher with 18 workers.
 -> (artifact id: '368850c31e6c3febda082f3c30953f89') in 0.083916 seconds
Number of updated asset objects reloaded before import = 0
Number of asset objects unloaded after import = 1
========================================================================
Received Import Request.
  Time since last request: 0.000281 seconds.
  path: Assets/npc_casual_set_00/Textures/npc_hmn_face_01m_03_01_n.tif
  artifactKey: Guid(a6374b070b760d444b0024cc307d5e1c) Importer(2089858483,0ecaa5967403d082aa24f35e1b516d23)
Start importing Assets/npc_casual_set_00/Textures/npc_hmn_face_01m_03_01_n.tif using Guid(a6374b070b760d444b0024cc307d5e1c) Importer(2089858483,0ecaa5967403d082aa24f35e1b516d23) [PhysX] Initialized MultithreadedTaskDispatcher with 18 workers.
 -> (artifact id: 'a01e2013edb7dbec3d4e8679f2126fd3') in 0.082212 seconds
Number of updated asset objects reloaded before import = 0
Number of asset objects unloaded after import = 1
========================================================================
Received Import Request.
  Time since last request: 0.000141 seconds.
  path: Assets/npc_casual_set_00/Textures/npc_hmn_face_01m_01_01_c.tif
  artifactKey: Guid(dd60e79af5639a6419d1788edef2c78f) Importer(2089858483,0ecaa5967403d082aa24f35e1b516d23)
Start importing Assets/npc_casual_set_00/Textures/npc_hmn_face_01m_01_01_c.tif using Guid(dd60e79af5639a6419d1788edef2c78f) Importer(2089858483,0ecaa5967403d082aa24f35e1b516d23) [PhysX] Initialized MultithreadedTaskDispatcher with 18 workers.
 -> (artifact id: 'cc96ca321218affad0125155b6a3a836') in 0.079343 seconds
Number of updated asset objects reloaded before import = 0
Number of asset objects unloaded after import = 1
========================================================================
Received Import Request.
  Time since last request: 0.000053 seconds.
  path: Assets/npc_casual_set_00/Textures/npc_hmn_face_01f_05_01_o.tif
  artifactKey: Guid(e1a204dab31551941bd6b5643596e4f5) Importer(2089858483,0ecaa5967403d082aa24f35e1b516d23)
Start importing Assets/npc_casual_set_00/Textures/npc_hmn_face_01f_05_01_o.tif using Guid(e1a204dab31551941bd6b5643596e4f5) Importer(2089858483,0ecaa5967403d082aa24f35e1b516d23) [PhysX] Initialized MultithreadedTaskDispatcher with 18 workers.
 -> (artifact id: 'a8655a464adb1e85f4bad2bb7d64bbb9') in 0.083312 seconds
Number of updated asset objects reloaded before import = 0
Number of asset objects unloaded after import = 1
========================================================================
Received Import Request.
  Time since last request: 0.000056 seconds.
  path: Assets/npc_casual_set_00/Textures/npc_hmn_face_01m_02_01_c.tif
  artifactKey: Guid(721320e85a0c967489df61dc3afdf115) Importer(2089858483,0ecaa5967403d082aa24f35e1b516d23)
Start importing Assets/npc_casual_set_00/Textures/npc_hmn_face_01m_02_01_c.tif using Guid(721320e85a0c967489df61dc3afdf115) Importer(2089858483,0ecaa5967403d082aa24f35e1b516d23) [PhysX] Initialized MultithreadedTaskDispatcher with 18 workers.
 -> (artifact id: 'f77aa652c382ffdb13768c100a87daa7') in 0.083106 seconds
Number of updated asset objects reloaded before import = 0
Number of asset objects unloaded after import = 1
========================================================================
Received Import Request.
  Time since last request: 0.000069 seconds.
  path: Assets/npc_casual_set_00/Textures/npc_hmn_face_01m_01_01_n.tif
  artifactKey: Guid(05d1b45559398ff43aed0941795db866) Importer(2089858483,0ecaa5967403d082aa24f35e1b516d23)
Start importing Assets/npc_casual_set_00/Textures/npc_hmn_face_01m_01_01_n.tif using Guid(05d1b45559398ff43aed0941795db866) Importer(2089858483,0ecaa5967403d082aa24f35e1b516d23) [PhysX] Initialized MultithreadedTaskDispatcher with 18 workers.
 -> (artifact id: '8d41a495b9cb452f758f50fbb9084bd9') in 0.082051 seconds
Number of updated asset objects reloaded before import = 0
Number of asset objects unloaded after import = 1
========================================================================
Received Import Request.
  Time since last request: 0.000287 seconds.
  path: Assets/npc_casual_set_00/Textures/npc_hmn_face_01m_02_01_o.tif
  artifactKey: Guid(a5debc00a11ef894db5078758a5150ed) Importer(2089858483,0ecaa5967403d082aa24f35e1b516d23)
Start importing Assets/npc_casual_set_00/Textures/npc_hmn_face_01m_02_01_o.tif using Guid(a5debc00a11ef894db5078758a5150ed) Importer(2089858483,0ecaa5967403d082aa24f35e1b516d23) [PhysX] Initialized MultithreadedTaskDispatcher with 18 workers.
 -> (artifact id: '2e20236514e7d426e739aa3fa6874b86') in 0.089538 seconds
Number of updated asset objects reloaded before import = 0
Number of asset objects unloaded after import = 1
========================================================================
Received Import Request.
  Time since last request: 0.000152 seconds.
  path: Assets/HorrorPuzzleItems/Floppy/Materials/Floppy_Blue.mat
  artifactKey: Guid(5152d83e98d20c54699f81c1b9a4eae4) Importer(2089858483,0ecaa5967403d082aa24f35e1b516d23)
Start importing Assets/HorrorPuzzleItems/Floppy/Materials/Floppy_Blue.mat using Guid(5152d83e98d20c54699f81c1b9a4eae4) Importer(2089858483,0ecaa5967403d082aa24f35e1b516d23) [PhysX] Initialized MultithreadedTaskDispatcher with 18 workers.
 -> (artifact id: 'a3f023e526e8b00f3b5c72e3a980d829') in 0.053519 seconds
Number of updated asset objects reloaded before import = 0
Number of asset objects unloaded after import = 2
========================================================================
Received Import Request.
  Time since last request: 0.000061 seconds.
  path: Assets/HorrorPuzzleItems/Card/Icons/Icon_Card_Security.png
  artifactKey: Guid(78f11b6a94d9d0648b6cde62c454c7c1) Importer(2089858483,0ecaa5967403d082aa24f35e1b516d23)
Start importing Assets/HorrorPuzzleItems/Card/Icons/Icon_Card_Security.png using Guid(78f11b6a94d9d0648b6cde62c454c7c1) Importer(2089858483,0ecaa5967403d082aa24f35e1b516d23) [PhysX] Initialized MultithreadedTaskDispatcher with 18 workers.
 -> (artifact id: '15cc612d4050cfac32b68e8b115301ad') in 0.094314 seconds
Number of updated asset objects reloaded before import = 0
Number of asset objects unloaded after import = 3
========================================================================
Received Import Request.
  Time since last request: 0.000110 seconds.
  path: Assets/HorrorPuzzleItems/Crank/Prefabs/Crank.prefab
  artifactKey: Guid(ecac38706cd74b24cb201deacea4dec0) Importer(2089858483,0ecaa5967403d082aa24f35e1b516d23)
Start importing Assets/HorrorPuzzleItems/Crank/Prefabs/Crank.prefab using Guid(ecac38706cd74b24cb201deacea4dec0) Importer(2089858483,0ecaa5967403d082aa24f35e1b516d23) [PhysX] Initialized MultithreadedTaskDispatcher with 18 workers.
 -> (artifact id: 'bcedbd27f009b0cb840b7ef7c47c43ab') in 0.067410 seconds
Number of updated asset objects reloaded before import = 0
Number of asset objects unloaded after import = 9
========================================================================
Received Import Request.
  Time since last request: 0.000049 seconds.
  path: Assets/HorrorPuzzleItems/Crank/Icons/Icon_Crank.png
  artifactKey: Guid(8fa8cb98fa777cd459aef71df268c2cc) Importer(2089858483,0ecaa5967403d082aa24f35e1b516d23)
Start importing Assets/HorrorPuzzleItems/Crank/Icons/Icon_Crank.png using Guid(8fa8cb98fa777cd459aef71df268c2cc) Importer(2089858483,0ecaa5967403d082aa24f35e1b516d23) [PhysX] Initialized MultithreadedTaskDispatcher with 18 workers.
 -> (artifact id: '799c350d527cd246d56bf002762ef7f9') in 0.122183 seconds
Number of updated asset objects reloaded before import = 0
Number of asset objects unloaded after import = 3
========================================================================
Received Import Request.
  Time since last request: 0.000054 seconds.
  path: Assets/HorrorPuzzleItems/Card/Prefabs/Card_Security.prefab
  artifactKey: Guid(e7b4b7e0ed8684642ad44256d56825e2) Importer(2089858483,0ecaa5967403d082aa24f35e1b516d23)
Start importing Assets/HorrorPuzzleItems/Card/Prefabs/Card_Security.prefab using Guid(e7b4b7e0ed8684642ad44256d56825e2) Importer(2089858483,0ecaa5967403d082aa24f35e1b516d23) [PhysX] Initialized MultithreadedTaskDispatcher with 18 workers.
 -> (artifact id: 'b7b8bb77fc45361e876626bfe94c4334') in 0.043992 seconds
Number of updated asset objects reloaded before import = 0
Number of asset objects unloaded after import = 9
========================================================================
Received Import Request.
  Time since last request: 0.000067 seconds.
  path: Assets/HorrorPuzzleItems/Card/Textures/Card_Security.png
  artifactKey: Guid(efa71b35879ad41448391d4a69c0ccfe) Importer(2089858483,0ecaa5967403d082aa24f35e1b516d23)
Start importing Assets/HorrorPuzzleItems/Card/Textures/Card_Security.png using Guid(efa71b35879ad41448391d4a69c0ccfe) Importer(2089858483,0ecaa5967403d082aa24f35e1b516d23) [PhysX] Initialized MultithreadedTaskDispatcher with 18 workers.
 -> (artifact id: '7d320b52cc249c23425874755d692516') in 0.086332 seconds
Number of updated asset objects reloaded before import = 0
Number of asset objects unloaded after import = 1
========================================================================
Received Import Request.
  Time since last request: 0.000121 seconds.
  path: Assets/HorrorPuzzleItems/Card/Icons/Icon_Card_GateSystemRed.png
  artifactKey: Guid(73a351ee1a6ffe84791f3ba0714df6db) Importer(2089858483,0ecaa5967403d082aa24f35e1b516d23)
Start importing Assets/HorrorPuzzleItems/Card/Icons/Icon_Card_GateSystemRed.png using Guid(73a351ee1a6ffe84791f3ba0714df6db) Importer(2089858483,0ecaa5967403d082aa24f35e1b516d23) [PhysX] Initialized MultithreadedTaskDispatcher with 18 workers.
 -> (artifact id: '7c510173f031ca0152ddb79c7ca489a0') in 0.143130 seconds
Number of updated asset objects reloaded before import = 0
Number of asset objects unloaded after import = 3
========================================================================
Received Import Request.
  Time since last request: 0.000050 seconds.
  path: Assets/HorrorPuzzleItems/Card/Icons/Icon_Card_GateSystemBlue.png
  artifactKey: Guid(3ecf563d7dfc35647bf05fe4633a0062) Importer(2089858483,0ecaa5967403d082aa24f35e1b516d23)
Start importing Assets/HorrorPuzzleItems/Card/Icons/Icon_Card_GateSystemBlue.png using Guid(3ecf563d7dfc35647bf05fe4633a0062) Importer(2089858483,0ecaa5967403d082aa24f35e1b516d23) [PhysX] Initialized MultithreadedTaskDispatcher with 18 workers.
 -> (artifact id: '5a89fc0737a6a3d20c7cf1c12566107a') in 0.107585 seconds
Number of updated asset objects reloaded before import = 0
Number of asset objects unloaded after import = 3
========================================================================
Received Import Request.
  Time since last request: 0.000072 seconds.
  path: Assets/npc_casual_set_00/Prefabs/npc_csl_shoe_01_00_03.prefab
  artifactKey: Guid(787bb9164f9d82747a38af85f6d48125) Importer(2089858483,0ecaa5967403d082aa24f35e1b516d23)
Start importing Assets/npc_casual_set_00/Prefabs/npc_csl_shoe_01_00_03.prefab using Guid(787bb9164f9d82747a38af85f6d48125) Importer(2089858483,0ecaa5967403d082aa24f35e1b516d23) [PhysX] Initialized MultithreadedTaskDispatcher with 18 workers.
 -> (artifact id: '8aab6db43b0058200174fbaa075faedf') in 0.057148 seconds
Number of updated asset objects reloaded before import = 0
Number of asset objects unloaded after import = 275
========================================================================
Received Import Request.
  Time since last request: 0.000049 seconds.
  path: Assets/HorrorPuzzleItems/Crank/Textures/Crank.png
  artifactKey: Guid(c6f3e22474f1e3646b427f45a69970c9) Importer(2089858483,0ecaa5967403d082aa24f35e1b516d23)
Start importing Assets/HorrorPuzzleItems/Crank/Textures/Crank.png using Guid(c6f3e22474f1e3646b427f45a69970c9) Importer(2089858483,0ecaa5967403d082aa24f35e1b516d23) [PhysX] Initialized MultithreadedTaskDispatcher with 18 workers.
 -> (artifact id: 'dc69d3682ce15b739be2997e46d11321') in 0.074658 seconds
Number of updated asset objects reloaded before import = 0
Number of asset objects unloaded after import = 1
========================================================================
Received Import Request.
  Time since last request: 0.000147 seconds.
  path: Assets/npc_casual_set_00/Textures/npc_csl_tshirt_00f_01_01_n.tif
  artifactKey: Guid(4662851c9c3c84e458cf841dfb00798b) Importer(2089858483,0ecaa5967403d082aa24f35e1b516d23)
Start importing Assets/npc_casual_set_00/Textures/npc_csl_tshirt_00f_01_01_n.tif using Guid(4662851c9c3c84e458cf841dfb00798b) Importer(2089858483,0ecaa5967403d082aa24f35e1b516d23) [PhysX] Initialized MultithreadedTaskDispatcher with 18 workers.
 -> (artifact id: 'c9ff03b4e5c4a24baa690ffc5461b081') in 0.088192 seconds
Number of updated asset objects reloaded before import = 0
Number of asset objects unloaded after import = 1
========================================================================
Received Import Request.
  Time since last request: 0.000162 seconds.
  path: Assets/npc_casual_set_00/Textures/npc_hair_01_c.tif
  artifactKey: Guid(59da40feef9b13d4d90965ef03c97589) Importer(2089858483,0ecaa5967403d082aa24f35e1b516d23)
Start importing Assets/npc_casual_set_00/Textures/npc_hair_01_c.tif using Guid(59da40feef9b13d4d90965ef03c97589) Importer(2089858483,0ecaa5967403d082aa24f35e1b516d23) [PhysX] Initialized MultithreadedTaskDispatcher with 18 workers.
 -> (artifact id: '65710b1f2d9c6e672f61e03c7bd6edce') in 0.088795 seconds
Number of updated asset objects reloaded before import = 0
Number of asset objects unloaded after import = 1
========================================================================
Received Import Request.
  Time since last request: 0.000309 seconds.
  path: Assets/HorrorPuzzleItems/USBKey/Icons/Icon_USBKey_Yellow.png
  artifactKey: Guid(5346b48a3aa933146b22338ec3fd768a) Importer(2089858483,0ecaa5967403d082aa24f35e1b516d23)
Start importing Assets/HorrorPuzzleItems/USBKey/Icons/Icon_USBKey_Yellow.png using Guid(5346b48a3aa933146b22338ec3fd768a) Importer(2089858483,0ecaa5967403d082aa24f35e1b516d23) [PhysX] Initialized MultithreadedTaskDispatcher with 18 workers.
 -> (artifact id: 'b1d7894d7e5dae3ebde7f0f656faf070') in 0.094577 seconds
Number of updated asset objects reloaded before import = 0
Number of asset objects unloaded after import = 3
========================================================================
Received Import Request.
  Time since last request: 0.000136 seconds.
  path: Assets/HorrorPuzzleItems/USBKey/Icons/Icon_USBKey_Metal.png
  artifactKey: Guid(5b4bd153173c29048b1d05a2f50f58f9) Importer(2089858483,0ecaa5967403d082aa24f35e1b516d23)
Start importing Assets/HorrorPuzzleItems/USBKey/Icons/Icon_USBKey_Metal.png using Guid(5b4bd153173c29048b1d05a2f50f58f9) Importer(2089858483,0ecaa5967403d082aa24f35e1b516d23) [PhysX] Initialized MultithreadedTaskDispatcher with 18 workers.
 -> (artifact id: '18d7db5fcf359f29f8f191aa1c78b124') in 0.093643 seconds
Number of updated asset objects reloaded before import = 0
Number of asset objects unloaded after import = 3
========================================================================
Received Import Request.
  Time since last request: 0.000075 seconds.
  path: Assets/HorrorPuzzleItems/SmallKey/Prefabs/SmallKey_Rusty.prefab
  artifactKey: Guid(05e314c9e067138498f7c1e1f6aca83d) Importer(2089858483,0ecaa5967403d082aa24f35e1b516d23)
Start importing Assets/HorrorPuzzleItems/SmallKey/Prefabs/SmallKey_Rusty.prefab using Guid(05e314c9e067138498f7c1e1f6aca83d) Importer(2089858483,0ecaa5967403d082aa24f35e1b516d23) [PhysX] Initialized MultithreadedTaskDispatcher with 18 workers.
 -> (artifact id: '9ce86a62c7555659920178b02362d3e2') in 0.046741 seconds
Number of updated asset objects reloaded before import = 0
Number of asset objects unloaded after import = 9
========================================================================
Received Import Request.
  Time since last request: 0.000066 seconds.
  path: Assets/HorrorPuzzleItems/Gem/Prefabs/Gem_Green.prefab
  artifactKey: Guid(60f92f0accfa9a04f91b66a3c30bcf41) Importer(2089858483,0ecaa5967403d082aa24f35e1b516d23)
Start importing Assets/HorrorPuzzleItems/Gem/Prefabs/Gem_Green.prefab using Guid(60f92f0accfa9a04f91b66a3c30bcf41) Importer(2089858483,0ecaa5967403d082aa24f35e1b516d23) [PhysX] Initialized MultithreadedTaskDispatcher with 18 workers.
 -> (artifact id: 'd5b6e4de1e557a1fc32c68bd36857c70') in 0.041156 seconds
Number of updated asset objects reloaded before import = 0
Number of asset objects unloaded after import = 9
========================================================================
Received Import Request.
  Time since last request: 0.000116 seconds.
  path: Assets/HorrorPuzzleItems/Lighter/Textures/Lighter_FlowerPattern.png
  artifactKey: Guid(cedd709173717234497ac7fc767ac7d2) Importer(2089858483,0ecaa5967403d082aa24f35e1b516d23)
Start importing Assets/HorrorPuzzleItems/Lighter/Textures/Lighter_FlowerPattern.png using Guid(cedd709173717234497ac7fc767ac7d2) Importer(2089858483,0ecaa5967403d082aa24f35e1b516d23) [PhysX] Initialized MultithreadedTaskDispatcher with 18 workers.
 -> (artifact id: 'ac42c3139b59ec3a07bc22847d9388f1') in 0.073785 seconds
Number of updated asset objects reloaded before import = 0
Number of asset objects unloaded after import = 1
========================================================================
Received Import Request.
  Time since last request: 0.000057 seconds.
  path: Assets/HorrorPuzzleItems/Lighter/Models/Lighter_Metal.fbx
  artifactKey: Guid(e7e0a9650257e5f47818cd70694ce099) Importer(2089858483,0ecaa5967403d082aa24f35e1b516d23)
Start importing Assets/HorrorPuzzleItems/Lighter/Models/Lighter_Metal.fbx using Guid(e7e0a9650257e5f47818cd70694ce099) Importer(2089858483,0ecaa5967403d082aa24f35e1b516d23) [PhysX] Initialized MultithreadedTaskDispatcher with 18 workers.
 -> (artifact id: '305ff862887a05b6af88d3e12813bb22') in 0.117145 seconds
Number of updated asset objects reloaded before import = 0
Number of asset objects unloaded after import = 7
========================================================================
Received Import Request.
  Time since last request: 0.000048 seconds.
  path: Assets/HorrorPuzzleItems/Gem/Models/Gem.fbx
  artifactKey: Guid(11325f8951580b6408ba381320c84660) Importer(2089858483,0ecaa5967403d082aa24f35e1b516d23)
Start importing Assets/HorrorPuzzleItems/Gem/Models/Gem.fbx using Guid(11325f8951580b6408ba381320c84660) Importer(2089858483,0ecaa5967403d082aa24f35e1b516d23) [PhysX] Initialized MultithreadedTaskDispatcher with 18 workers.
 -> (artifact id: '0ac44d2799d9ea046cfea2a870a82d97') in 0.079308 seconds
Number of updated asset objects reloaded before import = 0
Number of asset objects unloaded after import = 7
========================================================================
Received Import Request.
  Time since last request: 0.000143 seconds.
  path: Assets/HorrorPuzzleItems/Gear/Models/Gear.fbx
  artifactKey: Guid(ff11d6bf63037244788a6afc15da6643) Importer(2089858483,0ecaa5967403d082aa24f35e1b516d23)
Start importing Assets/HorrorPuzzleItems/Gear/Models/Gear.fbx using Guid(ff11d6bf63037244788a6afc15da6643) Importer(2089858483,0ecaa5967403d082aa24f35e1b516d23) [PhysX] Initialized MultithreadedTaskDispatcher with 18 workers.
 -> (artifact id: '8031653e088628d564d8f2e82ebe5044') in 0.088357 seconds
Number of updated asset objects reloaded before import = 0
Number of asset objects unloaded after import = 7
========================================================================
Received Import Request.
  Time since last request: 0.000244 seconds.
  path: Assets/HorrorPuzzleItems/Lighter/Prefabs/Lighter_FlowerPattern.prefab
  artifactKey: Guid(e08e8abab457a2d4ea7c8bf30549c4c7) Importer(2089858483,0ecaa5967403d082aa24f35e1b516d23)
Start importing Assets/HorrorPuzzleItems/Lighter/Prefabs/Lighter_FlowerPattern.prefab using Guid(e08e8abab457a2d4ea7c8bf30549c4c7) Importer(2089858483,0ecaa5967403d082aa24f35e1b516d23) [PhysX] Initialized MultithreadedTaskDispatcher with 18 workers.
 -> (artifact id: '1bc3538a7750a5e8c9cc31cd21f7b3ab') in 0.048401 seconds
Number of updated asset objects reloaded before import = 0
Number of asset objects unloaded after import = 9
========================================================================
Received Import Request.
  Time since last request: 0.000062 seconds.
  path: Assets/HorrorPuzzleItems/Gem/Textures/Gem_Yellow.png
  artifactKey: Guid(09644756d2d7a48418223666cd574ece) Importer(2089858483,0ecaa5967403d082aa24f35e1b516d23)
Start importing Assets/HorrorPuzzleItems/Gem/Textures/Gem_Yellow.png using Guid(09644756d2d7a48418223666cd574ece) Importer(2089858483,0ecaa5967403d082aa24f35e1b516d23) [PhysX] Initialized MultithreadedTaskDispatcher with 18 workers.
 -> (artifact id: 'f00f7ab5bd071868e8eef0061ebcbe3e') in 0.088231 seconds
Number of updated asset objects reloaded before import = 0
Number of asset objects unloaded after import = 1
========================================================================
Received Import Request.
  Time since last request: 0.000230 seconds.
  path: Assets/nappin/HouseInteriorPack/Models/(Msh)CoffeTable.fbx
  artifactKey: Guid(4dcb36ac532bd174ab2cbdee16df10f5) Importer(2089858483,0ecaa5967403d082aa24f35e1b516d23)
Start importing Assets/nappin/HouseInteriorPack/Models/(Msh)CoffeTable.fbx using Guid(4dcb36ac532bd174ab2cbdee16df10f5) Importer(2089858483,0ecaa5967403d082aa24f35e1b516d23) [PhysX] Initialized MultithreadedTaskDispatcher with 18 workers.
 -> (artifact id: '3821deee6e68441696d26af86c38cfac') in 0.078490 seconds
Number of updated asset objects reloaded before import = 0
Number of asset objects unloaded after import = 9
========================================================================
Received Import Request.
  Time since last request: 0.000063 seconds.
  path: Assets/nappin/HouseInteriorPack/Models/(Msh)Container2.fbx
  artifactKey: Guid(7cb687ce850f4264283bd6319ea397e7) Importer(2089858483,0ecaa5967403d082aa24f35e1b516d23)
Start importing Assets/nappin/HouseInteriorPack/Models/(Msh)Container2.fbx using Guid(7cb687ce850f4264283bd6319ea397e7) Importer(2089858483,0ecaa5967403d082aa24f35e1b516d23) [PhysX] Initialized MultithreadedTaskDispatcher with 18 workers.
 -> (artifact id: '1bce4d286640783e5bc59ea02a6100e1') in 0.084620 seconds
Number of updated asset objects reloaded before import = 0
Number of asset objects unloaded after import = 9
========================================================================
Received Import Request.
  Time since last request: 0.000206 seconds.
  path: Assets/nappin/HouseInteriorPack/Models/(Msh)CoffeTable_smallPlant.fbx
  artifactKey: Guid(d2974a25e2cf4e540a5a86ff784d0d0f) Importer(2089858483,0ecaa5967403d082aa24f35e1b516d23)
Start importing Assets/nappin/HouseInteriorPack/Models/(Msh)CoffeTable_smallPlant.fbx using Guid(d2974a25e2cf4e540a5a86ff784d0d0f) Importer(2089858483,0ecaa5967403d082aa24f35e1b516d23) [PhysX] Initialized MultithreadedTaskDispatcher with 18 workers.
 -> (artifact id: '94aa5da6f097a2bfff3931827e373f7b') in 0.089869 seconds
Number of updated asset objects reloaded before import = 0
Number of asset objects unloaded after import = 16
========================================================================
Received Import Request.
  Time since last request: 0.000073 seconds.
  path: Assets/HorrorPuzzleItems/USBKey/Prefabs/USBKey_Red.prefab
  artifactKey: Guid(ac289c334f1e2554fa2c3f187a354c4c) Importer(2089858483,0ecaa5967403d082aa24f35e1b516d23)
Start importing Assets/HorrorPuzzleItems/USBKey/Prefabs/USBKey_Red.prefab using Guid(ac289c334f1e2554fa2c3f187a354c4c) Importer(2089858483,0ecaa5967403d082aa24f35e1b516d23) [PhysX] Initialized MultithreadedTaskDispatcher with 18 workers.
 -> (artifact id: '151a627a5804ee0e478bd5d8fd65b938') in 0.050971 seconds
Number of updated asset objects reloaded before import = 0
Number of asset objects unloaded after import = 9
========================================================================
Received Import Request.
  Time since last request: 0.000137 seconds.
  path: Assets/nappin/HouseInteriorPack/Models/(Msh)Container1.fbx
  artifactKey: Guid(4a9018e939c46fa4caff4673bd78885a) Importer(2089858483,0ecaa5967403d082aa24f35e1b516d23)
Start importing Assets/nappin/HouseInteriorPack/Models/(Msh)Container1.fbx using Guid(4a9018e939c46fa4caff4673bd78885a) Importer(2089858483,0ecaa5967403d082aa24f35e1b516d23) [PhysX] Initialized MultithreadedTaskDispatcher with 18 workers.
 -> (artifact id: '1fa6a116c18645a0af01117630b17600') in 0.086874 seconds
Number of updated asset objects reloaded before import = 0
Number of asset objects unloaded after import = 20
========================================================================
Received Import Request.
  Time since last request: 0.000044 seconds.
  path: Assets/JustPlay/Demo/Set appliances/ReflectionProbe-1.exr
  artifactKey: Guid(df6c8c6aaaa6671419ac4222e927866f) Importer(2089858483,0ecaa5967403d082aa24f35e1b516d23)
Start importing Assets/JustPlay/Demo/Set appliances/ReflectionProbe-1.exr using Guid(df6c8c6aaaa6671419ac4222e927866f) Importer(2089858483,0ecaa5967403d082aa24f35e1b516d23) [PhysX] Initialized MultithreadedTaskDispatcher with 18 workers.
 -> (artifact id: '74f45483c015613bf2fca9cb772cc54d') in 0.113521 seconds
Number of updated asset objects reloaded before import = 0
Number of asset objects unloaded after import = 1
========================================================================
Received Import Request.
  Time since last request: 0.000058 seconds.
  path: Assets/HorrorPuzzleItems/Lighter/Materials/Lighter_FlowerPattern.mat
  artifactKey: Guid(f6a7c471bff72e844873eaa4584bfb09) Importer(2089858483,0ecaa5967403d082aa24f35e1b516d23)
Start importing Assets/HorrorPuzzleItems/Lighter/Materials/Lighter_FlowerPattern.mat using Guid(f6a7c471bff72e844873eaa4584bfb09) Importer(2089858483,0ecaa5967403d082aa24f35e1b516d23) [PhysX] Initialized MultithreadedTaskDispatcher with 18 workers.
 -> (artifact id: 'b5b2a3adf3bede5092d11952f59b5ea0') in 0.043597 seconds
Number of updated asset objects reloaded before import = 0
Number of asset objects unloaded after import = 2
========================================================================
Received Import Request.
  Time since last request: 0.000076 seconds.
  path: Assets/HorrorPuzzleItems/USBKey/Textures/USBKey_Metal.png
  artifactKey: Guid(21c94874e37c5914c8bdbbc32b312243) Importer(2089858483,0ecaa5967403d082aa24f35e1b516d23)
Start importing Assets/HorrorPuzzleItems/USBKey/Textures/USBKey_Metal.png using Guid(21c94874e37c5914c8bdbbc32b312243) Importer(2089858483,0ecaa5967403d082aa24f35e1b516d23) [PhysX] Initialized MultithreadedTaskDispatcher with 18 workers.
 -> (artifact id: '6719b39f7422ae4e7e25dfe9887c62c7') in 0.090088 seconds
Number of updated asset objects reloaded before import = 0
Number of asset objects unloaded after import = 1
========================================================================
Received Import Request.
  Time since last request: 0.000076 seconds.
  path: Assets/JustPlay/Сomputer devices/Prefabs/Monitor 2.prefab
  artifactKey: Guid(a7c8d5abfd365bc49914ef428ffdc098) Importer(2089858483,0ecaa5967403d082aa24f35e1b516d23)
Start importing Assets/JustPlay/Сomputer devices/Prefabs/Monitor 2.prefab using Guid(a7c8d5abfd365bc49914ef428ffdc098) Importer(2089858483,0ecaa5967403d082aa24f35e1b516d23) [PhysX] Initialized MultithreadedTaskDispatcher with 18 workers.
 -> (artifact id: 'aa289ff3e127239da6c9b671583dc22a') in 0.071139 seconds
Number of updated asset objects reloaded before import = 0
Number of asset objects unloaded after import = 26
========================================================================
Received Import Request.
  Time since last request: 0.000062 seconds.
  path: Assets/npc_casual_set_00/Textures/npc_csl_tshirt_00m_01_01bw_c.tif
  artifactKey: Guid(a53bd095d854b014c85ff9d6b7bccac0) Importer(2089858483,0ecaa5967403d082aa24f35e1b516d23)
Start importing Assets/npc_casual_set_00/Textures/npc_csl_tshirt_00m_01_01bw_c.tif using Guid(a53bd095d854b014c85ff9d6b7bccac0) Importer(2089858483,0ecaa5967403d082aa24f35e1b516d23) [PhysX] Initialized MultithreadedTaskDispatcher with 18 workers.
 -> (artifact id: '382668944cd60b01d1fa7df9acba5b07') in 0.072707 seconds
Number of updated asset objects reloaded before import = 0
Number of asset objects unloaded after import = 1
========================================================================
Received Import Request.
  Time since last request: 0.000217 seconds.
  path: Assets/nappin/HouseInteriorPack/Models/(Msh)Container4.fbx
  artifactKey: Guid(51bc86091dda4734fbff595d08e6f7ed) Importer(2089858483,0ecaa5967403d082aa24f35e1b516d23)
Start importing Assets/nappin/HouseInteriorPack/Models/(Msh)Container4.fbx using Guid(51bc86091dda4734fbff595d08e6f7ed) Importer(2089858483,0ecaa5967403d082aa24f35e1b516d23) [PhysX] Initialized MultithreadedTaskDispatcher with 18 workers.
 -> (artifact id: '899c77a2b55f25ea893d9103c2ec2abd') in 0.111810 seconds
Number of updated asset objects reloaded before import = 0
Number of asset objects unloaded after import = 201
========================================================================
Received Import Request.
  Time since last request: 0.000045 seconds.
  path: Assets/nappin/HouseInteriorPack/Models/(Msh)DeskLight.fbx
  artifactKey: Guid(929d65dd4157b3e49b715a4d57acc1fb) Importer(2089858483,0ecaa5967403d082aa24f35e1b516d23)
Start importing Assets/nappin/HouseInteriorPack/Models/(Msh)DeskLight.fbx using Guid(929d65dd4157b3e49b715a4d57acc1fb) Importer(2089858483,0ecaa5967403d082aa24f35e1b516d23) [PhysX] Initialized MultithreadedTaskDispatcher with 18 workers.
 -> (artifact id: '48851f3b1b36fa54b2bb12e678fa6b4f') in 0.072703 seconds
Number of updated asset objects reloaded before import = 0
Number of asset objects unloaded after import = 9
========================================================================
Received Import Request.
  Time since last request: 0.000084 seconds.
  path: Assets/nappin/HouseInteriorPack/Models/(Msh)KitchenSink.fbx
  artifactKey: Guid(59fd103e6453fa2488ff45426f6336ad) Importer(2089858483,0ecaa5967403d082aa24f35e1b516d23)
Start importing Assets/nappin/HouseInteriorPack/Models/(Msh)KitchenSink.fbx using Guid(59fd103e6453fa2488ff45426f6336ad) Importer(2089858483,0ecaa5967403d082aa24f35e1b516d23) [PhysX] Initialized MultithreadedTaskDispatcher with 18 workers.
 -> (artifact id: 'a806246262d221419eecad4c5601c165') in 0.135970 seconds
Number of updated asset objects reloaded before import = 0
Number of asset objects unloaded after import = 21
========================================================================
Received Import Request.
  Time since last request: 0.000095 seconds.
  path: Assets/nappin/HouseInteriorPack/Models/(Msh)ShowerFace.fbx
  artifactKey: Guid(ff4b6334c18628a439fa303592ec63d6) Importer(2089858483,0ecaa5967403d082aa24f35e1b516d23)
Start importing Assets/nappin/HouseInteriorPack/Models/(Msh)ShowerFace.fbx using Guid(ff4b6334c18628a439fa303592ec63d6) Importer(2089858483,0ecaa5967403d082aa24f35e1b516d23) [PhysX] Initialized MultithreadedTaskDispatcher with 18 workers.
 -> (artifact id: 'bb7d6d916000dd7ce8c77411c4ef9ac9') in 0.077693 seconds
Number of updated asset objects reloaded before import = 0
Number of asset objects unloaded after import = 9
========================================================================
Received Import Request.
  Time since last request: 0.000065 seconds.
  path: Assets/nappin/HouseInteriorPack/Models/(Msh)Wardrobe.fbx
  artifactKey: Guid(5d9ec12203f3d1940acfb05dfc342016) Importer(2089858483,0ecaa5967403d082aa24f35e1b516d23)
Start importing Assets/nappin/HouseInteriorPack/Models/(Msh)Wardrobe.fbx using Guid(5d9ec12203f3d1940acfb05dfc342016) Importer(2089858483,0ecaa5967403d082aa24f35e1b516d23) [PhysX] Initialized MultithreadedTaskDispatcher with 18 workers.
 -> (artifact id: '65974c4251358a68f8ac9e759d09bed9') in 0.121837 seconds
Number of updated asset objects reloaded before import = 0
Number of asset objects unloaded after import = 61
========================================================================
Received Import Request.
  Time since last request: 0.000063 seconds.
  path: Assets/nappin/HouseInteriorPack/Models/(Msh)SoapDispenser.fbx
  artifactKey: Guid(7dfb700e957707b4691966b8f154916c) Importer(2089858483,0ecaa5967403d082aa24f35e1b516d23)
Start importing Assets/nappin/HouseInteriorPack/Models/(Msh)SoapDispenser.fbx using Guid(7dfb700e957707b4691966b8f154916c) Importer(2089858483,0ecaa5967403d082aa24f35e1b516d23) [PhysX] Initialized MultithreadedTaskDispatcher with 18 workers.
 -> (artifact id: 'd858fb45d7a7b97874d0877e6cd38395') in 0.107910 seconds
Number of updated asset objects reloaded before import = 0
Number of asset objects unloaded after import = 16
========================================================================
Received Import Request.
  Time since last request: 0.000049 seconds.
  path: Assets/nappin/HouseInteriorPack/Models/(Msh)CornerLight.fbx
  artifactKey: Guid(9c0b93fe9d23bae49ad4390e707470ef) Importer(2089858483,0ecaa5967403d082aa24f35e1b516d23)
Start importing Assets/nappin/HouseInteriorPack/Models/(Msh)CornerLight.fbx using Guid(9c0b93fe9d23bae49ad4390e707470ef) Importer(2089858483,0ecaa5967403d082aa24f35e1b516d23) [PhysX] Initialized MultithreadedTaskDispatcher with 18 workers.
 -> (artifact id: '50c9823439abc5772f66f588c6900f2f') in 0.069085 seconds
Number of updated asset objects reloaded before import = 0
Number of asset objects unloaded after import = 9
========================================================================
Received Import Request.
  Time since last request: 0.000134 seconds.
  path: Assets/nappin/HouseInteriorPack/Models/(Msh)ShoeRack.fbx
  artifactKey: Guid(9125ce88ab24cae46b1bbf17a45a17d9) Importer(2089858483,0ecaa5967403d082aa24f35e1b516d23)
Start importing Assets/nappin/HouseInteriorPack/Models/(Msh)ShoeRack.fbx using Guid(9125ce88ab24cae46b1bbf17a45a17d9) Importer(2089858483,0ecaa5967403d082aa24f35e1b516d23) [PhysX] Initialized MultithreadedTaskDispatcher with 18 workers.
 -> (artifact id: '40ad4ac33bd3a67485db93904650b705') in 0.107110 seconds
Number of updated asset objects reloaded before import = 0
Number of asset objects unloaded after import = 9
========================================================================
Received Import Request.
  Time since last request: 0.000065 seconds.
  path: Assets/nappin/HouseInteriorPack/Models/(Msh)Sofa.fbx
  artifactKey: Guid(7c11c43002c7a274894af728c82a6df8) Importer(2089858483,0ecaa5967403d082aa24f35e1b516d23)
Start importing Assets/nappin/HouseInteriorPack/Models/(Msh)Sofa.fbx using Guid(7c11c43002c7a274894af728c82a6df8) Importer(2089858483,0ecaa5967403d082aa24f35e1b516d23) [PhysX] Initialized MultithreadedTaskDispatcher with 18 workers.
 -> (artifact id: '25a7a828f6f99403501b2a1ba8fee193') in 0.146108 seconds
Number of updated asset objects reloaded before import = 0
Number of asset objects unloaded after import = 41
========================================================================
Received Import Request.
  Time since last request: 0.000069 seconds.
  path: Assets/nappin/OfficeEssentialsPack/Models/(Msh)BookOpen.fbx
  artifactKey: Guid(f99126b2de167a44f84adc255bb688c5) Importer(2089858483,0ecaa5967403d082aa24f35e1b516d23)
Start importing Assets/nappin/OfficeEssentialsPack/Models/(Msh)BookOpen.fbx using Guid(f99126b2de167a44f84adc255bb688c5) Importer(2089858483,0ecaa5967403d082aa24f35e1b516d23) [PhysX] Initialized MultithreadedTaskDispatcher with 18 workers.
 -> (artifact id: 'b613876f63f4e1fc279a32075c5b3409') in 0.087588 seconds
Number of updated asset objects reloaded before import = 0
Number of asset objects unloaded after import = 9
========================================================================
Received Import Request.
  Time since last request: 0.000246 seconds.
  path: Assets/nappin/OfficeEssentialsPack/Materials/(Mat)GradientRed.mat
  artifactKey: Guid(fac6997ebfb39364db1173ae4a1c49e6) Importer(2089858483,0ecaa5967403d082aa24f35e1b516d23)
Start importing Assets/nappin/OfficeEssentialsPack/Materials/(Mat)GradientRed.mat using Guid(fac6997ebfb39364db1173ae4a1c49e6) Importer(2089858483,0ecaa5967403d082aa24f35e1b516d23) [PhysX] Initialized MultithreadedTaskDispatcher with 18 workers.
 -> (artifact id: 'ea25c91f7f3cbae880b224e2a643d426') in 0.056308 seconds
Number of updated asset objects reloaded before import = 0
Number of asset objects unloaded after import = 2
========================================================================
Received Import Request.
  Time since last request: 0.000039 seconds.
  path: Assets/nappin/OfficeEssentialsPack/Materials/(Mat)GradientBeige.mat
  artifactKey: Guid(eb0f168ce60c9424896bd8c33ac3f2c9) Importer(2089858483,0ecaa5967403d082aa24f35e1b516d23)
Start importing Assets/nappin/OfficeEssentialsPack/Materials/(Mat)GradientBeige.mat using Guid(eb0f168ce60c9424896bd8c33ac3f2c9) Importer(2089858483,0ecaa5967403d082aa24f35e1b516d23) [PhysX] Initialized MultithreadedTaskDispatcher with 18 workers.
 -> (artifact id: 'a1339423a09a21481576fadf0fa28f38') in 0.054652 seconds
Number of updated asset objects reloaded before import = 0
Number of asset objects unloaded after import = 2
========================================================================
Received Import Request.
  Time since last request: 0.000047 seconds.
  path: Assets/nappin/OfficeEssentialsPack/Models/(Msh)BookPile4.fbx
  artifactKey: Guid(898aea206a1830c41bd91fa0978f4c35) Importer(2089858483,0ecaa5967403d082aa24f35e1b516d23)
Start importing Assets/nappin/OfficeEssentialsPack/Models/(Msh)BookPile4.fbx using Guid(898aea206a1830c41bd91fa0978f4c35) Importer(2089858483,0ecaa5967403d082aa24f35e1b516d23) [PhysX] Initialized MultithreadedTaskDispatcher with 18 workers.
 -> (artifact id: '736e035002e82d2d9bfdc521cc6af83b') in 0.090143 seconds
Number of updated asset objects reloaded before import = 0
Number of asset objects unloaded after import = 51
========================================================================
Received Import Request.
  Time since last request: 0.000058 seconds.
  path: Assets/nappin/OfficeEssentialsPack/Models/(Msh)CoffeTable.fbx
  artifactKey: Guid(586fd122a459a1040aaa87eda129f418) Importer(2089858483,0ecaa5967403d082aa24f35e1b516d23)
Start importing Assets/nappin/OfficeEssentialsPack/Models/(Msh)CoffeTable.fbx using Guid(586fd122a459a1040aaa87eda129f418) Importer(2089858483,0ecaa5967403d082aa24f35e1b516d23) [PhysX] Initialized MultithreadedTaskDispatcher with 18 workers.
 -> (artifact id: '92f6c91502fc28f21d09f62aab504748') in 0.082850 seconds
Number of updated asset objects reloaded before import = 0
Number of asset objects unloaded after import = 9
========================================================================
Received Import Request.
  Time since last request: 0.000063 seconds.
  path: Assets/nappin/OfficeEssentialsPack/Materials/(Mat)GradientGrey.mat
  artifactKey: Guid(3441f6441092d3c459a48c3c48ea63c6) Importer(2089858483,0ecaa5967403d082aa24f35e1b516d23)
Start importing Assets/nappin/OfficeEssentialsPack/Materials/(Mat)GradientGrey.mat using Guid(3441f6441092d3c459a48c3c48ea63c6) Importer(2089858483,0ecaa5967403d082aa24f35e1b516d23) [PhysX] Initialized MultithreadedTaskDispatcher with 18 workers.
 -> (artifact id: '859df8c23c469e2346eed81184edeb18') in 0.050549 seconds
Number of updated asset objects reloaded before import = 0
Number of asset objects unloaded after import = 2
========================================================================
Received Import Request.
  Time since last request: 0.000052 seconds.
  path: Assets/nappin/HouseInteriorPack/Models/(Msh)WaterGarden.fbx
  artifactKey: Guid(87d798b5c4a4eb441a17b3fae3ffc212) Importer(2089858483,0ecaa5967403d082aa24f35e1b516d23)
Start importing Assets/nappin/HouseInteriorPack/Models/(Msh)WaterGarden.fbx using Guid(87d798b5c4a4eb441a17b3fae3ffc212) Importer(2089858483,0ecaa5967403d082aa24f35e1b516d23) [PhysX] Initialized MultithreadedTaskDispatcher with 18 workers.
 -> (artifact id: 'df3a27d0c5c6ac7fed824dd947939143') in 0.105733 seconds
Number of updated asset objects reloaded before import = 0
Number of asset objects unloaded after import = 16
========================================================================
Received Import Request.
  Time since last request: 0.000052 seconds.
  path: Assets/nappin/OfficeEssentialsPack/Models/(Msh)CeilingLight2.fbx
  artifactKey: Guid(db6ea0fd984528c49ab939f5eb5d660e) Importer(2089858483,0ecaa5967403d082aa24f35e1b516d23)
Start importing Assets/nappin/OfficeEssentialsPack/Models/(Msh)CeilingLight2.fbx using Guid(db6ea0fd984528c49ab939f5eb5d660e) Importer(2089858483,0ecaa5967403d082aa24f35e1b516d23) [PhysX] Initialized MultithreadedTaskDispatcher with 18 workers.
 -> (artifact id: '3fbaed08a8eba9e7973004fff0bc60ad') in 0.074837 seconds
Number of updated asset objects reloaded before import = 0
Number of asset objects unloaded after import = 9
========================================================================
Received Import Request.
  Time since last request: 0.000219 seconds.
  path: Assets/nappin/HouseInteriorPack/Models/(Msh)LaunchTable_vase3.fbx
  artifactKey: Guid(9c13c7a6e17809a4687afded5343db2f) Importer(2089858483,0ecaa5967403d082aa24f35e1b516d23)
Start importing Assets/nappin/HouseInteriorPack/Models/(Msh)LaunchTable_vase3.fbx using Guid(9c13c7a6e17809a4687afded5343db2f) Importer(2089858483,0ecaa5967403d082aa24f35e1b516d23) [PhysX] Initialized MultithreadedTaskDispatcher with 18 workers.
 -> (artifact id: '7ddf7e8a55d241c1fbdfa6041fa2b6c3') in 0.071470 seconds
Number of updated asset objects reloaded before import = 0
Number of asset objects unloaded after import = 9
========================================================================
Received Import Request.
  Time since last request: 0.000039 seconds.
  path: Assets/nappin/OfficeEssentialsPack/Models/(Msh)Stapler.fbx
  artifactKey: Guid(dfe416dbdccccb0449425356461d7c67) Importer(2089858483,0ecaa5967403d082aa24f35e1b516d23)
Start importing Assets/nappin/OfficeEssentialsPack/Models/(Msh)Stapler.fbx using Guid(dfe416dbdccccb0449425356461d7c67) Importer(2089858483,0ecaa5967403d082aa24f35e1b516d23) [PhysX] Initialized MultithreadedTaskDispatcher with 18 workers.
 -> (artifact id: 'a6b1ee61948e2b7d06ea038b6500cc56') in 0.078478 seconds
Number of updated asset objects reloaded before import = 0
Number of asset objects unloaded after import = 9
========================================================================
Received Import Request.
  Time since last request: 0.000041 seconds.
  path: Assets/nappin/OfficeEssentialsPack/Models/(Msh)TrashCan.fbx
  artifactKey: Guid(b9f59c5a0fa9eec4698152c59791ae76) Importer(2089858483,0ecaa5967403d082aa24f35e1b516d23)
Start importing Assets/nappin/OfficeEssentialsPack/Models/(Msh)TrashCan.fbx using Guid(b9f59c5a0fa9eec4698152c59791ae76) Importer(2089858483,0ecaa5967403d082aa24f35e1b516d23) [PhysX] Initialized MultithreadedTaskDispatcher with 18 workers.
 -> (artifact id: '9addcf4c147da93065e17bdc265080e2') in 0.071988 seconds
Number of updated asset objects reloaded before import = 0
Number of asset objects unloaded after import = 21
========================================================================
Received Import Request.
  Time since last request: 0.000050 seconds.
  path: Assets/nappin/OfficeEssentialsPack/Models/(Msh)Plant1.fbx
  artifactKey: Guid(7b03297d5fa5a384aa16d9aabd94ff93) Importer(2089858483,0ecaa5967403d082aa24f35e1b516d23)
Start importing Assets/nappin/OfficeEssentialsPack/Models/(Msh)Plant1.fbx using Guid(7b03297d5fa5a384aa16d9aabd94ff93) Importer(2089858483,0ecaa5967403d082aa24f35e1b516d23) [PhysX] Initialized MultithreadedTaskDispatcher with 18 workers.
 -> (artifact id: '436df2a6b325b29022ed5764b632eb26') in 0.068982 seconds
Number of updated asset objects reloaded before import = 0
Number of asset objects unloaded after import = 9
========================================================================
Received Import Request.
  Time since last request: 0.000096 seconds.
  path: Assets/nappin/OfficeEssentialsPack/Models/(Msh)KitchenModule.fbx
  artifactKey: Guid(4339f93ff4f1c4f4ca6000d384de14bd) Importer(2089858483,0ecaa5967403d082aa24f35e1b516d23)
Start importing Assets/nappin/OfficeEssentialsPack/Models/(Msh)KitchenModule.fbx using Guid(4339f93ff4f1c4f4ca6000d384de14bd) Importer(2089858483,0ecaa5967403d082aa24f35e1b516d23) [PhysX] Initialized MultithreadedTaskDispatcher with 18 workers.
 -> (artifact id: '2bd2c8dc6c0577204f36f91429cdfd95') in 0.085153 seconds
Number of updated asset objects reloaded before import = 0
Number of asset objects unloaded after import = 9
========================================================================
Received Import Request.
  Time since last request: 0.000160 seconds.
  path: Assets/nappin/OfficeEssentialsPack/Models/(Msh)Separator.fbx
  artifactKey: Guid(b4770c72ef9ca574a8fc2f08b8e7cb17) Importer(2089858483,0ecaa5967403d082aa24f35e1b516d23)
Start importing Assets/nappin/OfficeEssentialsPack/Models/(Msh)Separator.fbx using Guid(b4770c72ef9ca574a8fc2f08b8e7cb17) Importer(2089858483,0ecaa5967403d082aa24f35e1b516d23) [PhysX] Initialized MultithreadedTaskDispatcher with 18 workers.
 -> (artifact id: '08ce65f7deb2e766ddf442bb92276d04') in 0.079865 seconds
Number of updated asset objects reloaded before import = 0
Number of asset objects unloaded after import = 9
========================================================================
Received Import Request.
  Time since last request: 0.000057 seconds.
  path: Assets/nappin/OfficeEssentialsPack/Materials/(Mat)GradientDarkRed.mat
  artifactKey: Guid(11ed21415b661da499e94e4e9e5c47f4) Importer(2089858483,0ecaa5967403d082aa24f35e1b516d23)
Start importing Assets/nappin/OfficeEssentialsPack/Materials/(Mat)GradientDarkRed.mat using Guid(11ed21415b661da499e94e4e9e5c47f4) Importer(2089858483,0ecaa5967403d082aa24f35e1b516d23) [PhysX] Initialized MultithreadedTaskDispatcher with 18 workers.
 -> (artifact id: '669d55c183304ae9443201c1b171cd10') in 0.061048 seconds
Number of updated asset objects reloaded before import = 0
Number of asset objects unloaded after import = 2
========================================================================
Received Import Request.
  Time since last request: 0.000071 seconds.
  path: Assets/nappin/OfficeEssentialsPack/Models/(Msh)Shelves2.fbx
  artifactKey: Guid(9c2b74f6542c6ff45ac65189228585cb) Importer(2089858483,0ecaa5967403d082aa24f35e1b516d23)
Start importing Assets/nappin/OfficeEssentialsPack/Models/(Msh)Shelves2.fbx using Guid(9c2b74f6542c6ff45ac65189228585cb) Importer(2089858483,0ecaa5967403d082aa24f35e1b516d23) [PhysX] Initialized MultithreadedTaskDispatcher with 18 workers.
 -> (artifact id: '91d8485d6088eeb7d1703db3dffc07ea') in 0.084806 seconds
Number of updated asset objects reloaded before import = 0
Number of asset objects unloaded after import = 9
========================================================================
Received Import Request.
  Time since last request: 0.000173 seconds.
  path: Assets/nappin/OfficeEssentialsPack/Prefabs/(Prb)BathroomSink.prefab
  artifactKey: Guid(fa3db0668a5ddff4c899e2c3fd2c0c72) Importer(2089858483,0ecaa5967403d082aa24f35e1b516d23)
Start importing Assets/nappin/OfficeEssentialsPack/Prefabs/(Prb)BathroomSink.prefab using Guid(fa3db0668a5ddff4c899e2c3fd2c0c72) Importer(2089858483,0ecaa5967403d082aa24f35e1b516d23) [PhysX] Initialized MultithreadedTaskDispatcher with 18 workers.
 -> (artifact id: 'f0f32917c8b08673c77e4507cc0e2b31') in 0.083913 seconds
Number of updated asset objects reloaded before import = 0
Number of asset objects unloaded after import = 48
========================================================================
Received Import Request.
  Time since last request: 0.000040 seconds.
  path: Assets/nappin/OfficeEssentialsPack/Prefabs/(Prb)Chair2.prefab
  artifactKey: Guid(84ec177bc6599ae438ee9c03a98cad5c) Importer(2089858483,0ecaa5967403d082aa24f35e1b516d23)
Start importing Assets/nappin/OfficeEssentialsPack/Prefabs/(Prb)Chair2.prefab using Guid(84ec177bc6599ae438ee9c03a98cad5c) Importer(2089858483,0ecaa5967403d082aa24f35e1b516d23) [PhysX] Initialized MultithreadedTaskDispatcher with 18 workers.
 -> (artifact id: '27bbc18aa5d9bb5d35eae3bb15b12ea0') in 0.053558 seconds
Number of updated asset objects reloaded before import = 0
Number of asset objects unloaded after import = 10
========================================================================
Received Import Request.
  Time since last request: 0.000053 seconds.
  path: Assets/nappin/OfficeEssentialsPack/Prefabs/(Prb)CeilingLight1.prefab
  artifactKey: Guid(0b7123567dcb2a14e931f2bfcecef8ff) Importer(2089858483,0ecaa5967403d082aa24f35e1b516d23)
Start importing Assets/nappin/OfficeEssentialsPack/Prefabs/(Prb)CeilingLight1.prefab using Guid(0b7123567dcb2a14e931f2bfcecef8ff) Importer(2089858483,0ecaa5967403d082aa24f35e1b516d23) [PhysX] Initialized MultithreadedTaskDispatcher with 18 workers.
 -> (artifact id: '4fc558973e6cf3185f69d1b615c25844') in 0.051704 seconds
Number of updated asset objects reloaded before import = 0
Number of asset objects unloaded after import = 10
========================================================================
Received Import Request.
  Time since last request: 0.000090 seconds.
  path: Assets/nappin/OfficeEssentialsPack/Prefabs/(Prb)BookPile3.prefab
  artifactKey: Guid(20fb32c38fa4cf14c98f0e754db93073) Importer(2089858483,0ecaa5967403d082aa24f35e1b516d23)
Start importing Assets/nappin/OfficeEssentialsPack/Prefabs/(Prb)BookPile3.prefab using Guid(20fb32c38fa4cf14c98f0e754db93073) Importer(2089858483,0ecaa5967403d082aa24f35e1b516d23) [PhysX] Initialized MultithreadedTaskDispatcher with 18 workers.
 -> (artifact id: 'f87b0836395e4056c08d81ce438afd44') in 0.056115 seconds
Number of updated asset objects reloaded before import = 0
Number of asset objects unloaded after import = 114
========================================================================
Received Import Request.
  Time since last request: 0.000078 seconds.
  path: Assets/nappin/OfficeEssentialsPack/Prefabs/(Prb)CoffeTable_smallPlant.prefab
  artifactKey: Guid(579fa6f3f1bc72e49b3ff3c0b83f513d) Importer(2089858483,0ecaa5967403d082aa24f35e1b516d23)
Start importing Assets/nappin/OfficeEssentialsPack/Prefabs/(Prb)CoffeTable_smallPlant.prefab using Guid(579fa6f3f1bc72e49b3ff3c0b83f513d) Importer(2089858483,0ecaa5967403d082aa24f35e1b516d23) [PhysX] Initialized MultithreadedTaskDispatcher with 18 workers.
 -> (artifact id: '5dbf57873d97380c2572c4aa9850d20c') in 0.057857 seconds
Number of updated asset objects reloaded before import = 0
Number of asset objects unloaded after import = 18
========================================================================
Received Import Request.
  Time since last request: 0.000100 seconds.
  path: Assets/nappin/OfficeEssentialsPack/Prefabs/(Prb)BookPile5.prefab
  artifactKey: Guid(91c8c6751f26bcc4a9425c9fc23fd227) Importer(2089858483,0ecaa5967403d082aa24f35e1b516d23)
Start importing Assets/nappin/OfficeEssentialsPack/Prefabs/(Prb)BookPile5.prefab using Guid(91c8c6751f26bcc4a9425c9fc23fd227) Importer(2089858483,0ecaa5967403d082aa24f35e1b516d23) [PhysX] Initialized MultithreadedTaskDispatcher with 18 workers.
 -> (artifact id: '43d2f243f81c0851ffcaaa9f1192e1ff') in 0.057974 seconds
Number of updated asset objects reloaded before import = 0
Number of asset objects unloaded after import = 114
========================================================================
Received Import Request.
  Time since last request: 0.000054 seconds.
  path: Assets/nappin/OfficeEssentialsPack/Prefabs/(Prb)BookOpen.prefab
  artifactKey: Guid(c2f17a2926fbc774d990dd6e286d4fad) Importer(2089858483,0ecaa5967403d082aa24f35e1b516d23)
Start importing Assets/nappin/OfficeEssentialsPack/Prefabs/(Prb)BookOpen.prefab using Guid(c2f17a2926fbc774d990dd6e286d4fad) Importer(2089858483,0ecaa5967403d082aa24f35e1b516d23) [PhysX] Initialized MultithreadedTaskDispatcher with 18 workers.
 -> (artifact id: '31015b492bb21dd3abab4d754049beeb') in 0.051148 seconds
Number of updated asset objects reloaded before import = 0
Number of asset objects unloaded after import = 10
========================================================================
Received Import Request.
  Time since last request: 0.000070 seconds.
  path: Assets/nappin/OfficeEssentialsPack/Prefabs/(Prb)CoatHanger.prefab
  artifactKey: Guid(1fd1948ee0343e74990f9a76872df5ef) Importer(2089858483,0ecaa5967403d082aa24f35e1b516d23)
Start importing Assets/nappin/OfficeEssentialsPack/Prefabs/(Prb)CoatHanger.prefab using Guid(1fd1948ee0343e74990f9a76872df5ef) Importer(2089858483,0ecaa5967403d082aa24f35e1b516d23) [PhysX] Initialized MultithreadedTaskDispatcher with 18 workers.
 -> (artifact id: '8f1dc1509b0a70aea64a5c64ed74a826') in 0.104785 seconds
Number of updated asset objects reloaded before import = 0
Number of asset objects unloaded after import = 10
========================================================================
Received Import Request.
  Time since last request: 0.000063 seconds.
  path: Assets/nappin/OfficeEssentialsPack/Models/(Msh)Printer.fbx
  artifactKey: Guid(2f30491044634fa4d8b267131f5216fe) Importer(2089858483,0ecaa5967403d082aa24f35e1b516d23)
Start importing Assets/nappin/OfficeEssentialsPack/Models/(Msh)Printer.fbx using Guid(2f30491044634fa4d8b267131f5216fe) Importer(2089858483,0ecaa5967403d082aa24f35e1b516d23) [PhysX] Initialized MultithreadedTaskDispatcher with 18 workers.
 -> (artifact id: '6b56faaa6977341ff76f4c667a2f9fab') in 0.099542 seconds
Number of updated asset objects reloaded before import = 0
Number of asset objects unloaded after import = 9
========================================================================
Received Import Request.
  Time since last request: 0.000133 seconds.
  path: Assets/nappin/OfficeEssentialsPack/Prefabs/(Prb)CornerLight.prefab
  artifactKey: Guid(7232880492f88cd4d9624a501fc37aba) Importer(2089858483,0ecaa5967403d082aa24f35e1b516d23)
Start importing Assets/nappin/OfficeEssentialsPack/Prefabs/(Prb)CornerLight.prefab using Guid(7232880492f88cd4d9624a501fc37aba) Importer(2089858483,0ecaa5967403d082aa24f35e1b516d23) [PhysX] Initialized MultithreadedTaskDispatcher with 18 workers.
 -> (artifact id: '35b1912bfba7eb7235211bdcd45f5456') in 0.080355 seconds
Number of updated asset objects reloaded before import = 0
Number of asset objects unloaded after import = 10
========================================================================
Received Import Request.
  Time since last request: 0.000051 seconds.
  path: Assets/nappin/OfficeEssentialsPack/Prefabs/(Prb)LaunchTable_vase1.prefab
  artifactKey: Guid(d6faf5893276ac14a8693f2ceeb9fece) Importer(2089858483,0ecaa5967403d082aa24f35e1b516d23)
Start importing Assets/nappin/OfficeEssentialsPack/Prefabs/(Prb)LaunchTable_vase1.prefab using Guid(d6faf5893276ac14a8693f2ceeb9fece) Importer(2089858483,0ecaa5967403d082aa24f35e1b516d23) [PhysX] Initialized MultithreadedTaskDispatcher with 18 workers.
 -> (artifact id: '0124f906a4ce4b5a6c05c0beb02ae69c') in 0.060187 seconds
Number of updated asset objects reloaded before import = 0
Number of asset objects unloaded after import = 10
========================================================================
Received Import Request.
  Time since last request: 0.000066 seconds.
  path: Assets/nappin/OfficeEssentialsPack/Prefabs/(Prb)Drawer2.prefab
  artifactKey: Guid(8ff4ad687e8a081468b81cfdd2d710e4) Importer(2089858483,0ecaa5967403d082aa24f35e1b516d23)
Start importing Assets/nappin/OfficeEssentialsPack/Prefabs/(Prb)Drawer2.prefab using Guid(8ff4ad687e8a081468b81cfdd2d710e4) Importer(2089858483,0ecaa5967403d082aa24f35e1b516d23) [PhysX] Initialized MultithreadedTaskDispatcher with 18 workers.
 -> (artifact id: 'de4fa5803d304c5c6d2830b7b4e2ed0a') in 0.092239 seconds
Number of updated asset objects reloaded before import = 0
Number of asset objects unloaded after import = 24
========================================================================
Received Import Request.
  Time since last request: 0.000228 seconds.
  path: Assets/nappin/OfficeEssentialsPack/Prefabs/(Prb)Minifridge.prefab
  artifactKey: Guid(c5495f7852c483f41945b90c27fcb2f2) Importer(2089858483,0ecaa5967403d082aa24f35e1b516d23)
Start importing Assets/nappin/OfficeEssentialsPack/Prefabs/(Prb)Minifridge.prefab using Guid(c5495f7852c483f41945b90c27fcb2f2) Importer(2089858483,0ecaa5967403d082aa24f35e1b516d23) [PhysX] Initialized MultithreadedTaskDispatcher with 18 workers.
 -> (artifact id: '03bc2efcd26200223bc0cbd293a3e017') in 0.081311 seconds
Number of updated asset objects reloaded before import = 0
Number of asset objects unloaded after import = 103
========================================================================
Received Import Request.
  Time since last request: 0.000088 seconds.
  path: Assets/nappin/OfficeEssentialsPack/Prefabs/(Prb)Mirror1.prefab
  artifactKey: Guid(1054fb16f1ee4104ca711b702ac76af8) Importer(2089858483,0ecaa5967403d082aa24f35e1b516d23)
Start importing Assets/nappin/OfficeEssentialsPack/Prefabs/(Prb)Mirror1.prefab using Guid(1054fb16f1ee4104ca711b702ac76af8) Importer(2089858483,0ecaa5967403d082aa24f35e1b516d23) [PhysX] Initialized MultithreadedTaskDispatcher with 18 workers.
 -> (artifact id: 'e2e8c7c39af9e14d31452fc189044f27') in 0.083853 seconds
Number of updated asset objects reloaded before import = 0
Number of asset objects unloaded after import = 10
========================================================================
Received Import Request.
  Time since last request: 0.000054 seconds.
  path: Assets/nappin/OfficeEssentialsPack/Prefabs/(Prb)CornerSofa.prefab
  artifactKey: Guid(290d5c01ef7f584438bbaca69591c2b9) Importer(2089858483,0ecaa5967403d082aa24f35e1b516d23)
Start importing Assets/nappin/OfficeEssentialsPack/Prefabs/(Prb)CornerSofa.prefab using Guid(290d5c01ef7f584438bbaca69591c2b9) Importer(2089858483,0ecaa5967403d082aa24f35e1b516d23) [PhysX] Initialized MultithreadedTaskDispatcher with 18 workers.
 -> (artifact id: '77f0601e3c01b8b44c60284d3f1a447d') in 0.218214 seconds
Number of updated asset objects reloaded before import = 0
Number of asset objects unloaded after import = 163
========================================================================
Received Import Request.
  Time since last request: 0.000082 seconds.
  path: Assets/nappin/OfficeEssentialsPack/Prefabs/(Prb)Door.prefab
  artifactKey: Guid(0afd69b5b86b13b4db61d58f91c02066) Importer(2089858483,0ecaa5967403d082aa24f35e1b516d23)
Start importing Assets/nappin/OfficeEssentialsPack/Prefabs/(Prb)Door.prefab using Guid(0afd69b5b86b13b4db61d58f91c02066) Importer(2089858483,0ecaa5967403d082aa24f35e1b516d23) [PhysX] Initialized MultithreadedTaskDispatcher with 18 workers.
 -> (artifact id: 'db7b94624161528becb02c94f8638131') in 0.089248 seconds
Number of updated asset objects reloaded before import = 0
Number of asset objects unloaded after import = 18
========================================================================
Received Import Request.
  Time since last request: 0.000084 seconds.
  path: Assets/nappin/OfficeEssentialsPack/Prefabs/(Prb)PC.prefab
  artifactKey: Guid(a5ac041b79f79364ca8481b503332787) Importer(2089858483,0ecaa5967403d082aa24f35e1b516d23)
Start importing Assets/nappin/OfficeEssentialsPack/Prefabs/(Prb)PC.prefab using Guid(a5ac041b79f79364ca8481b503332787) Importer(2089858483,0ecaa5967403d082aa24f35e1b516d23) [PhysX] Initialized MultithreadedTaskDispatcher with 18 workers.
 -> (artifact id: 'df4793e0fca565fc56a2685ef704655f') in 0.078938 seconds
Number of updated asset objects reloaded before import = 0
Number of asset objects unloaded after import = 30
========================================================================
Received Import Request.
  Time since last request: 0.000062 seconds.
  path: Assets/nappin/OfficeEssentialsPack/Prefabs/(Prb)PCCase.prefab
  artifactKey: Guid(3e20fca3c99e79e478de1650318e27f1) Importer(2089858483,0ecaa5967403d082aa24f35e1b516d23)
Start importing Assets/nappin/OfficeEssentialsPack/Prefabs/(Prb)PCCase.prefab using Guid(3e20fca3c99e79e478de1650318e27f1) Importer(2089858483,0ecaa5967403d082aa24f35e1b516d23) [PhysX] Initialized MultithreadedTaskDispatcher with 18 workers.
 -> (artifact id: '40f1b1629db3c77e3f444906bf2f5aef') in 0.077710 seconds
Number of updated asset objects reloaded before import = 0
Number of asset objects unloaded after import = 10
========================================================================
Received Import Request.
  Time since last request: 0.000078 seconds.
  path: Assets/nappin/OfficeEssentialsPack/Prefabs/(Prb)MirrorLight.prefab
  artifactKey: Guid(5eb4faf7729d059408358aadfe75945f) Importer(2089858483,0ecaa5967403d082aa24f35e1b516d23)
Start importing Assets/nappin/OfficeEssentialsPack/Prefabs/(Prb)MirrorLight.prefab using Guid(5eb4faf7729d059408358aadfe75945f) Importer(2089858483,0ecaa5967403d082aa24f35e1b516d23) [PhysX] Initialized MultithreadedTaskDispatcher with 18 workers.
 -> (artifact id: 'c46bd7ebcfb09982d4812af9bb330097') in 0.113035 seconds
Number of updated asset objects reloaded before import = 0
Number of asset objects unloaded after import = 10
========================================================================
Received Import Request.
  Time since last request: 0.000178 seconds.
  path: Assets/nappin/OfficeEssentialsPack/Prefabs/(Prb)SingleBed.prefab
  artifactKey: Guid(1cc7753ad8e096d4c8b059687625cdfa) Importer(2089858483,0ecaa5967403d082aa24f35e1b516d23)
Start importing Assets/nappin/OfficeEssentialsPack/Prefabs/(Prb)SingleBed.prefab using Guid(1cc7753ad8e096d4c8b059687625cdfa) Importer(2089858483,0ecaa5967403d082aa24f35e1b516d23) [PhysX] Initialized MultithreadedTaskDispatcher with 18 workers.
 -> (artifact id: 'd85685ebcba58a5dd300ee5a484cc24d') in 0.163372 seconds
Number of updated asset objects reloaded before import = 0
Number of asset objects unloaded after import = 48
========================================================================
Received Import Request.
  Time since last request: 0.002280 seconds.
  path: Assets/nappin/OfficeEssentialsPack/Prefabs/(Prb)ShowerTemperature.prefab
  artifactKey: Guid(b1c089cb339c1904ab5110a40e4ec847) Importer(2089858483,0ecaa5967403d082aa24f35e1b516d23)
Start importing Assets/nappin/OfficeEssentialsPack/Prefabs/(Prb)ShowerTemperature.prefab using Guid(b1c089cb339c1904ab5110a40e4ec847) Importer(2089858483,0ecaa5967403d082aa24f35e1b516d23) [PhysX] Initialized MultithreadedTaskDispatcher with 18 workers.
 -> (artifact id: 'f6d593bae7c7c801bfc8e810a8b0d6f8') in 0.140211 seconds
Number of updated asset objects reloaded before import = 0
Number of asset objects unloaded after import = 10
========================================================================
Received Import Request.
  Time since last request: 0.000107 seconds.
  path: Assets/nappin/OfficeEssentialsPack/Prefabs/(Prb)Sofa.prefab
  artifactKey: Guid(f933a928f9d932f4e845eb0fc9508d64) Importer(2089858483,0ecaa5967403d082aa24f35e1b516d23)
Start importing Assets/nappin/OfficeEssentialsPack/Prefabs/(Prb)Sofa.prefab using Guid(f933a928f9d932f4e845eb0fc9508d64) Importer(2089858483,0ecaa5967403d082aa24f35e1b516d23) [PhysX] Initialized MultithreadedTaskDispatcher with 18 workers.
 -> (artifact id: '3d0440bc02756c8e85c570dc01b571d2') in 0.136113 seconds
Number of updated asset objects reloaded before import = 0
Number of asset objects unloaded after import = 48
========================================================================
Received Import Request.
  Time since last request: 0.000075 seconds.
  path: Assets/nappin/OfficeEssentialsPack/Prefabs/(Prb)TrashCan.prefab
  artifactKey: Guid(458271fb06e38ef4abfe60d080c61a94) Importer(2089858483,0ecaa5967403d082aa24f35e1b516d23)
Start importing Assets/nappin/OfficeEssentialsPack/Prefabs/(Prb)TrashCan.prefab using Guid(458271fb06e38ef4abfe60d080c61a94) Importer(2089858483,0ecaa5967403d082aa24f35e1b516d23) [PhysX] Initialized MultithreadedTaskDispatcher with 18 workers.
 -> (artifact id: 'bc32dc1dbe3e63599e635bf2d0ca3c84') in 0.076512 seconds
Number of updated asset objects reloaded before import = 0
Number of asset objects unloaded after import = 24
========================================================================
Received Import Request.
  Time since last request: 0.000089 seconds.
  path: Assets/nappin/OfficeEssentialsPack/Textures/(Txt)GradientDarkgrey.png
  artifactKey: Guid(77f399026e807f748b4cebba73b4426c) Importer(2089858483,0ecaa5967403d082aa24f35e1b516d23)
Start importing Assets/nappin/OfficeEssentialsPack/Textures/(Txt)GradientDarkgrey.png using Guid(77f399026e807f748b4cebba73b4426c) Importer(2089858483,0ecaa5967403d082aa24f35e1b516d23) [PhysX] Initialized MultithreadedTaskDispatcher with 18 workers.
 -> (artifact id: '7f1aaaa72bc72e5c6258dd8498717ce7') in 0.114798 seconds
Number of updated asset objects reloaded before import = 0
Number of asset objects unloaded after import = 1
========================================================================
Received Import Request.
  Time since last request: 0.000260 seconds.
  path: Assets/nappin/OfficeEssentialsPack/Prefabs/(Prb)Stove.prefab
  artifactKey: Guid(3e3c34c03ce58074fbfcfcdf18b4dda8) Importer(2089858483,0ecaa5967403d082aa24f35e1b516d23)
Start importing Assets/nappin/OfficeEssentialsPack/Prefabs/(Prb)Stove.prefab using Guid(3e3c34c03ce58074fbfcfcdf18b4dda8) Importer(2089858483,0ecaa5967403d082aa24f35e1b516d23) [PhysX] Initialized MultithreadedTaskDispatcher with 18 workers.
 -> (artifact id: '75a443ca510ccde64467769940d369b1') in 0.065888 seconds
Number of updated asset objects reloaded before import = 0
Number of asset objects unloaded after import = 30
========================================================================
Received Import Request.
  Time since last request: 0.000109 seconds.
  path: Assets/nappin/OfficeEssentialsPack/Textures/(Txt)GradientOrange.png
  artifactKey: Guid(1be709cd9dfa27c48a678cdacc829f7e) Importer(2089858483,0ecaa5967403d082aa24f35e1b516d23)
Start importing Assets/nappin/OfficeEssentialsPack/Textures/(Txt)GradientOrange.png using Guid(1be709cd9dfa27c48a678cdacc829f7e) Importer(2089858483,0ecaa5967403d082aa24f35e1b516d23) [PhysX] Initialized MultithreadedTaskDispatcher with 18 workers.
 -> (artifact id: '07ea3196eab52ac4b1e0c733c51ca2d9') in 0.122719 seconds
Number of updated asset objects reloaded before import = 0
Number of asset objects unloaded after import = 1
========================================================================
Received Import Request.
  Time since last request: 0.000070 seconds.
  path: Assets/nappin/OfficeEssentialsPack/Prefabs/(Prb)VendingMachine.prefab
  artifactKey: Guid(5fab3d9a08a16ed429bbc510962997d8) Importer(2089858483,0ecaa5967403d082aa24f35e1b516d23)
Start importing Assets/nappin/OfficeEssentialsPack/Prefabs/(Prb)VendingMachine.prefab using Guid(5fab3d9a08a16ed429bbc510962997d8) Importer(2089858483,0ecaa5967403d082aa24f35e1b516d23) [PhysX] Initialized MultithreadedTaskDispatcher with 18 workers.
 -> (artifact id: 'a2b4df88ff8f0cd4d161949ce4f04b15') in 0.091674 seconds
Number of updated asset objects reloaded before import = 0
Number of asset objects unloaded after import = 870
========================================================================
Received Import Request.
  Time since last request: 0.000095 seconds.
  path: Assets/nappin/OfficeEssentialsPack/Prefabs/(Prb)Mirror2.prefab
  artifactKey: Guid(bebe37461aa0901409254caebff7ac4e) Importer(2089858483,0ecaa5967403d082aa24f35e1b516d23)
Start importing Assets/nappin/OfficeEssentialsPack/Prefabs/(Prb)Mirror2.prefab using Guid(bebe37461aa0901409254caebff7ac4e) Importer(2089858483,0ecaa5967403d082aa24f35e1b516d23) [PhysX] Initialized MultithreadedTaskDispatcher with 18 workers.
 -> (artifact id: '9aed87540912cf7160fc214ce08e81fc') in 0.129083 seconds
Number of updated asset objects reloaded before import = 0
Number of asset objects unloaded after import = 10
========================================================================
Received Import Request.
  Time since last request: 0.000066 seconds.
  path: Assets/npc_casual_set_00/Mesh/Mesh_Parts/npc_csl_shirtopenrolled_00f_parts.fbx
  artifactKey: Guid(b6eb4c4121ddb6141b1a71c69cb2a9ad) Importer(2089858483,0ecaa5967403d082aa24f35e1b516d23)
Start importing Assets/npc_casual_set_00/Mesh/Mesh_Parts/npc_csl_shirtopenrolled_00f_parts.fbx using Guid(b6eb4c4121ddb6141b1a71c69cb2a9ad) Importer(2089858483,0ecaa5967403d082aa24f35e1b516d23) [PhysX] Initialized MultithreadedTaskDispatcher with 18 workers.
 -> (artifact id: 'bd1a01c83bb88bfc087fbed6d854cbac') in 0.328894 seconds
Number of updated asset objects reloaded before import = 0
Number of asset objects unloaded after import = 175
========================================================================
Received Import Request.
  Time since last request: 0.000634 seconds.
  path: Assets/npc_casual_set_00/Mesh/Mesh_Parts/npc_csl_tshirt_00f_torso.fbx
  artifactKey: Guid(df09d40371d173b47ac32cedc0b1372c) Importer(2089858483,0ecaa5967403d082aa24f35e1b516d23)
Start importing Assets/npc_casual_set_00/Mesh/Mesh_Parts/npc_csl_tshirt_00f_torso.fbx using Guid(df09d40371d173b47ac32cedc0b1372c) Importer(2089858483,0ecaa5967403d082aa24f35e1b516d23) [PhysX] Initialized MultithreadedTaskDispatcher with 18 workers.
 -> (artifact id: '501db5056e2404b37254477c57e5c5a3') in 0.245457 seconds
Number of updated asset objects reloaded before import = 0
Number of asset objects unloaded after import = 145
========================================================================
Received Import Request.
  Time since last request: 0.000095 seconds.
  path: Assets/npc_casual_set_00/Mesh/Mesh_Parts/npc_hmn_01f_fingers2.fbx
  artifactKey: Guid(36ba4fb86bc87ca42b84b5b252331260) Importer(2089858483,0ecaa5967403d082aa24f35e1b516d23)
Start importing Assets/npc_casual_set_00/Mesh/Mesh_Parts/npc_hmn_01f_fingers2.fbx using Guid(36ba4fb86bc87ca42b84b5b252331260) Importer(2089858483,0ecaa5967403d082aa24f35e1b516d23) [PhysX] Initialized MultithreadedTaskDispatcher with 18 workers.
 -> (artifact id: '2eb0d4f5da820be3bb4de37078587c72') in 0.241106 seconds
Number of updated asset objects reloaded before import = 0
Number of asset objects unloaded after import = 141
========================================================================
Received Import Request.
  Time since last request: 0.000067 seconds.
  path: Assets/npc_casual_set_00/Mesh/Mesh_Parts/npc_hmn_01f_parts.fbx
  artifactKey: Guid(359497813aa7a4c4aae41f7dc0f2ce2f) Importer(2089858483,0ecaa5967403d082aa24f35e1b516d23)
Start importing Assets/npc_casual_set_00/Mesh/Mesh_Parts/npc_hmn_01f_parts.fbx using Guid(359497813aa7a4c4aae41f7dc0f2ce2f) Importer(2089858483,0ecaa5967403d082aa24f35e1b516d23) [PhysX] Initialized MultithreadedTaskDispatcher with 18 workers.
 -> (artifact id: '4af15b327cf8bb81774d0727614b1afd') in 2.929467 seconds
Number of updated asset objects reloaded before import = 0
Number of asset objects unloaded after import = 947
========================================================================
Received Import Request.
  Time since last request: 0.000112 seconds.
  path: Assets/npc_casual_set_00/Mesh/Mesh_Parts/npc_csl_tshirt_00m_frontal.fbx
  artifactKey: Guid(9373162f635086c4d85a6608194e2841) Importer(2089858483,0ecaa5967403d082aa24f35e1b516d23)
Start importing Assets/npc_casual_set_00/Mesh/Mesh_Parts/npc_csl_tshirt_00m_frontal.fbx using Guid(9373162f635086c4d85a6608194e2841) Importer(2089858483,0ecaa5967403d082aa24f35e1b516d23) [PhysX] Initialized MultithreadedTaskDispatcher with 18 workers.
 -> (artifact id: 'bae8746cf5a322cf10192e3a88adf90d') in 0.217907 seconds
Number of updated asset objects reloaded before import = 0
Number of asset objects unloaded after import = 145
========================================================================
Received Import Request.
  Time since last request: 0.000089 seconds.
  path: Assets/npc_casual_set_00/Mesh/Mesh_Parts/npc_hmn_01m_upperbody6.fbx
  artifactKey: Guid(a0ec0fd65dc7a954b95deb05e25cd6d2) Importer(2089858483,0ecaa5967403d082aa24f35e1b516d23)
Start importing Assets/npc_casual_set_00/Mesh/Mesh_Parts/npc_hmn_01m_upperbody6.fbx using Guid(a0ec0fd65dc7a954b95deb05e25cd6d2) Importer(2089858483,0ecaa5967403d082aa24f35e1b516d23) [PhysX] Initialized MultithreadedTaskDispatcher with 18 workers.
 -> (artifact id: 'c35016b712f1274430657e3e937a6fd8') in 0.225446 seconds
Number of updated asset objects reloaded before import = 0
Number of asset objects unloaded after import = 145
========================================================================
Received Import Request.
  Time since last request: 0.000127 seconds.
  path: Assets/npc_casual_set_00/Mesh/Mesh_Parts/npc_hmn_01f_lowerbody6.fbx
  artifactKey: Guid(c1668363703448f4a9b557d03e6d729d) Importer(2089858483,0ecaa5967403d082aa24f35e1b516d23)
Start importing Assets/npc_casual_set_00/Mesh/Mesh_Parts/npc_hmn_01f_lowerbody6.fbx using Guid(c1668363703448f4a9b557d03e6d729d) Importer(2089858483,0ecaa5967403d082aa24f35e1b516d23) [PhysX] Initialized MultithreadedTaskDispatcher with 18 workers.
 -> (artifact id: 'f768f08ee8ef0ca3fd88de4e26ed5fd7') in 0.214091 seconds
Number of updated asset objects reloaded before import = 0
Number of asset objects unloaded after import = 145
========================================================================
Received Import Request.
  Time since last request: 0.000075 seconds.
  path: Assets/npc_casual_set_00/Prefabs/Prefabs_Parts/npc_csl_tshirt_00f_sleeves.prefab
  artifactKey: Guid(108fac6e345c3294686d74d624d8475e) Importer(2089858483,0ecaa5967403d082aa24f35e1b516d23)
Start importing Assets/npc_casual_set_00/Prefabs/Prefabs_Parts/npc_csl_tshirt_00f_sleeves.prefab using Guid(108fac6e345c3294686d74d624d8475e) Importer(2089858483,0ecaa5967403d082aa24f35e1b516d23) [PhysX] Initialized MultithreadedTaskDispatcher with 18 workers.
 -> (artifact id: '4dd640c7cced7383b469536ca1dc9ab7') in 0.075258 seconds
Number of updated asset objects reloaded before import = 0
Number of asset objects unloaded after import = 283
========================================================================
Received Import Request.
  Time since last request: 0.000112 seconds.
  path: Assets/npc_casual_set_00/Prefabs/Prefabs_Parts/npc_csl_tshirt_00m_sleeves.prefab
  artifactKey: Guid(205fe20a74ebe7046a5d5b1990cbb592) Importer(2089858483,0ecaa5967403d082aa24f35e1b516d23)
Start importing Assets/npc_casual_set_00/Prefabs/Prefabs_Parts/npc_csl_tshirt_00m_sleeves.prefab using Guid(205fe20a74ebe7046a5d5b1990cbb592) Importer(2089858483,0ecaa5967403d082aa24f35e1b516d23) [PhysX] Initialized MultithreadedTaskDispatcher with 18 workers.
 -> (artifact id: '2f02a384f883dcc28fe6a551a3e4db26') in 0.087665 seconds
Number of updated asset objects reloaded before import = 0
Number of asset objects unloaded after import = 283
========================================================================
Received Import Request.
  Time since last request: 0.000060 seconds.
  path: Assets/nappin/OfficeEssentialsPack/Prefabs/(Prb)RoomLight.prefab
  artifactKey: Guid(de9100bbf110b884f9f1b1d8b6b33537) Importer(2089858483,0ecaa5967403d082aa24f35e1b516d23)
Start importing Assets/nappin/OfficeEssentialsPack/Prefabs/(Prb)RoomLight.prefab using Guid(de9100bbf110b884f9f1b1d8b6b33537) Importer(2089858483,0ecaa5967403d082aa24f35e1b516d23) [PhysX] Initialized MultithreadedTaskDispatcher with 18 workers.
 -> (artifact id: 'feb30b0277fa02a877176be7c52a4c62') in 0.062243 seconds
Number of updated asset objects reloaded before import = 0
Number of asset objects unloaded after import = 10
========================================================================
Received Import Request.
  Time since last request: 0.000081 seconds.
  path: Assets/npc_casual_set_00/Mesh/Mesh_Parts/npc_hmn_01m_torso3.fbx
  artifactKey: Guid(d264ca34fc4b05748b65963c6a80f5a7) Importer(2089858483,0ecaa5967403d082aa24f35e1b516d23)
Start importing Assets/npc_casual_set_00/Mesh/Mesh_Parts/npc_hmn_01m_torso3.fbx using Guid(d264ca34fc4b05748b65963c6a80f5a7) Importer(2089858483,0ecaa5967403d082aa24f35e1b516d23) [PhysX] Initialized MultithreadedTaskDispatcher with 18 workers.
 -> (artifact id: 'acf402c8351240a38c91eed607f977dc') in 0.204591 seconds
Number of updated asset objects reloaded before import = 0
Number of asset objects unloaded after import = 145
========================================================================
Received Import Request.
  Time since last request: 0.000084 seconds.
  path: Assets/npc_casual_set_00/Mesh/Mesh_Parts/npc_hmn_01m_torso5.fbx
  artifactKey: Guid(bf79c012a7d348f42bc026d37047cd03) Importer(2089858483,0ecaa5967403d082aa24f35e1b516d23)
Start importing Assets/npc_casual_set_00/Mesh/Mesh_Parts/npc_hmn_01m_torso5.fbx using Guid(bf79c012a7d348f42bc026d37047cd03) Importer(2089858483,0ecaa5967403d082aa24f35e1b516d23) [PhysX] Initialized MultithreadedTaskDispatcher with 18 workers.
 -> (artifact id: '4b95e132747914360e7a09227430aee9') in 0.176370 seconds
Number of updated asset objects reloaded before import = 0
Number of asset objects unloaded after import = 145
========================================================================
Received Import Request.
  Time since last request: 0.000098 seconds.
  path: Assets/npc_casual_set_00/Prefabs/Prefabs_Parts/npc_hmn_01f_head1.prefab
  artifactKey: Guid(8a30d4e872885ea40b2aea36192caa2e) Importer(2089858483,0ecaa5967403d082aa24f35e1b516d23)
Start importing Assets/npc_casual_set_00/Prefabs/Prefabs_Parts/npc_hmn_01f_head1.prefab using Guid(8a30d4e872885ea40b2aea36192caa2e) Importer(2089858483,0ecaa5967403d082aa24f35e1b516d23) [PhysX] Initialized MultithreadedTaskDispatcher with 18 workers.
 -> (artifact id: 'eaf30b7ecd18f70a3b998e03b60860ad') in 0.068162 seconds
Number of updated asset objects reloaded before import = 0
Number of asset objects unloaded after import = 283
========================================================================
Received Import Request.
  Time since last request: 0.000057 seconds.
  path: Assets/npc_casual_set_00/Prefabs/Prefabs_Parts/npc_hmn_01f_fingers1.prefab
  artifactKey: Guid(150d2e20662c6884ab58c9b658f71a79) Importer(2089858483,0ecaa5967403d082aa24f35e1b516d23)
Start importing Assets/npc_casual_set_00/Prefabs/Prefabs_Parts/npc_hmn_01f_fingers1.prefab using Guid(150d2e20662c6884ab58c9b658f71a79) Importer(2089858483,0ecaa5967403d082aa24f35e1b516d23) [PhysX] Initialized MultithreadedTaskDispatcher with 18 workers.
 -> (artifact id: '959e8b0aa28f1a141f79636c764dde87') in 0.067469 seconds
Number of updated asset objects reloaded before import = 0
Number of asset objects unloaded after import = 275
========================================================================
Received Import Request.
  Time since last request: 0.000051 seconds.
  path: Assets/npc_casual_set_00/Prefabs/Prefabs_Parts/npc_hmn_01f_arms2.prefab
  artifactKey: Guid(7664ba4cf5ccb8a4fbe06043eb43c3a9) Importer(2089858483,0ecaa5967403d082aa24f35e1b516d23)
Start importing Assets/npc_casual_set_00/Prefabs/Prefabs_Parts/npc_hmn_01f_arms2.prefab using Guid(7664ba4cf5ccb8a4fbe06043eb43c3a9) Importer(2089858483,0ecaa5967403d082aa24f35e1b516d23) [PhysX] Initialized MultithreadedTaskDispatcher with 18 workers.
 -> (artifact id: '65ec0d6ebcb2381eaf269df2f6c85d68') in 0.056836 seconds
Number of updated asset objects reloaded before import = 0
Number of asset objects unloaded after import = 283
========================================================================
Received Import Request.
  Time since last request: 0.000050 seconds.
  path: Assets/npc_casual_set_00/Prefabs/Prefabs_Parts/npc_csl_shirtopenrolled_00m_torso.prefab
  artifactKey: Guid(2355c921d3b387248a6a489a1b42f6f3) Importer(2089858483,0ecaa5967403d082aa24f35e1b516d23)
Start importing Assets/npc_casual_set_00/Prefabs/Prefabs_Parts/npc_csl_shirtopenrolled_00m_torso.prefab using Guid(2355c921d3b387248a6a489a1b42f6f3) Importer(2089858483,0ecaa5967403d082aa24f35e1b516d23) [PhysX] Initialized MultithreadedTaskDispatcher with 18 workers.
 -> (artifact id: '6f2b6981266e3a853ea6d9f69d289f08') in 0.057831 seconds
Number of updated asset objects reloaded before import = 0
Number of asset objects unloaded after import = 283
========================================================================
Received Import Request.
  Time since last request: 0.000055 seconds.
  path: Assets/npc_casual_set_00/Mesh/Mesh_Parts/npc_hmn_01f_upperbody1.fbx
  artifactKey: Guid(686d3462ef286ee4ba99b85fcd466575) Importer(2089858483,0ecaa5967403d082aa24f35e1b516d23)
Start importing Assets/npc_casual_set_00/Mesh/Mesh_Parts/npc_hmn_01f_upperbody1.fbx using Guid(686d3462ef286ee4ba99b85fcd466575) Importer(2089858483,0ecaa5967403d082aa24f35e1b516d23) [PhysX] Initialized MultithreadedTaskDispatcher with 18 workers.
 -> (artifact id: 'a66a940f2ae16ce9e080cdc7b35c4bdc') in 0.195094 seconds
Number of updated asset objects reloaded before import = 0
Number of asset objects unloaded after import = 145
========================================================================
Received Import Request.
  Time since last request: 0.000059 seconds.
  path: Assets/npc_casual_set_00/Prefabs/Prefabs_Parts/npc_hmn_01f_lowerbody5.prefab
  artifactKey: Guid(6f0c1aab99a7ce24ea5923ef145f2779) Importer(2089858483,0ecaa5967403d082aa24f35e1b516d23)
Start importing Assets/npc_casual_set_00/Prefabs/Prefabs_Parts/npc_hmn_01f_lowerbody5.prefab using Guid(6f0c1aab99a7ce24ea5923ef145f2779) Importer(2089858483,0ecaa5967403d082aa24f35e1b516d23) [PhysX] Initialized MultithreadedTaskDispatcher with 18 workers.
 -> (artifact id: 'ab5fb3559b70c3df8781e9ca36431d9d') in 0.058671 seconds
Number of updated asset objects reloaded before import = 0
Number of asset objects unloaded after import = 283
========================================================================
Received Import Request.
  Time since last request: 0.000058 seconds.
  path: Assets/npc_casual_set_00/Prefabs/Prefabs_Parts/npc_hmn_01f_upperbody6.prefab
  artifactKey: Guid(a6dcf866b6218a5409953e3e0955188e) Importer(2089858483,0ecaa5967403d082aa24f35e1b516d23)
Start importing Assets/npc_casual_set_00/Prefabs/Prefabs_Parts/npc_hmn_01f_upperbody6.prefab using Guid(a6dcf866b6218a5409953e3e0955188e) Importer(2089858483,0ecaa5967403d082aa24f35e1b516d23) [PhysX] Initialized MultithreadedTaskDispatcher with 18 workers.
 -> (artifact id: '7af8c75b0a7be0da2e2533e79479adce') in 0.138119 seconds
Number of updated asset objects reloaded before import = 0
Number of asset objects unloaded after import = 283
========================================================================
Received Import Request.
  Time since last request: 0.000053 seconds.
  path: Assets/npc_casual_set_00/Prefabs/Prefabs_Parts/npc_hmn_01f_lowerbody2.prefab
  artifactKey: Guid(7c4db68364110444daee01009088d2c2) Importer(2089858483,0ecaa5967403d082aa24f35e1b516d23)
Start importing Assets/npc_casual_set_00/Prefabs/Prefabs_Parts/npc_hmn_01f_lowerbody2.prefab using Guid(7c4db68364110444daee01009088d2c2) Importer(2089858483,0ecaa5967403d082aa24f35e1b516d23) [PhysX] Initialized MultithreadedTaskDispatcher with 18 workers.
 -> (artifact id: 'ef08ca53f3f331b0d14e2675199e5ee6') in 0.053610 seconds
Number of updated asset objects reloaded before import = 0
Number of asset objects unloaded after import = 283
========================================================================
Received Import Request.
  Time since last request: 0.000049 seconds.
  path: Assets/npc_casual_set_00/Prefabs/Prefabs_Parts/npc_hmn_01f_upperbody1.prefab
  artifactKey: Guid(9a242b5b9738c3943b0ec64e6deb0f11) Importer(2089858483,0ecaa5967403d082aa24f35e1b516d23)
Start importing Assets/npc_casual_set_00/Prefabs/Prefabs_Parts/npc_hmn_01f_upperbody1.prefab using Guid(9a242b5b9738c3943b0ec64e6deb0f11) Importer(2089858483,0ecaa5967403d082aa24f35e1b516d23) [PhysX] Initialized MultithreadedTaskDispatcher with 18 workers.
 -> (artifact id: '3b763335a1ff370cf3b7c18a169f153a') in 0.059082 seconds
Number of updated asset objects reloaded before import = 0
Number of asset objects unloaded after import = 283
========================================================================
Received Import Request.
  Time since last request: 0.000101 seconds.
  path: Assets/npc_casual_set_00/Prefabs/Prefabs_Parts/npc_hmn_01f_lowerbody3.prefab
  artifactKey: Guid(cdfea838533a09747b55cb58231249e1) Importer(2089858483,0ecaa5967403d082aa24f35e1b516d23)
Start importing Assets/npc_casual_set_00/Prefabs/Prefabs_Parts/npc_hmn_01f_lowerbody3.prefab using Guid(cdfea838533a09747b55cb58231249e1) Importer(2089858483,0ecaa5967403d082aa24f35e1b516d23) [PhysX] Initialized MultithreadedTaskDispatcher with 18 workers.
 -> (artifact id: '12e316371cfbcaf51b62b1ac4317a2e4') in 0.052336 seconds
Number of updated asset objects reloaded before import = 0
Number of asset objects unloaded after import = 283
========================================================================
Received Import Request.
  Time since last request: 0.000045 seconds.
  path: Assets/nappin/OfficeEssentialsPack/Prefabs/(Prb)PenHolder.prefab
  artifactKey: Guid(0177ee00efab698438288ebb753747ce) Importer(2089858483,0ecaa5967403d082aa24f35e1b516d23)
Start importing Assets/nappin/OfficeEssentialsPack/Prefabs/(Prb)PenHolder.prefab using Guid(0177ee00efab698438288ebb753747ce) Importer(2089858483,0ecaa5967403d082aa24f35e1b516d23) [PhysX] Initialized MultithreadedTaskDispatcher with 18 workers.
 -> (artifact id: '62f715f8d9b6e9ef6a590221da611207') in 0.075607 seconds
Number of updated asset objects reloaded before import = 0
Number of asset objects unloaded after import = 30
========================================================================
Received Import Request.
  Time since last request: 0.000048 seconds.
  path: Assets/npc_casual_set_00/Mesh/Mesh_Parts/npc_csl_tshirt_00m_parts.fbx
  artifactKey: Guid(7aa2868bae9fe834eb30836ccabbddce) Importer(2089858483,0ecaa5967403d082aa24f35e1b516d23)
Start importing Assets/npc_casual_set_00/Mesh/Mesh_Parts/npc_csl_tshirt_00m_parts.fbx using Guid(7aa2868bae9fe834eb30836ccabbddce) Importer(2089858483,0ecaa5967403d082aa24f35e1b516d23) [PhysX] Initialized MultithreadedTaskDispatcher with 18 workers.
 -> (artifact id: 'a5801e5f0a155a3f484eae5b9a31d8f2') in 0.263712 seconds
Number of updated asset objects reloaded before import = 0
Number of asset objects unloaded after import = 205
========================================================================
Received Import Request.
  Time since last request: 0.000058 seconds.
  path: Assets/npc_casual_set_00/Prefabs/Prefabs_Parts/npc_hmn_01m_lowerbody3.prefab
  artifactKey: Guid(5402ebfa737502247a9605be6ba75340) Importer(2089858483,0ecaa5967403d082aa24f35e1b516d23)
Start importing Assets/npc_casual_set_00/Prefabs/Prefabs_Parts/npc_hmn_01m_lowerbody3.prefab using Guid(5402ebfa737502247a9605be6ba75340) Importer(2089858483,0ecaa5967403d082aa24f35e1b516d23) [PhysX] Initialized MultithreadedTaskDispatcher with 18 workers.
 -> (artifact id: 'a3a9fede3d716228944110154d76f79b') in 0.042550 seconds
Number of updated asset objects reloaded before import = 0
Number of asset objects unloaded after import = 283
========================================================================
Received Import Request.
  Time since last request: 0.000082 seconds.
  path: Assets/npc_casual_set_00/Prefabs/Prefabs_Parts/npc_hmn_01m_arms3.prefab
  artifactKey: Guid(8a9d00acfb1d3a24290dbe5afeef3287) Importer(2089858483,0ecaa5967403d082aa24f35e1b516d23)
Start importing Assets/npc_casual_set_00/Prefabs/Prefabs_Parts/npc_hmn_01m_arms3.prefab using Guid(8a9d00acfb1d3a24290dbe5afeef3287) Importer(2089858483,0ecaa5967403d082aa24f35e1b516d23) [PhysX] Initialized MultithreadedTaskDispatcher with 18 workers.
 -> (artifact id: 'f28d2ec50daadb5a4f73c797e3c99317') in 0.057505 seconds
Number of updated asset objects reloaded before import = 0
Number of asset objects unloaded after import = 283
========================================================================
Received Import Request.
  Time since last request: 0.000038 seconds.
  path: Assets/npc_casual_set_00/Prefabs/Prefabs_Parts/npc_hmn_01m_torso3.prefab
  artifactKey: Guid(ad19db0ec0961cc4da1407ec275550a1) Importer(2089858483,0ecaa5967403d082aa24f35e1b516d23)
Start importing Assets/npc_casual_set_00/Prefabs/Prefabs_Parts/npc_hmn_01m_torso3.prefab using Guid(ad19db0ec0961cc4da1407ec275550a1) Importer(2089858483,0ecaa5967403d082aa24f35e1b516d23) [PhysX] Initialized MultithreadedTaskDispatcher with 18 workers.
 -> (artifact id: '2dde0d9790f1dce18a8c8f32b6da5f2a') in 0.058387 seconds
Number of updated asset objects reloaded before import = 0
Number of asset objects unloaded after import = 283
========================================================================
Received Import Request.
  Time since last request: 0.000037 seconds.
  path: Assets/npc_casual_set_00/Prefabs/Prefabs_Parts/npc_hmn_01m_arms6.prefab
  artifactKey: Guid(7ed574b1552b29e4fa1b0f8a5eb90183) Importer(2089858483,0ecaa5967403d082aa24f35e1b516d23)
Start importing Assets/npc_casual_set_00/Prefabs/Prefabs_Parts/npc_hmn_01m_arms6.prefab using Guid(7ed574b1552b29e4fa1b0f8a5eb90183) Importer(2089858483,0ecaa5967403d082aa24f35e1b516d23) [PhysX] Initialized MultithreadedTaskDispatcher with 18 workers.
 -> (artifact id: '22e775d3df246b51f4db0a5f9666bcd2') in 0.058786 seconds
Number of updated asset objects reloaded before import = 0
Number of asset objects unloaded after import = 283
========================================================================
Received Import Request.
  Time since last request: 0.000051 seconds.
  path: Assets/nappin/OfficeEssentialsPack/Prefabs/(Prb)OfficeChair.prefab
  artifactKey: Guid(3713613c4ffcd6945900432c53af79b8) Importer(2089858483,0ecaa5967403d082aa24f35e1b516d23)
Start importing Assets/nappin/OfficeEssentialsPack/Prefabs/(Prb)OfficeChair.prefab using Guid(3713613c4ffcd6945900432c53af79b8) Importer(2089858483,0ecaa5967403d082aa24f35e1b516d23) [PhysX] Initialized MultithreadedTaskDispatcher with 18 workers.
 -> (artifact id: '76aed0211f074f2ab64623fa340e4390') in 0.051893 seconds
Number of updated asset objects reloaded before import = 0
Number of asset objects unloaded after import = 10
========================================================================
Received Import Request.
  Time since last request: 0.000072 seconds.
  path: Assets/npc_casual_set_00/Prefabs/Prefabs_Parts/npc_csl_shirtopenrolled_00f_sleeves.prefab
  artifactKey: Guid(a05ff32f21ba11b4297aca2daca5ebc8) Importer(2089858483,0ecaa5967403d082aa24f35e1b516d23)
Start importing Assets/npc_casual_set_00/Prefabs/Prefabs_Parts/npc_csl_shirtopenrolled_00f_sleeves.prefab using Guid(a05ff32f21ba11b4297aca2daca5ebc8) Importer(2089858483,0ecaa5967403d082aa24f35e1b516d23) [PhysX] Initialized MultithreadedTaskDispatcher with 18 workers.
 -> (artifact id: '294e83f52de5c472d80ab17710fae497') in 0.059210 seconds
Number of updated asset objects reloaded before import = 0
Number of asset objects unloaded after import = 283
========================================================================
Received Import Request.
  Time since last request: 0.000058 seconds.
  path: Assets/Scenes/ZNS3D/Prefabs/carpet_1.prefab
  artifactKey: Guid(bf9629aaf2e4ab14498d601563585ce4) Importer(2089858483,0ecaa5967403d082aa24f35e1b516d23)
Start importing Assets/Scenes/ZNS3D/Prefabs/carpet_1.prefab using Guid(bf9629aaf2e4ab14498d601563585ce4) Importer(2089858483,0ecaa5967403d082aa24f35e1b516d23) [PhysX] Initialized MultithreadedTaskDispatcher with 18 workers.
 -> (artifact id: '7c26c4016b8b5271affd4e1063fc8412') in 0.066194 seconds
Number of updated asset objects reloaded before import = 0
Number of asset objects unloaded after import = 7
========================================================================
Received Import Request.
  Time since last request: 0.000042 seconds.
  path: Assets/Scenes/ZNS3D/Prefabs/clock_wall.prefab
  artifactKey: Guid(a4b1276aff9e45d40818904c02bf6545) Importer(2089858483,0ecaa5967403d082aa24f35e1b516d23)
Start importing Assets/Scenes/ZNS3D/Prefabs/clock_wall.prefab using Guid(a4b1276aff9e45d40818904c02bf6545) Importer(2089858483,0ecaa5967403d082aa24f35e1b516d23) [PhysX] Initialized MultithreadedTaskDispatcher with 18 workers.
 -> (artifact id: 'ee3ecae6f666413f5b4be639f9cdb069') in 0.065893 seconds
Number of updated asset objects reloaded before import = 0
Number of asset objects unloaded after import = 7
========================================================================
Received Import Request.
  Time since last request: 0.000063 seconds.
  path: Assets/npc_casual_set_00/Prefabs/Prefabs_Parts/npc_hmn_01m_upperbody4.prefab
  artifactKey: Guid(b5151af02a3c91f45ad1f47b1edc0722) Importer(2089858483,0ecaa5967403d082aa24f35e1b516d23)
Start importing Assets/npc_casual_set_00/Prefabs/Prefabs_Parts/npc_hmn_01m_upperbody4.prefab using Guid(b5151af02a3c91f45ad1f47b1edc0722) Importer(2089858483,0ecaa5967403d082aa24f35e1b516d23) [PhysX] Initialized MultithreadedTaskDispatcher with 18 workers.
 -> (artifact id: '9f957c4951cf5d0b4c7235325f34d934') in 0.062379 seconds
Number of updated asset objects reloaded before import = 0
Number of asset objects unloaded after import = 283
========================================================================
Received Import Request.
  Time since last request: 0.000055 seconds.
  path: Assets/Scenes/ZNS3D/Prefabs/ceramic_teapot.prefab
  artifactKey: Guid(b3770a25f84a3274ca3848a0e16463a1) Importer(2089858483,0ecaa5967403d082aa24f35e1b516d23)
Start importing Assets/Scenes/ZNS3D/Prefabs/ceramic_teapot.prefab using Guid(b3770a25f84a3274ca3848a0e16463a1) Importer(2089858483,0ecaa5967403d082aa24f35e1b516d23) [PhysX] Initialized MultithreadedTaskDispatcher with 18 workers.
 -> (artifact id: '85e3b6db7c06e3efa75f0a1edf9c9917') in 0.058605 seconds
Number of updated asset objects reloaded before import = 0
Number of asset objects unloaded after import = 7
========================================================================
Received Import Request.
  Time since last request: 0.000052 seconds.
  path: Assets/Scenes/ZNS3D/Prefabs/carpet_2.prefab
  artifactKey: Guid(4f854f68bcd4c274d8a58286422d116c) Importer(2089858483,0ecaa5967403d082aa24f35e1b516d23)
Start importing Assets/Scenes/ZNS3D/Prefabs/carpet_2.prefab using Guid(4f854f68bcd4c274d8a58286422d116c) Importer(2089858483,0ecaa5967403d082aa24f35e1b516d23) [PhysX] Initialized MultithreadedTaskDispatcher with 18 workers.
 -> (artifact id: 'e1cd0b35382c115a2231dc953efcb404') in 0.060670 seconds
Number of updated asset objects reloaded before import = 0
Number of asset objects unloaded after import = 7
========================================================================
Received Import Request.
  Time since last request: 0.000061 seconds.
  path: Assets/Scenes/ZNS3D/Prefabs/ceiling_small.prefab
  artifactKey: Guid(69f6ba1c92ed9a24881b5074233e2b34) Importer(2089858483,0ecaa5967403d082aa24f35e1b516d23)
Start importing Assets/Scenes/ZNS3D/Prefabs/ceiling_small.prefab using Guid(69f6ba1c92ed9a24881b5074233e2b34) Importer(2089858483,0ecaa5967403d082aa24f35e1b516d23) [PhysX] Initialized MultithreadedTaskDispatcher with 18 workers.
 -> (artifact id: 'd7d1af5339786871863c2f49b02e3d00') in 0.052426 seconds
Number of updated asset objects reloaded before import = 0
Number of asset objects unloaded after import = 7
========================================================================
Received Import Request.
  Time since last request: 0.000055 seconds.
  path: Assets/nappin/OfficeEssentialsPack/Prefabs/(Prb)WaterGarden.prefab
  artifactKey: Guid(2d96fb7ed786a5646a75d8a849edc8f4) Importer(2089858483,0ecaa5967403d082aa24f35e1b516d23)
Start importing Assets/nappin/OfficeEssentialsPack/Prefabs/(Prb)WaterGarden.prefab using Guid(2d96fb7ed786a5646a75d8a849edc8f4) Importer(2089858483,0ecaa5967403d082aa24f35e1b516d23) [PhysX] Initialized MultithreadedTaskDispatcher with 18 workers.
 -> (artifact id: 'ee8ce541a319e71a36707ff6657e5103') in 0.072810 seconds
Number of updated asset objects reloaded before import = 0
Number of asset objects unloaded after import = 18
========================================================================
Received Import Request.
  Time since last request: 0.000055 seconds.
  path: Assets/Scenes/ZNS3D/Prefabs/tv.prefab
  artifactKey: Guid(42a7acd56b9b4c44f91e4d393ed2adc8) Importer(2089858483,0ecaa5967403d082aa24f35e1b516d23)
Start importing Assets/Scenes/ZNS3D/Prefabs/tv.prefab using Guid(42a7acd56b9b4c44f91e4d393ed2adc8) Importer(2089858483,0ecaa5967403d082aa24f35e1b516d23) [PhysX] Initialized MultithreadedTaskDispatcher with 18 workers.
 -> (artifact id: '576e8c756547194afc88135eaa4dc0cc') in 0.063164 seconds
Number of updated asset objects reloaded before import = 0
Number of asset objects unloaded after import = 7
========================================================================
Received Import Request.
  Time since last request: 0.000034 seconds.
  path: Assets/Scenes/ZNS3D/Prefabs/painting_4.prefab
  artifactKey: Guid(952661aeaaac92e4ba30c38d42acd9e7) Importer(2089858483,0ecaa5967403d082aa24f35e1b516d23)
Start importing Assets/Scenes/ZNS3D/Prefabs/painting_4.prefab using Guid(952661aeaaac92e4ba30c38d42acd9e7) Importer(2089858483,0ecaa5967403d082aa24f35e1b516d23) [PhysX] Initialized MultithreadedTaskDispatcher with 18 workers.
 -> (artifact id: '9431a2b1ac9ed47107098b3adb48b317') in 0.052719 seconds
Number of updated asset objects reloaded before import = 0
Number of asset objects unloaded after import = 7
========================================================================
Received Import Request.
  Time since last request: 0.000049 seconds.
  path: Assets/Scenes/ZNS3D/Prefabs/wall_corner_double.prefab
  artifactKey: Guid(d6368354ea574fc44857319ed6b69786) Importer(2089858483,0ecaa5967403d082aa24f35e1b516d23)
Start importing Assets/Scenes/ZNS3D/Prefabs/wall_corner_double.prefab using Guid(d6368354ea574fc44857319ed6b69786) Importer(2089858483,0ecaa5967403d082aa24f35e1b516d23) [PhysX] Initialized MultithreadedTaskDispatcher with 18 workers.
 -> (artifact id: '052ea91c328668180bb0ab5e9c249a9c') in 0.061363 seconds
Number of updated asset objects reloaded before import = 0
Number of asset objects unloaded after import = 7
========================================================================
Received Import Request.
  Time since last request: 0.000056 seconds.
  path: Assets/Scenes/ZNS3D/Prefabs/photo_2.prefab
  artifactKey: Guid(1c75491b61fd45447a5071a7c72b06cc) Importer(2089858483,0ecaa5967403d082aa24f35e1b516d23)
Start importing Assets/Scenes/ZNS3D/Prefabs/photo_2.prefab using Guid(1c75491b61fd45447a5071a7c72b06cc) Importer(2089858483,0ecaa5967403d082aa24f35e1b516d23) [PhysX] Initialized MultithreadedTaskDispatcher with 18 workers.
 -> (artifact id: '2da7aa17649a3c4a03fac27d85c3648b') in 0.059599 seconds
Number of updated asset objects reloaded before import = 0
Number of asset objects unloaded after import = 7
========================================================================
Received Import Request.
  Time since last request: 0.000053 seconds.
  path: Assets/Scenes/ZNS3D/Prefabs/light_tall.prefab
  artifactKey: Guid(6f0b3353792664245b8b0f24ee37a48f) Importer(2089858483,0ecaa5967403d082aa24f35e1b516d23)
Start importing Assets/Scenes/ZNS3D/Prefabs/light_tall.prefab using Guid(6f0b3353792664245b8b0f24ee37a48f) Importer(2089858483,0ecaa5967403d082aa24f35e1b516d23) [PhysX] Initialized MultithreadedTaskDispatcher with 18 workers.
 -> (artifact id: '51d94ad50c8123c3961681e09bd0d21a') in 0.060219 seconds
Number of updated asset objects reloaded before import = 0
Number of asset objects unloaded after import = 7
========================================================================
Received Import Request.
  Time since last request: 0.000043 seconds.
  path: Assets/Scenes/ZNS3D/Prefabs/photo_5.prefab
  artifactKey: Guid(3f29ba4dd45abe542b88e37da5ee26a9) Importer(2089858483,0ecaa5967403d082aa24f35e1b516d23)
Start importing Assets/Scenes/ZNS3D/Prefabs/photo_5.prefab using Guid(3f29ba4dd45abe542b88e37da5ee26a9) Importer(2089858483,0ecaa5967403d082aa24f35e1b516d23) [PhysX] Initialized MultithreadedTaskDispatcher with 18 workers.
 -> (artifact id: 'e561389836e0ad4868ec33c4381b03c5') in 0.063972 seconds
Number of updated asset objects reloaded before import = 0
Number of asset objects unloaded after import = 7
========================================================================
Received Import Request.
  Time since last request: 0.000044 seconds.
  path: Assets/Scenes/ZNS3D/Prefabs/phone.prefab
  artifactKey: Guid(cd2b2d0789991ca448a5144177d16475) Importer(2089858483,0ecaa5967403d082aa24f35e1b516d23)
Start importing Assets/Scenes/ZNS3D/Prefabs/phone.prefab using Guid(cd2b2d0789991ca448a5144177d16475) Importer(2089858483,0ecaa5967403d082aa24f35e1b516d23) [PhysX] Initialized MultithreadedTaskDispatcher with 18 workers.
 -> (artifact id: '8fcabdfcb01d86e772d72a405f3f6042') in 0.051132 seconds
Number of updated asset objects reloaded before import = 0
Number of asset objects unloaded after import = 7
========================================================================
Received Import Request.
  Time since last request: 0.000051 seconds.
  path: Assets/Scenes/ZNS3D/Prefabs/painting_2.prefab
  artifactKey: Guid(20588b3052123cc46ac2afc3a26650f9) Importer(2089858483,0ecaa5967403d082aa24f35e1b516d23)
Start importing Assets/Scenes/ZNS3D/Prefabs/painting_2.prefab using Guid(20588b3052123cc46ac2afc3a26650f9) Importer(2089858483,0ecaa5967403d082aa24f35e1b516d23) [PhysX] Initialized MultithreadedTaskDispatcher with 18 workers.
 -> (artifact id: 'eaf96ef6951f745dff496f06e0e74e3c') in 0.062841 seconds
Number of updated asset objects reloaded before import = 0
Number of asset objects unloaded after import = 7
========================================================================
Received Import Request.
  Time since last request: 0.000066 seconds.
  path: Assets/npc_casual_set_00/Mesh/Mesh_Parts/npc_hmn_01m_arms4.fbx
  artifactKey: Guid(53e55fff22e8edd41adb1ab5f3558259) Importer(2089858483,0ecaa5967403d082aa24f35e1b516d23)
Start importing Assets/npc_casual_set_00/Mesh/Mesh_Parts/npc_hmn_01m_arms4.fbx using Guid(53e55fff22e8edd41adb1ab5f3558259) Importer(2089858483,0ecaa5967403d082aa24f35e1b516d23) [PhysX] Initialized MultithreadedTaskDispatcher with 18 workers.
 -> (artifact id: 'fa56edd100a8239af26a69e507874074') in 0.136146 seconds
Number of updated asset objects reloaded before import = 0
Number of asset objects unloaded after import = 145
========================================================================
Received Import Request.
  Time since last request: 0.000053 seconds.
  path: Assets/JustPlay/Сomputer devices/Objects/Speakers/Speakers.fbx
  artifactKey: Guid(0f61b2e9299727f478b8d53358ab88fa) Importer(2089858483,0ecaa5967403d082aa24f35e1b516d23)
Start importing Assets/JustPlay/Сomputer devices/Objects/Speakers/Speakers.fbx using Guid(0f61b2e9299727f478b8d53358ab88fa) Importer(2089858483,0ecaa5967403d082aa24f35e1b516d23) [PhysX] Initialized MultithreadedTaskDispatcher with 18 workers.
 -> (artifact id: 'de24424fb3939e9dd33d3975c1b1c157') in 0.105720 seconds
Number of updated asset objects reloaded before import = 0
Number of asset objects unloaded after import = 7
========================================================================
Received Import Request.
  Time since last request: 0.000171 seconds.
  path: Assets/JustPlay/Сomputer devices/Objects/Monitor 2/Monitor 2.mat
  artifactKey: Guid(672fda30967125f4f94bf0e3b15fa6b7) Importer(2089858483,0ecaa5967403d082aa24f35e1b516d23)
Start importing Assets/JustPlay/Сomputer devices/Objects/Monitor 2/Monitor 2.mat using Guid(672fda30967125f4f94bf0e3b15fa6b7) Importer(2089858483,0ecaa5967403d082aa24f35e1b516d23) [PhysX] Initialized MultithreadedTaskDispatcher with 18 workers.
 -> (artifact id: '7132bd85cb37a826f674ab8dc0053bff') in 0.177651 seconds
Number of updated asset objects reloaded before import = 0
Number of asset objects unloaded after import = 5
========================================================================
Received Import Request.
  Time since last request: 0.000043 seconds.
  path: Assets/JustPlay/Сomputer devices/Objects/Phone/Phone.fbx
  artifactKey: Guid(6512534c72faedd458036bbb59d099c3) Importer(2089858483,0ecaa5967403d082aa24f35e1b516d23)
Start importing Assets/JustPlay/Сomputer devices/Objects/Phone/Phone.fbx using Guid(6512534c72faedd458036bbb59d099c3) Importer(2089858483,0ecaa5967403d082aa24f35e1b516d23) [PhysX] Initialized MultithreadedTaskDispatcher with 18 workers.
 -> (artifact id: 'a6fb6902eeec352638e140046c6c91f0') in 0.183018 seconds
Number of updated asset objects reloaded before import = 0
Number of asset objects unloaded after import = 20
========================================================================
Received Import Request.
  Time since last request: 0.000071 seconds.
  path: Assets/Scenes/ZNS3D/Vintage Living Room Game Pack/Meshes/book_7.fbx
  artifactKey: Guid(b461b5670ef4feb41b25a8feea88e3a6) Importer(2089858483,0ecaa5967403d082aa24f35e1b516d23)
Start importing Assets/Scenes/ZNS3D/Vintage Living Room Game Pack/Meshes/book_7.fbx using Guid(b461b5670ef4feb41b25a8feea88e3a6) Importer(2089858483,0ecaa5967403d082aa24f35e1b516d23) [PhysX] Initialized MultithreadedTaskDispatcher with 18 workers.
 -> (artifact id: 'e7efa450bd8a70a43852abbd7814b4b5') in 0.116025 seconds
Number of updated asset objects reloaded before import = 0
Number of asset objects unloaded after import = 10
========================================================================
Received Import Request.
  Time since last request: 0.000072 seconds.
  path: Assets/Scenes/ZNS3D/Vintage Living Room Game Pack/Meshes/book_6.fbx
  artifactKey: Guid(d8f5e1916fdecca4280e9f2d4c34fd9e) Importer(2089858483,0ecaa5967403d082aa24f35e1b516d23)
Start importing Assets/Scenes/ZNS3D/Vintage Living Room Game Pack/Meshes/book_6.fbx using Guid(d8f5e1916fdecca4280e9f2d4c34fd9e) Importer(2089858483,0ecaa5967403d082aa24f35e1b516d23) [PhysX] Initialized MultithreadedTaskDispatcher with 18 workers.
 -> (artifact id: 'dc45c428c555e103a2652ad593b68ac4') in 0.120787 seconds
Number of updated asset objects reloaded before import = 0
Number of asset objects unloaded after import = 10
========================================================================
Received Import Request.
  Time since last request: 0.000038 seconds.
  path: Assets/Scenes/ZNS3D/Vintage Living Room Game Pack/Meshes/book_2.fbx
  artifactKey: Guid(47135619bdb9c114086920b58eb2fd42) Importer(2089858483,0ecaa5967403d082aa24f35e1b516d23)
Start importing Assets/Scenes/ZNS3D/Vintage Living Room Game Pack/Meshes/book_2.fbx using Guid(47135619bdb9c114086920b58eb2fd42) Importer(2089858483,0ecaa5967403d082aa24f35e1b516d23) [PhysX] Initialized MultithreadedTaskDispatcher with 18 workers.
 -> (artifact id: '4ee1f407cbc4a895177a4660d9527ce1') in 0.112495 seconds
Number of updated asset objects reloaded before import = 0
Number of asset objects unloaded after import = 10
========================================================================
Received Import Request.
  Time since last request: 0.000049 seconds.
  path: Assets/Scenes/ZNS3D/Vintage Living Room Game Pack/Materials/Glass 1.mat
  artifactKey: Guid(199461c31162cf64aafad695d2710825) Importer(2089858483,0ecaa5967403d082aa24f35e1b516d23)
Start importing Assets/Scenes/ZNS3D/Vintage Living Room Game Pack/Materials/Glass 1.mat using Guid(199461c31162cf64aafad695d2710825) Importer(2089858483,0ecaa5967403d082aa24f35e1b516d23) [PhysX] Initialized MultithreadedTaskDispatcher with 18 workers.
 -> (artifact id: 'dd0f61cfc75f90e046c2188f3fc35b67') in 0.054987 seconds
Number of updated asset objects reloaded before import = 0
Number of asset objects unloaded after import = 1
========================================================================
Received Import Request.
  Time since last request: 0.000091 seconds.
  path: Assets/JustPlay/Сomputer devices/Objects/Keyboard/Keyboard.mat
  artifactKey: Guid(94f6b4c4acb31224cae25ff7bfaa07a5) Importer(2089858483,0ecaa5967403d082aa24f35e1b516d23)
Start importing Assets/JustPlay/Сomputer devices/Objects/Keyboard/Keyboard.mat using Guid(94f6b4c4acb31224cae25ff7bfaa07a5) Importer(2089858483,0ecaa5967403d082aa24f35e1b516d23) [PhysX] Initialized MultithreadedTaskDispatcher with 18 workers.
 -> (artifact id: 'ecf658af71ec80b64ee13ebb7598416d') in 0.084391 seconds
Number of updated asset objects reloaded before import = 0
Number of asset objects unloaded after import = 7
========================================================================
Received Import Request.
  Time since last request: 0.000061 seconds.
  path: Assets/Scenes/ZNS3D/Vintage Living Room Game Pack/Meshes/floor_small.fbx
  artifactKey: Guid(3adc8ae31a0b08e4289c37f375d86646) Importer(2089858483,0ecaa5967403d082aa24f35e1b516d23)
Start importing Assets/Scenes/ZNS3D/Vintage Living Room Game Pack/Meshes/floor_small.fbx using Guid(3adc8ae31a0b08e4289c37f375d86646) Importer(2089858483,0ecaa5967403d082aa24f35e1b516d23) [PhysX] Initialized MultithreadedTaskDispatcher with 18 workers.
 -> (artifact id: '1a4d02e12e89f406e302314c4d7e7c08') in 0.109322 seconds
Number of updated asset objects reloaded before import = 0
Number of asset objects unloaded after import = 10
========================================================================
Received Import Request.
  Time since last request: 0.000043 seconds.
  path: Assets/Scenes/ZNS3D/Vintage Living Room Game Pack/Meshes/curtain_2.fbx
  artifactKey: Guid(7c3b83889b7df884785dc243960ac365) Importer(2089858483,0ecaa5967403d082aa24f35e1b516d23)
Start importing Assets/Scenes/ZNS3D/Vintage Living Room Game Pack/Meshes/curtain_2.fbx using Guid(7c3b83889b7df884785dc243960ac365) Importer(2089858483,0ecaa5967403d082aa24f35e1b516d23) [PhysX] Initialized MultithreadedTaskDispatcher with 18 workers.
 -> (artifact id: '1289894d3b978aaedab86f41e1326ffc') in 0.109802 seconds
Number of updated asset objects reloaded before import = 0
Number of asset objects unloaded after import = 10
========================================================================
Received Import Request.
  Time since last request: 0.000053 seconds.
  path: Assets/Scenes/ZNS3D/Vintage Living Room Game Pack/Meshes/light_tall.fbx
  artifactKey: Guid(86067446c8956df41b3bf913feb79056) Importer(2089858483,0ecaa5967403d082aa24f35e1b516d23)
Start importing Assets/Scenes/ZNS3D/Vintage Living Room Game Pack/Meshes/light_tall.fbx using Guid(86067446c8956df41b3bf913feb79056) Importer(2089858483,0ecaa5967403d082aa24f35e1b516d23) [PhysX] Initialized MultithreadedTaskDispatcher with 18 workers.
 -> (artifact id: '968021688469d3c0c4fae701add2504d') in 0.118011 seconds
Number of updated asset objects reloaded before import = 0
Number of asset objects unloaded after import = 10
========================================================================
Received Import Request.
  Time since last request: 0.000073 seconds.
  path: Assets/Scenes/ZNS3D/Vintage Living Room Game Pack/Meshes/ceramic_teapot.fbx
  artifactKey: Guid(06ff5105c9c4edd4da1c35961af18047) Importer(2089858483,0ecaa5967403d082aa24f35e1b516d23)
Start importing Assets/Scenes/ZNS3D/Vintage Living Room Game Pack/Meshes/ceramic_teapot.fbx using Guid(06ff5105c9c4edd4da1c35961af18047) Importer(2089858483,0ecaa5967403d082aa24f35e1b516d23) [PhysX] Initialized MultithreadedTaskDispatcher with 18 workers.
 -> (artifact id: '2669700fcd2b699e82c6d504f1f5ea27') in 0.116530 seconds
Number of updated asset objects reloaded before import = 0
Number of asset objects unloaded after import = 10
========================================================================
Received Import Request.
  Time since last request: 0.000049 seconds.
  path: Assets/Scenes/ZNS3D/Vintage Living Room Game Pack/Materials/New Material.mat
  artifactKey: Guid(466c55fb70775bf45b6dcad976ac9e9f) Importer(2089858483,0ecaa5967403d082aa24f35e1b516d23)
Start importing Assets/Scenes/ZNS3D/Vintage Living Room Game Pack/Materials/New Material.mat using Guid(466c55fb70775bf45b6dcad976ac9e9f) Importer(2089858483,0ecaa5967403d082aa24f35e1b516d23) [PhysX] Initialized MultithreadedTaskDispatcher with 18 workers.
 -> (artifact id: '03cb3d511c6becc7eb831cd177f87301') in 0.043298 seconds
Number of updated asset objects reloaded before import = 0
Number of asset objects unloaded after import = 1
========================================================================
Received Import Request.
  Time since last request: 0.000162 seconds.
  path: Assets/Scenes/ZNS3D/Vintage Living Room Game Pack/Meshes/wall_with_big_door.fbx
  artifactKey: Guid(1d709fa2c0bfeb1409d6ba2b4f5361f3) Importer(2089858483,0ecaa5967403d082aa24f35e1b516d23)
Start importing Assets/Scenes/ZNS3D/Vintage Living Room Game Pack/Meshes/wall_with_big_door.fbx using Guid(1d709fa2c0bfeb1409d6ba2b4f5361f3) Importer(2089858483,0ecaa5967403d082aa24f35e1b516d23) [PhysX] Initialized MultithreadedTaskDispatcher with 18 workers.
 -> (artifact id: '023d8a177e5431fd1a634ee632b5bafb') in 0.141024 seconds
Number of updated asset objects reloaded before import = 0
Number of asset objects unloaded after import = 28
========================================================================
Received Import Request.
  Time since last request: 0.000064 seconds.
  path: Assets/Scenes/ZNS3D/Vintage Living Room Game Pack/Meshes/tv_desk.fbx
  artifactKey: Guid(cd7dc6a740da35a4fb04d3a4f6b803ef) Importer(2089858483,0ecaa5967403d082aa24f35e1b516d23)
Start importing Assets/Scenes/ZNS3D/Vintage Living Room Game Pack/Meshes/tv_desk.fbx using Guid(cd7dc6a740da35a4fb04d3a4f6b803ef) Importer(2089858483,0ecaa5967403d082aa24f35e1b516d23) [PhysX] Initialized MultithreadedTaskDispatcher with 18 workers.
 -> (artifact id: '574472c1fa055bc6bf128e28b9e3aa9b') in 0.115718 seconds
Number of updated asset objects reloaded before import = 0
Number of asset objects unloaded after import = 17
========================================================================
Received Import Request.
  Time since last request: 0.000062 seconds.
  path: Assets/Scenes/ZNS3D/Vintage Living Room Game Pack/Meshes/photo_frame_desk.fbx
  artifactKey: Guid(8f63222d4f53c52429bb9baef8380ab7) Importer(2089858483,0ecaa5967403d082aa24f35e1b516d23)
Start importing Assets/Scenes/ZNS3D/Vintage Living Room Game Pack/Meshes/photo_frame_desk.fbx using Guid(8f63222d4f53c52429bb9baef8380ab7) Importer(2089858483,0ecaa5967403d082aa24f35e1b516d23) [PhysX] Initialized MultithreadedTaskDispatcher with 18 workers.
 -> (artifact id: 'd7279f74f523065da766bfbe2ecdd197') in 0.149429 seconds
Number of updated asset objects reloaded before import = 0
Number of asset objects unloaded after import = 42
========================================================================
Received Import Request.
  Time since last request: 0.000036 seconds.
  path: Assets/Scenes/ZNS3D/Vintage Living Room Game Pack/Materials/Mat_Furnitures_2.mat
  artifactKey: Guid(4a3aa1bbddb7cc0488a864758cc38bd2) Importer(2089858483,0ecaa5967403d082aa24f35e1b516d23)
Start importing Assets/Scenes/ZNS3D/Vintage Living Room Game Pack/Materials/Mat_Furnitures_2.mat using Guid(4a3aa1bbddb7cc0488a864758cc38bd2) Importer(2089858483,0ecaa5967403d082aa24f35e1b516d23) [PhysX] Initialized MultithreadedTaskDispatcher with 18 workers.
 -> (artifact id: '1f180fa29a3e5701b7f656dcd257a6ed') in 0.053300 seconds
Number of updated asset objects reloaded before import = 0
Number of asset objects unloaded after import = 1
========================================================================
Received Import Request.
  Time since last request: 0.000102 seconds.
  path: Assets/Scenes/ZNS3D/Vintage Living Room Game Pack/Meshes/sofa_small.fbx
  artifactKey: Guid(260f56dffe7e2514f95ca01031a7fee7) Importer(2089858483,0ecaa5967403d082aa24f35e1b516d23)
Start importing Assets/Scenes/ZNS3D/Vintage Living Room Game Pack/Meshes/sofa_small.fbx using Guid(260f56dffe7e2514f95ca01031a7fee7) Importer(2089858483,0ecaa5967403d082aa24f35e1b516d23) [PhysX] Initialized MultithreadedTaskDispatcher with 18 workers.
 -> (artifact id: '823edbe8c0ba34314c63a639f60819d7') in 0.129769 seconds
Number of updated asset objects reloaded before import = 0
Number of asset objects unloaded after import = 22
========================================================================
Received Import Request.
  Time since last request: 0.000040 seconds.
  path: Assets/JustPlay/Сomputer devices/Objects/Monitor/Textures/Roughness.png
  artifactKey: Guid(ce31103dfbe15294984367c787102fb8) Importer(2089858483,0ecaa5967403d082aa24f35e1b516d23)
Start importing Assets/JustPlay/Сomputer devices/Objects/Monitor/Textures/Roughness.png using Guid(ce31103dfbe15294984367c787102fb8) Importer(2089858483,0ecaa5967403d082aa24f35e1b516d23) [PhysX] Initialized MultithreadedTaskDispatcher with 18 workers.
 -> (artifact id: '9badfe500c37451c94e7163e95c2deca') in 0.101843 seconds
Number of updated asset objects reloaded before import = 0
Number of asset objects unloaded after import = 1
========================================================================
Received Import Request.
  Time since last request: 0.000086 seconds.
  path: Assets/Scenes/ZNS3D/Vintage Living Room Game Pack/Materials/Mat_Windows_Doors.mat
  artifactKey: Guid(d2844ca70a8330f45bdcc3b1519ec101) Importer(2089858483,0ecaa5967403d082aa24f35e1b516d23)
Start importing Assets/Scenes/ZNS3D/Vintage Living Room Game Pack/Materials/Mat_Windows_Doors.mat using Guid(d2844ca70a8330f45bdcc3b1519ec101) Importer(2089858483,0ecaa5967403d082aa24f35e1b516d23) [PhysX] Initialized MultithreadedTaskDispatcher with 18 workers.
 -> (artifact id: '26f201961c2308f9121dcf6ee7cd06b7') in 0.050452 seconds
Number of updated asset objects reloaded before import = 0
Number of asset objects unloaded after import = 1
========================================================================
Received Import Request.
  Time since last request: 0.000056 seconds.
  path: Assets/Scenes/ZNS3D/Vintage Living Room Game Pack/Meshes/photo_3.fbx
  artifactKey: Guid(d2f43a876affc684c89d8cf387e78d5b) Importer(2089858483,0ecaa5967403d082aa24f35e1b516d23)
Start importing Assets/Scenes/ZNS3D/Vintage Living Room Game Pack/Meshes/photo_3.fbx using Guid(d2f43a876affc684c89d8cf387e78d5b) Importer(2089858483,0ecaa5967403d082aa24f35e1b516d23) [PhysX] Initialized MultithreadedTaskDispatcher with 18 workers.
 -> (artifact id: 'c698a8e39736069a5ca2aa5ffd2b7a18') in 0.131178 seconds
Number of updated asset objects reloaded before import = 0
Number of asset objects unloaded after import = 10
========================================================================
Received Import Request.
  Time since last request: 0.000059 seconds.
  path: Assets/HorrorPuzzleItems/USBKey/Materials/USBKey_Metal.mat
  artifactKey: Guid(acb65b52aa893e4489364042a843c0dc) Importer(2089858483,0ecaa5967403d082aa24f35e1b516d23)
Start importing Assets/HorrorPuzzleItems/USBKey/Materials/USBKey_Metal.mat using Guid(acb65b52aa893e4489364042a843c0dc) Importer(2089858483,0ecaa5967403d082aa24f35e1b516d23) [PhysX] Initialized MultithreadedTaskDispatcher with 18 workers.
 -> (artifact id: '35b3a76846389354723d93f92a230a79') in 0.050727 seconds
Number of updated asset objects reloaded before import = 0
Number of asset objects unloaded after import = 2
========================================================================
Received Import Request.
  Time since last request: 0.000050 seconds.
  path: Assets/npc_casual_set_00/Prefabs/npc_haircut_c_03.prefab
  artifactKey: Guid(3584de8c08e4ca54aa287b14bcb0cb5f) Importer(2089858483,0ecaa5967403d082aa24f35e1b516d23)
Start importing Assets/npc_casual_set_00/Prefabs/npc_haircut_c_03.prefab using Guid(3584de8c08e4ca54aa287b14bcb0cb5f) Importer(2089858483,0ecaa5967403d082aa24f35e1b516d23) [PhysX] Initialized MultithreadedTaskDispatcher with 18 workers.
 -> (artifact id: 'a46819308cc379cb9f57e0b8ff3c4d3f') in 0.054885 seconds
Number of updated asset objects reloaded before import = 0
Number of asset objects unloaded after import = 275
========================================================================
Received Import Request.
  Time since last request: 0.000073 seconds.
  path: Assets/nappin/HouseInteriorPack/Models/(Msh)ShowerTemperature.fbx
  artifactKey: Guid(5043caea250d7824c9f6317c686ce9cd) Importer(2089858483,0ecaa5967403d082aa24f35e1b516d23)
Start importing Assets/nappin/HouseInteriorPack/Models/(Msh)ShowerTemperature.fbx using Guid(5043caea250d7824c9f6317c686ce9cd) Importer(2089858483,0ecaa5967403d082aa24f35e1b516d23) [PhysX] Initialized MultithreadedTaskDispatcher with 18 workers.
 -> (artifact id: '5009049661ac9b7573aa06eb0063767e') in 0.083529 seconds
Number of updated asset objects reloaded before import = 0
Number of asset objects unloaded after import = 9
========================================================================
Received Import Request.
  Time since last request: 0.000056 seconds.
  path: Assets/Scenes/ZNS3D/Vintage Living Room Game Pack/Demo/Demo_Scene/Box Volume Profile.asset
  artifactKey: Guid(82a3220c5b11613448c67cd51ba8a9e1) Importer(2089858483,0ecaa5967403d082aa24f35e1b516d23)
Start importing Assets/Scenes/ZNS3D/Vintage Living Room Game Pack/Demo/Demo_Scene/Box Volume Profile.asset using Guid(82a3220c5b11613448c67cd51ba8a9e1) Importer(2089858483,0ecaa5967403d082aa24f35e1b516d23) [PhysX] Initialized MultithreadedTaskDispatcher with 18 workers.
 -> (artifact id: 'b982b4709fdf799eff564316db8c175c') in 0.041594 seconds
Number of updated asset objects reloaded before import = 0
Number of asset objects unloaded after import = 1
========================================================================
Received Import Request.
  Time since last request: 0.000104 seconds.
  path: Assets/JustPlay/Сomputer devices/Objects/Mouse from pc/Textures/AO.png
  artifactKey: Guid(b695827e5b35c884d8b4088910eee5ab) Importer(2089858483,0ecaa5967403d082aa24f35e1b516d23)
Start importing Assets/JustPlay/Сomputer devices/Objects/Mouse from pc/Textures/AO.png using Guid(b695827e5b35c884d8b4088910eee5ab) Importer(2089858483,0ecaa5967403d082aa24f35e1b516d23) [PhysX] Initialized MultithreadedTaskDispatcher with 18 workers.
 -> (artifact id: '81edecd8fa18a31de6926692e471df88') in 0.106301 seconds
Number of updated asset objects reloaded before import = 0
Number of asset objects unloaded after import = 1
========================================================================
Received Import Request.
  Time since last request: 0.000307 seconds.
  path: Assets/nappin/HouseInteriorPack/Models/(Msh)Container3.fbx
  artifactKey: Guid(105eae09639e4cb4db1477109a3acd0d) Importer(2089858483,0ecaa5967403d082aa24f35e1b516d23)
Start importing Assets/nappin/HouseInteriorPack/Models/(Msh)Container3.fbx using Guid(105eae09639e4cb4db1477109a3acd0d) Importer(2089858483,0ecaa5967403d082aa24f35e1b516d23) [PhysX] Initialized MultithreadedTaskDispatcher with 18 workers.
 -> (artifact id: 'a6f86025587e8d2f8eba02b3596dbdb9') in 0.132858 seconds
Number of updated asset objects reloaded before import = 0
Number of asset objects unloaded after import = 86
========================================================================
Received Import Request.
  Time since last request: 0.000046 seconds.
  path: Assets/JustPlay/Сomputer devices/Objects/Phone/Textures/Roughness.png
  artifactKey: Guid(2c57e6f1448ce7c4e852c9ab9277d2ba) Importer(2089858483,0ecaa5967403d082aa24f35e1b516d23)
Start importing Assets/JustPlay/Сomputer devices/Objects/Phone/Textures/Roughness.png using Guid(2c57e6f1448ce7c4e852c9ab9277d2ba) Importer(2089858483,0ecaa5967403d082aa24f35e1b516d23) [PhysX] Initialized MultithreadedTaskDispatcher with 18 workers.
 -> (artifact id: '579cab467ca008a4de5532728ee12081') in 0.089153 seconds
Number of updated asset objects reloaded before import = 0
Number of asset objects unloaded after import = 1
========================================================================
Received Import Request.
  Time since last request: 0.000243 seconds.
  path: Assets/npc_casual_set_00/Textures/npc_hmn_face_01m_04_01_c.tif
  artifactKey: Guid(33af97a8fb37831498dccd483ef5296a) Importer(2089858483,0ecaa5967403d082aa24f35e1b516d23)
Start importing Assets/npc_casual_set_00/Textures/npc_hmn_face_01m_04_01_c.tif using Guid(33af97a8fb37831498dccd483ef5296a) Importer(2089858483,0ecaa5967403d082aa24f35e1b516d23) [PhysX] Initialized MultithreadedTaskDispatcher with 18 workers.
 -> (artifact id: 'a7355b67d786c49b0c507de8e8d65bab') in 0.088229 seconds
Number of updated asset objects reloaded before import = 0
Number of asset objects unloaded after import = 1
========================================================================
Received Import Request.
  Time since last request: 0.000272 seconds.
  path: Assets/nappin/HouseInteriorPack/HouseInteriorPack.unity
  artifactKey: Guid(a458f9b5e1e73ac4fa88adacae9cc63d) Importer(2089858483,0ecaa5967403d082aa24f35e1b516d23)
Start importing Assets/nappin/HouseInteriorPack/HouseInteriorPack.unity using Guid(a458f9b5e1e73ac4fa88adacae9cc63d) Importer(2089858483,0ecaa5967403d082aa24f35e1b516d23) [PhysX] Initialized MultithreadedTaskDispatcher with 18 workers.
 -> (artifact id: '1bae846a0175df15fc1b60bd36564b13') in 0.037380 seconds
Number of updated asset objects reloaded before import = 0
Number of asset objects unloaded after import = 1
========================================================================
Received Import Request.
  Time since last request: 0.000327 seconds.
  path: Assets/npc_casual_set_00/Prefabs/npc_csl_00_character_02f_02.prefab
  artifactKey: Guid(80e578b2d7250b542b1c305c12391f3e) Importer(2089858483,0ecaa5967403d082aa24f35e1b516d23)
Start importing Assets/npc_casual_set_00/Prefabs/npc_csl_00_character_02f_02.prefab using Guid(80e578b2d7250b542b1c305c12391f3e) Importer(2089858483,0ecaa5967403d082aa24f35e1b516d23) [PhysX] Initialized MultithreadedTaskDispatcher with 18 workers.
 -> (artifact id: '44618f2c316135f8b969afc6b7586f76') in 0.095468 seconds
Number of updated asset objects reloaded before import = 0
Number of asset objects unloaded after import = 457
========================================================================
Received Import Request.
  Time since last request: 0.000054 seconds.
  path: Assets/Scenes/ZNS3D/Vintage Living Room Game Pack/Textures/Decors_1/decors_1_Mat_decors_1_Height.png
  artifactKey: Guid(999a5f99fa594a647aa0b1a5ac8e0f0a) Importer(2089858483,0ecaa5967403d082aa24f35e1b516d23)
Start importing Assets/Scenes/ZNS3D/Vintage Living Room Game Pack/Textures/Decors_1/decors_1_Mat_decors_1_Height.png using Guid(999a5f99fa594a647aa0b1a5ac8e0f0a) Importer(2089858483,0ecaa5967403d082aa24f35e1b516d23) [PhysX] Initialized MultithreadedTaskDispatcher with 18 workers.
 -> (artifact id: 'b4ed19ff1c9abb7625dc29919005dacb') in 0.093525 seconds
Number of updated asset objects reloaded before import = 0
Number of asset objects unloaded after import = 1
========================================================================
Received Import Request.
  Time since last request: 0.000176 seconds.
  path: Assets/Scenes/ZNS3D/Vintage Living Room Game Pack/Textures/Decors_1/decors_1_Mat_decors_1_Normal.png
  artifactKey: Guid(97477f419d2de6c4c8ee663066954430) Importer(2089858483,0ecaa5967403d082aa24f35e1b516d23)
Start importing Assets/Scenes/ZNS3D/Vintage Living Room Game Pack/Textures/Decors_1/decors_1_Mat_decors_1_Normal.png using Guid(97477f419d2de6c4c8ee663066954430) Importer(2089858483,0ecaa5967403d082aa24f35e1b516d23) [PhysX] Initialized MultithreadedTaskDispatcher with 18 workers.
 -> (artifact id: '5d461f3a108e95b4066f35dd92788340') in 0.113907 seconds
Number of updated asset objects reloaded before import = 0
Number of asset objects unloaded after import = 1
========================================================================
Received Import Request.
  Time since last request: 0.000170 seconds.
  path: Assets/Scenes/ZNS3D/Vintage Living Room Game Pack/Textures/Antique_Light/antique_light_Mat_Roughness.png
  artifactKey: Guid(9fe9203bb3e936c42bb0f15d51ee64e4) Importer(2089858483,0ecaa5967403d082aa24f35e1b516d23)
Start importing Assets/Scenes/ZNS3D/Vintage Living Room Game Pack/Textures/Antique_Light/antique_light_Mat_Roughness.png using Guid(9fe9203bb3e936c42bb0f15d51ee64e4) Importer(2089858483,0ecaa5967403d082aa24f35e1b516d23) [PhysX] Initialized MultithreadedTaskDispatcher with 18 workers.
 -> (artifact id: 'bc1f293bc8ba9a3e10dd624153d89a99') in 0.093310 seconds
Number of updated asset objects reloaded before import = 0
Number of asset objects unloaded after import = 1
========================================================================
Received Import Request.
  Time since last request: 0.000223 seconds.
  path: Assets/npc_casual_set_00/Materials/mtl_npc_hair_12.mat
  artifactKey: Guid(a60b9ca8b22b324478f4ebebaab0e280) Importer(2089858483,0ecaa5967403d082aa24f35e1b516d23)
Start importing Assets/npc_casual_set_00/Materials/mtl_npc_hair_12.mat using Guid(a60b9ca8b22b324478f4ebebaab0e280) Importer(2089858483,0ecaa5967403d082aa24f35e1b516d23) [PhysX] Initialized MultithreadedTaskDispatcher with 18 workers.
 -> (artifact id: 'e1aa358f611d21e669833299f6b92b2a') in 0.057495 seconds
Number of updated asset objects reloaded before import = 0
Number of asset objects unloaded after import = 5
========================================================================
Received Import Request.
  Time since last request: 0.000043 seconds.
  path: Assets/HorrorPuzzleItems/Floppy/Textures/Floppy_Red.png
  artifactKey: Guid(862f87690561e8a4584f8d6b0465b289) Importer(2089858483,0ecaa5967403d082aa24f35e1b516d23)
Start importing Assets/HorrorPuzzleItems/Floppy/Textures/Floppy_Red.png using Guid(862f87690561e8a4584f8d6b0465b289) Importer(2089858483,0ecaa5967403d082aa24f35e1b516d23) [PhysX] Initialized MultithreadedTaskDispatcher with 18 workers.
 -> (artifact id: '940ce23f26154960191f832eb1b2f9c6') in 0.146213 seconds
Number of updated asset objects reloaded before import = 0
Number of asset objects unloaded after import = 1
========================================================================
Received Import Request.
  Time since last request: 0.000093 seconds.
  path: Assets/JustPlay/Сomputer devices/Objects/Keyboard/Textures/Height.png
  artifactKey: Guid(1ef4ed080dd40b845b93c468835324ae) Importer(2089858483,0ecaa5967403d082aa24f35e1b516d23)
Start importing Assets/JustPlay/Сomputer devices/Objects/Keyboard/Textures/Height.png using Guid(1ef4ed080dd40b845b93c468835324ae) Importer(2089858483,0ecaa5967403d082aa24f35e1b516d23) [PhysX] Initialized MultithreadedTaskDispatcher with 18 workers.
 -> (artifact id: '97161471fd1a022e9736f23ffeac96ed') in 0.097205 seconds
Number of updated asset objects reloaded before import = 0
Number of asset objects unloaded after import = 1
========================================================================
Received Import Request.
  Time since last request: 0.000065 seconds.
  path: Assets/Scenes/ZNS3D/Vintage Living Room Game Pack/Textures/Floors/floors_Mat_Floors_BaseColor.png
  artifactKey: Guid(da64138dec5af7c42adaf87d18936364) Importer(2089858483,0ecaa5967403d082aa24f35e1b516d23)
Start importing Assets/Scenes/ZNS3D/Vintage Living Room Game Pack/Textures/Floors/floors_Mat_Floors_BaseColor.png using Guid(da64138dec5af7c42adaf87d18936364) Importer(2089858483,0ecaa5967403d082aa24f35e1b516d23) [PhysX] Initialized MultithreadedTaskDispatcher with 18 workers.
 -> (artifact id: '4ef27dc284f26561c0c5b3d30eae5049') in 0.099308 seconds
Number of updated asset objects reloaded before import = 0
Number of asset objects unloaded after import = 1
========================================================================
Received Import Request.
  Time since last request: 0.000282 seconds.
  path: Assets/Scenes/ZNS3D/Vintage Living Room Game Pack/Textures/Gramophone/gramafon_Mat_Gramafon_Roughness.png
  artifactKey: Guid(c69f1df041497d04dbfac8e0a885d55e) Importer(2089858483,0ecaa5967403d082aa24f35e1b516d23)
Start importing Assets/Scenes/ZNS3D/Vintage Living Room Game Pack/Textures/Gramophone/gramafon_Mat_Gramafon_Roughness.png using Guid(c69f1df041497d04dbfac8e0a885d55e) Importer(2089858483,0ecaa5967403d082aa24f35e1b516d23) [PhysX] Initialized MultithreadedTaskDispatcher with 18 workers.
 -> (artifact id: '9db032377efae7f3938c0058c84c3671') in 0.099898 seconds
Number of updated asset objects reloaded before import = 0
Number of asset objects unloaded after import = 1
========================================================================
Received Import Request.
  Time since last request: 0.000225 seconds.
  path: Assets/Scenes/ZNS3D/Vintage Living Room Game Pack/Textures/Furnitures_2/furnitures_2_Mat_Furnitures_2_Metallic.png
  artifactKey: Guid(1a63f5adcc8131840b6de652202d18d2) Importer(2089858483,0ecaa5967403d082aa24f35e1b516d23)
Start importing Assets/Scenes/ZNS3D/Vintage Living Room Game Pack/Textures/Furnitures_2/furnitures_2_Mat_Furnitures_2_Metallic.png using Guid(1a63f5adcc8131840b6de652202d18d2) Importer(2089858483,0ecaa5967403d082aa24f35e1b516d23) [PhysX] Initialized MultithreadedTaskDispatcher with 18 workers.
 -> (artifact id: 'bd9a9eb47425fa4b1c065aa17e8e262c') in 0.094857 seconds
Number of updated asset objects reloaded before import = 0
Number of asset objects unloaded after import = 1
========================================================================
Received Import Request.
  Time since last request: 0.000271 seconds.
  path: Assets/Scenes/ZNS3D/Vintage Living Room Game Pack/Textures/Gramophone/gramafon_Mat_Gramafon_Normal.png
  artifactKey: Guid(8e6fbd2bc2ae7e248bad7719115ddbd1) Importer(2089858483,0ecaa5967403d082aa24f35e1b516d23)
Start importing Assets/Scenes/ZNS3D/Vintage Living Room Game Pack/Textures/Gramophone/gramafon_Mat_Gramafon_Normal.png using Guid(8e6fbd2bc2ae7e248bad7719115ddbd1) Importer(2089858483,0ecaa5967403d082aa24f35e1b516d23) [PhysX] Initialized MultithreadedTaskDispatcher with 18 workers.
 -> (artifact id: '340c13cd6337913a3f814efd9881d65e') in 0.085112 seconds
Number of updated asset objects reloaded before import = 0
Number of asset objects unloaded after import = 1
========================================================================
Received Import Request.
  Time since last request: 0.000217 seconds.
  path: Assets/JustPlay/Сomputer devices/Objects/Mouse from pc/Textures/Roughness.png
  artifactKey: Guid(60640ec6af1bfd941bd4ffc46d1ab688) Importer(2089858483,0ecaa5967403d082aa24f35e1b516d23)
Start importing Assets/JustPlay/Сomputer devices/Objects/Mouse from pc/Textures/Roughness.png using Guid(60640ec6af1bfd941bd4ffc46d1ab688) Importer(2089858483,0ecaa5967403d082aa24f35e1b516d23) [PhysX] Initialized MultithreadedTaskDispatcher with 18 workers.
 -> (artifact id: '2650c4841bbdf180f2195c326bc7e1f3') in 0.085901 seconds
Number of updated asset objects reloaded before import = 0
Number of asset objects unloaded after import = 1
========================================================================
Received Import Request.
  Time since last request: 0.000237 seconds.
  path: Assets/Scenes/ZNS3D/Vintage Living Room Game Pack/Textures/Gramophone/gramafon_Mat_Gramafon_Height.png
  artifactKey: Guid(b8597442a3cbe904da3238e9fb6b1186) Importer(2089858483,0ecaa5967403d082aa24f35e1b516d23)
Start importing Assets/Scenes/ZNS3D/Vintage Living Room Game Pack/Textures/Gramophone/gramafon_Mat_Gramafon_Height.png using Guid(b8597442a3cbe904da3238e9fb6b1186) Importer(2089858483,0ecaa5967403d082aa24f35e1b516d23) [PhysX] Initialized MultithreadedTaskDispatcher with 18 workers.
 -> (artifact id: '8ff1fce79d6701b70496189ba2ef87c5') in 0.111553 seconds
Number of updated asset objects reloaded before import = 0
Number of asset objects unloaded after import = 1
========================================================================
Received Import Request.
  Time since last request: 0.000365 seconds.
  path: Assets/Scenes/ZNS3D/Vintage Living Room Game Pack/Textures/Walls/walls_Mat_Walls_Roughness.png
  artifactKey: Guid(bcaec2ca0b895694192d27762e41f0c0) Importer(2089858483,0ecaa5967403d082aa24f35e1b516d23)
Start importing Assets/Scenes/ZNS3D/Vintage Living Room Game Pack/Textures/Walls/walls_Mat_Walls_Roughness.png using Guid(bcaec2ca0b895694192d27762e41f0c0) Importer(2089858483,0ecaa5967403d082aa24f35e1b516d23) [PhysX] Initialized MultithreadedTaskDispatcher with 18 workers.
 -> (artifact id: '1bcdf41ce904c832b79a6d065d95351d') in 0.120682 seconds
Number of updated asset objects reloaded before import = 0
Number of asset objects unloaded after import = 1
========================================================================
Received Import Request.
  Time since last request: 0.000251 seconds.
  path: Assets/JustPlay/Сomputer devices/Objects/Router/textures/AO.png
  artifactKey: Guid(21ee7dd5d408d264697c10061e148441) Importer(2089858483,0ecaa5967403d082aa24f35e1b516d23)
Start importing Assets/JustPlay/Сomputer devices/Objects/Router/textures/AO.png using Guid(21ee7dd5d408d264697c10061e148441) Importer(2089858483,0ecaa5967403d082aa24f35e1b516d23) [PhysX] Initialized MultithreadedTaskDispatcher with 18 workers.
 -> (artifact id: '0df355495a6ee0c3fcfce1ca7d319963') in 0.091249 seconds
Number of updated asset objects reloaded before import = 0
Number of asset objects unloaded after import = 1
========================================================================
Received Import Request.
  Time since last request: 0.000227 seconds.
  path: Assets/Scenes/ZNS3D/Vintage Living Room Game Pack/Textures/Furnitures_1/furnitures_1_Mat_Furnitures_1_Roughness.png
  artifactKey: Guid(34c51cb30d958b446b0c0cbe78a3d40f) Importer(2089858483,0ecaa5967403d082aa24f35e1b516d23)
Start importing Assets/Scenes/ZNS3D/Vintage Living Room Game Pack/Textures/Furnitures_1/furnitures_1_Mat_Furnitures_1_Roughness.png using Guid(34c51cb30d958b446b0c0cbe78a3d40f) Importer(2089858483,0ecaa5967403d082aa24f35e1b516d23) [PhysX] Initialized MultithreadedTaskDispatcher with 18 workers.
 -> (artifact id: '955522db0a68f97094d88b9596fc1a04') in 0.096758 seconds
Number of updated asset objects reloaded before import = 0
Number of asset objects unloaded after import = 1
========================================================================
Received Import Request.
  Time since last request: 0.000214 seconds.
  path: Assets/JustPlay/Сomputer devices/Objects/Router/textures/Roughtness.png
  artifactKey: Guid(2ed7745648cbcdd4d9b1b463af95e615) Importer(2089858483,0ecaa5967403d082aa24f35e1b516d23)
Start importing Assets/JustPlay/Сomputer devices/Objects/Router/textures/Roughtness.png using Guid(2ed7745648cbcdd4d9b1b463af95e615) Importer(2089858483,0ecaa5967403d082aa24f35e1b516d23) [PhysX] Initialized MultithreadedTaskDispatcher with 18 workers.
 -> (artifact id: 'c45f4d208ab7246ebf179a7974a83e11') in 0.084252 seconds
Number of updated asset objects reloaded before import = 0
Number of asset objects unloaded after import = 1
========================================================================
Received Import Request.
  Time since last request: 0.000136 seconds.
  path: Assets/Scenes/ZNS3D/Vintage Living Room Game Pack/Textures/Furnitures_1/furnitures_1_Mat_Furnitures_1_BaseColor.png
  artifactKey: Guid(3e47c6f284d21ca4cb1f80f71bf383a7) Importer(2089858483,0ecaa5967403d082aa24f35e1b516d23)
Start importing Assets/Scenes/ZNS3D/Vintage Living Room Game Pack/Textures/Furnitures_1/furnitures_1_Mat_Furnitures_1_BaseColor.png using Guid(3e47c6f284d21ca4cb1f80f71bf383a7) Importer(2089858483,0ecaa5967403d082aa24f35e1b516d23) [PhysX] Initialized MultithreadedTaskDispatcher with 18 workers.
 -> (artifact id: '7971268ef541325873b3cae5e8b354b2') in 0.107367 seconds
Number of updated asset objects reloaded before import = 0
Number of asset objects unloaded after import = 1
========================================================================
Received Import Request.
  Time since last request: 0.000062 seconds.
  path: Assets/Scenes/ZNS3D/Vintage Living Room Game Pack/Textures/Gramophone/gramafon_Mat_Gramafon_Metallic.png
  artifactKey: Guid(b1e35634a1278284eb75c5f2e7f8de69) Importer(2089858483,0ecaa5967403d082aa24f35e1b516d23)
Start importing Assets/Scenes/ZNS3D/Vintage Living Room Game Pack/Textures/Gramophone/gramafon_Mat_Gramafon_Metallic.png using Guid(b1e35634a1278284eb75c5f2e7f8de69) Importer(2089858483,0ecaa5967403d082aa24f35e1b516d23) [PhysX] Initialized MultithreadedTaskDispatcher with 18 workers.
 -> (artifact id: 'e89fd2d311de0c4426a3ef674f326475') in 0.101697 seconds
Number of updated asset objects reloaded before import = 0
Number of asset objects unloaded after import = 1
========================================================================
Received Import Request.
  Time since last request: 0.000138 seconds.
  path: Assets/Scenes/ZNS3D/Vintage Living Room Game Pack/Demo/Demo_Scene/LightingData.asset
  artifactKey: Guid(8d470cf141595ba40988e02f52049c3e) Importer(2089858483,0ecaa5967403d082aa24f35e1b516d23)
Start importing Assets/Scenes/ZNS3D/Vintage Living Room Game Pack/Demo/Demo_Scene/LightingData.asset using Guid(8d470cf141595ba40988e02f52049c3e) Importer(2089858483,0ecaa5967403d082aa24f35e1b516d23) [PhysX] Initialized MultithreadedTaskDispatcher with 18 workers.
 -> (artifact id: '254fbdddae910e5aa7a24af3e725b8b5') in 0.049473 seconds
Number of updated asset objects reloaded before import = 0
Number of asset objects unloaded after import = 2
========================================================================
Received Import Request.
  Time since last request: 0.000126 seconds.
  path: Assets/JustPlay/Сomputer devices/Objects/Speakers/Textures/Roughness.png
  artifactKey: Guid(3c5dfd5aa5d673545957053311d4c13e) Importer(2089858483,0ecaa5967403d082aa24f35e1b516d23)
Start importing Assets/JustPlay/Сomputer devices/Objects/Speakers/Textures/Roughness.png using Guid(3c5dfd5aa5d673545957053311d4c13e) Importer(2089858483,0ecaa5967403d082aa24f35e1b516d23) [PhysX] Initialized MultithreadedTaskDispatcher with 18 workers.
 -> (artifact id: '16cdfbba4907e2f80ca5ae5f20f2aba0') in 0.097602 seconds
Number of updated asset objects reloaded before import = 0
Number of asset objects unloaded after import = 1
========================================================================
Received Import Request.
  Time since last request: 0.000058 seconds.
  path: Assets/JustPlay/Сomputer devices/Objects/Speakers/Speakers.mat
  artifactKey: Guid(7c74ab3b6f9454741b866894e5e71f8c) Importer(2089858483,0ecaa5967403d082aa24f35e1b516d23)
Start importing Assets/JustPlay/Сomputer devices/Objects/Speakers/Speakers.mat using Guid(7c74ab3b6f9454741b866894e5e71f8c) Importer(2089858483,0ecaa5967403d082aa24f35e1b516d23) [PhysX] Initialized MultithreadedTaskDispatcher with 18 workers.
 -> (artifact id: '40ce3c09ca3e27e211f04a1dcdfd2569') in 0.071252 seconds
Number of updated asset objects reloaded before import = 0
Number of asset objects unloaded after import = 5
========================================================================
Received Import Request.
  Time since last request: 0.000055 seconds.
  path: Assets/Scenes/ZNS3D/Vintage Living Room Game Pack/Demo/All_Prefabs.unity
  artifactKey: Guid(fbd171c995df5a847b35c1eb04499191) Importer(2089858483,0ecaa5967403d082aa24f35e1b516d23)
Start importing Assets/Scenes/ZNS3D/Vintage Living Room Game Pack/Demo/All_Prefabs.unity using Guid(fbd171c995df5a847b35c1eb04499191) Importer(2089858483,0ecaa5967403d082aa24f35e1b516d23) [PhysX] Initialized MultithreadedTaskDispatcher with 18 workers.
 -> (artifact id: '5238d8f0119b1cb6a27be54b8db32117') in 0.043623 seconds
Number of updated asset objects reloaded before import = 0
Number of asset objects unloaded after import = 1
========================================================================
Received Import Request.
  Time since last request: 0.000077 seconds.
  path: Assets/Scenes/ZNS3D/Prefabs/wall_with_two_window.prefab
  artifactKey: Guid(6e69a5098029cc848b508bc93d870d9a) Importer(2089858483,0ecaa5967403d082aa24f35e1b516d23)
Start importing Assets/Scenes/ZNS3D/Prefabs/wall_with_two_window.prefab using Guid(6e69a5098029cc848b508bc93d870d9a) Importer(2089858483,0ecaa5967403d082aa24f35e1b516d23) [PhysX] Initialized MultithreadedTaskDispatcher with 18 workers.
 -> (artifact id: 'd685eb9670c0532268e0dfe12dc57093') in 0.046734 seconds
Number of updated asset objects reloaded before import = 0
Number of asset objects unloaded after import = 39
========================================================================
Received Import Request.
  Time since last request: 0.000042 seconds.
  path: Assets/JustPlay/Сomputer devices/Objects/Monitor 2/Textures/Albedo.png
  artifactKey: Guid(2952389183eedcd4f8788999a15c9386) Importer(2089858483,0ecaa5967403d082aa24f35e1b516d23)
Start importing Assets/JustPlay/Сomputer devices/Objects/Monitor 2/Textures/Albedo.png using Guid(2952389183eedcd4f8788999a15c9386) Importer(2089858483,0ecaa5967403d082aa24f35e1b516d23) [PhysX] Initialized MultithreadedTaskDispatcher with 18 workers.
 -> (artifact id: 'a8e4a1263fc22c6bdd34a30422fecc29') in 0.105438 seconds
Number of updated asset objects reloaded before import = 0
Number of asset objects unloaded after import = 1
========================================================================
Received Import Request.
  Time since last request: 0.000051 seconds.
  path: Assets/npc_casual_set_00/Mesh/Mesh_Parts/npc_hmn_01m_fingers2.fbx
  artifactKey: Guid(7a4a9f05ca90cf44db3bb857c3df0be9) Importer(2089858483,0ecaa5967403d082aa24f35e1b516d23)
Start importing Assets/npc_casual_set_00/Mesh/Mesh_Parts/npc_hmn_01m_fingers2.fbx using Guid(7a4a9f05ca90cf44db3bb857c3df0be9) Importer(2089858483,0ecaa5967403d082aa24f35e1b516d23) [PhysX] Initialized MultithreadedTaskDispatcher with 18 workers.
 -> (artifact id: 'b4a40a7e646ad3776bf5904fa8d79e3e') in 0.615244 seconds
Number of updated asset objects reloaded before import = 0
Number of asset objects unloaded after import = 141
========================================================================
Received Import Request.
  Time since last request: 0.000070 seconds.
  path: Assets/HorrorPuzzleItems/Lighter/Materials/Lighter_Metal.mat
  artifactKey: Guid(1385b3bff265d3e4293675d32ab380df) Importer(2089858483,0ecaa5967403d082aa24f35e1b516d23)
Start importing Assets/HorrorPuzzleItems/Lighter/Materials/Lighter_Metal.mat using Guid(1385b3bff265d3e4293675d32ab380df) Importer(2089858483,0ecaa5967403d082aa24f35e1b516d23) [PhysX] Initialized MultithreadedTaskDispatcher with 18 workers.
 -> (artifact id: '925679ce648858bb2348a3b32dee9de1') in 0.059538 seconds
Number of updated asset objects reloaded before import = 0
Number of asset objects unloaded after import = 2
========================================================================
Received Import Request.
  Time since last request: 0.000089 seconds.
  path: Assets/npc_casual_set_00/Prefabs/npc_csl_pants_00m_01_03.prefab
  artifactKey: Guid(9e854dc6a3c877c47b5b64fd510bb0cd) Importer(2089858483,0ecaa5967403d082aa24f35e1b516d23)
Start importing Assets/npc_casual_set_00/Prefabs/npc_csl_pants_00m_01_03.prefab using Guid(9e854dc6a3c877c47b5b64fd510bb0cd) Importer(2089858483,0ecaa5967403d082aa24f35e1b516d23) [PhysX] Initialized MultithreadedTaskDispatcher with 18 workers.
 -> (artifact id: '9c22f9dc3da071bd93ac0aa1eb7519b5') in 0.051458 seconds
Number of updated asset objects reloaded before import = 0
Number of asset objects unloaded after import = 283
========================================================================
Received Import Request.
  Time since last request: 0.000066 seconds.
  path: Assets/npc_casual_set_00/Materials/mtl_npc_hmn_face_01f_05_01.mat
  artifactKey: Guid(f193fd96b42fe7547a50e7a7d280e9f5) Importer(2089858483,0ecaa5967403d082aa24f35e1b516d23)
Start importing Assets/npc_casual_set_00/Materials/mtl_npc_hmn_face_01f_05_01.mat using Guid(f193fd96b42fe7547a50e7a7d280e9f5) Importer(2089858483,0ecaa5967403d082aa24f35e1b516d23) [PhysX] Initialized MultithreadedTaskDispatcher with 18 workers.
 -> (artifact id: '07e43b4fd696d57389af23d3d37b9a2d') in 0.074360 seconds
Number of updated asset objects reloaded before import = 0
Number of asset objects unloaded after import = 5
========================================================================
Received Import Request.
  Time since last request: 0.000123 seconds.
  path: Assets/npc_casual_set_00/Textures/npc_csl_shirtopenrolled_00m_01_01_o.tif
  artifactKey: Guid(4470fd6ad7a6cd242a320dd977c80fc9) Importer(2089858483,0ecaa5967403d082aa24f35e1b516d23)
Start importing Assets/npc_casual_set_00/Textures/npc_csl_shirtopenrolled_00m_01_01_o.tif using Guid(4470fd6ad7a6cd242a320dd977c80fc9) Importer(2089858483,0ecaa5967403d082aa24f35e1b516d23) [PhysX] Initialized MultithreadedTaskDispatcher with 18 workers.
 -> (artifact id: '4e7a5694c7f84de5538340a1a7fad56f') in 0.080748 seconds
Number of updated asset objects reloaded before import = 0
Number of asset objects unloaded after import = 1
========================================================================
Received Import Request.
  Time since last request: 0.000066 seconds.
  path: Assets/Scenes/ZNS3D/Vintage Living Room Game Pack/Demo/Demo_Scene/Global Volume Profile.asset
  artifactKey: Guid(b55adbcb4c4b9ae43967a7f8f1adb075) Importer(2089858483,0ecaa5967403d082aa24f35e1b516d23)
Start importing Assets/Scenes/ZNS3D/Vintage Living Room Game Pack/Demo/Demo_Scene/Global Volume Profile.asset using Guid(b55adbcb4c4b9ae43967a7f8f1adb075) Importer(2089858483,0ecaa5967403d082aa24f35e1b516d23) [PhysX] Initialized MultithreadedTaskDispatcher with 18 workers.
 -> (artifact id: '5bff3869a427691ab95716dfc2aa5c2d') in 0.055466 seconds
Number of updated asset objects reloaded before import = 0
Number of asset objects unloaded after import = 1
========================================================================
Received Import Request.
  Time since last request: 0.000314 seconds.
  path: Assets/Scenes/ZNS3D/Vintage Living Room Game Pack/Textures/Windows_Doors/Materials/windows_doors_Mat_Roughness.mat
  artifactKey: Guid(5159a0a596fb8c7419a55c70d1bafe72) Importer(2089858483,0ecaa5967403d082aa24f35e1b516d23)
Start importing Assets/Scenes/ZNS3D/Vintage Living Room Game Pack/Textures/Windows_Doors/Materials/windows_doors_Mat_Roughness.mat using Guid(5159a0a596fb8c7419a55c70d1bafe72) Importer(2089858483,0ecaa5967403d082aa24f35e1b516d23) [PhysX] Initialized MultithreadedTaskDispatcher with 18 workers.
 -> (artifact id: '847ec8d1f60a5b8687383383065ca3a2') in 0.062654 seconds
Number of updated asset objects reloaded before import = 0
Number of asset objects unloaded after import = 2
========================================================================
Received Import Request.
  Time since last request: 0.000067 seconds.
  path: Assets/npc_casual_set_00/Mesh/Mesh_Parts/npc_csl_shirtopenrolled_00f_sleeves.fbx
  artifactKey: Guid(34203b88ad1174b4bb41941851227b27) Importer(2089858483,0ecaa5967403d082aa24f35e1b516d23)
Start importing Assets/npc_casual_set_00/Mesh/Mesh_Parts/npc_csl_shirtopenrolled_00f_sleeves.fbx using Guid(34203b88ad1174b4bb41941851227b27) Importer(2089858483,0ecaa5967403d082aa24f35e1b516d23) [PhysX] Initialized MultithreadedTaskDispatcher with 18 workers.
 -> (artifact id: '25c789154bfe87aeca91687a06b3db01') in 0.163394 seconds
Number of updated asset objects reloaded before import = 0
Number of asset objects unloaded after import = 145
========================================================================
Received Import Request.
  Time since last request: 294.355919 seconds.
  path: Assets/npc_casual_set_00/Prefabs/Prefabs_Parts/npc_hmn_01m_lowerbody4.prefab
  artifactKey: Guid(ec1e1fe78444b5d4d867e06e008151bf) Importer(815301076,1909f56bfc062723c751e8b465ee728b)
Start importing Assets/npc_casual_set_00/Prefabs/Prefabs_Parts/npc_hmn_01m_lowerbody4.prefab using Guid(ec1e1fe78444b5d4d867e06e008151bf) Importer(815301076,1909f56bfc062723c751e8b465ee728b) [PhysX] Initialized MultithreadedTaskDispatcher with 18 workers.
[PhysX] Initialized MultithreadedTaskDispatcher with 18 workers.
 -> (artifact id: 'de6cf0fa56bf0e9e92237fce65331889') in 0.106197 seconds
Number of updated asset objects reloaded before import = 0
Number of asset objects unloaded after import = 289
========================================================================
Received Import Request.
  Time since last request: 0.002472 seconds.
  path: Assets/nappin/OfficeEssentialsPack/Prefabs/(Prb)Shelves2.prefab
  artifactKey: Guid(5c3e1f6875120eb49a705fe9d38e51e9) Importer(815301076,1909f56bfc062723c751e8b465ee728b)
Start importing Assets/nappin/OfficeEssentialsPack/Prefabs/(Prb)Shelves2.prefab using Guid(5c3e1f6875120eb49a705fe9d38e51e9) Importer(815301076,1909f56bfc062723c751e8b465ee728b) [PhysX] Initialized MultithreadedTaskDispatcher with 18 workers.
[PhysX] Initialized MultithreadedTaskDispatcher with 18 workers.
 -> (artifact id: '86bf9fc2013c7153f5b61714b523cfb0') in 0.015615 seconds
Number of updated asset objects reloaded before import = 0
Number of asset objects unloaded after import = 13
========================================================================
Received Import Request.
  Time since last request: 0.004658 seconds.
  path: Assets/npc_casual_set_00/Mesh/Mesh_Parts/npc_hmn_01f_arms1.fbx
  artifactKey: Guid(c8a5c21643e497d43953e9ac57885ae7) Importer(815301076,1909f56bfc062723c751e8b465ee728b)
Start importing Assets/npc_casual_set_00/Mesh/Mesh_Parts/npc_hmn_01f_arms1.fbx using Guid(c8a5c21643e497d43953e9ac57885ae7) Importer(815301076,1909f56bfc062723c751e8b465ee728b) [PhysX] Initialized MultithreadedTaskDispatcher with 18 workers.
[PhysX] Initialized MultithreadedTaskDispatcher with 18 workers.
[PhysX] Initialized MultithreadedTaskDispatcher with 18 workers.
[PhysX] Initialized MultithreadedTaskDispatcher with 18 workers.
[PhysX] Initialized MultithreadedTaskDispatcher with 18 workers.
[PhysX] Initialized MultithreadedTaskDispatcher with 18 workers.
[PhysX] Initialized MultithreadedTaskDispatcher with 18 workers.
[PhysX] Initialized MultithreadedTaskDispatcher with 18 workers.
[PhysX] Initialized MultithreadedTaskDispatcher with 18 workers.
[PhysX] Initialized MultithreadedTaskDispatcher with 18 workers.
[PhysX] Initialized MultithreadedTaskDispatcher with 18 workers.
[PhysX] Initialized MultithreadedTaskDispatcher with 18 workers.
 -> (artifact id: '1b7bf68321a3223b18f6940daa3a5592') in 0.096994 seconds
Number of updated asset objects reloaded before import = 0
Number of asset objects unloaded after import = 149
========================================================================
Received Import Request.
  Time since last request: 0.017112 seconds.
  path: Assets/npc_casual_set_00/Prefabs/Prefabs_Parts/npc_hmn_01f_upperbody3.prefab
  artifactKey: Guid(4c0a8e2da599bf14090520aae0f40480) Importer(815301076,1909f56bfc062723c751e8b465ee728b)
Start importing Assets/npc_casual_set_00/Prefabs/Prefabs_Parts/npc_hmn_01f_upperbody3.prefab using Guid(4c0a8e2da599bf14090520aae0f40480) Importer(815301076,1909f56bfc062723c751e8b465ee728b) [PhysX] Initialized MultithreadedTaskDispatcher with 18 workers.
[PhysX] Initialized MultithreadedTaskDispatcher with 18 workers.
 -> (artifact id: 'fd91f6b5c3055de42a5c86682f512ab1') in 0.045533 seconds
Number of updated asset objects reloaded before import = 0
Number of asset objects unloaded after import = 294
========================================================================
Received Import Request.
  Time since last request: 0.014382 seconds.
  path: Assets/nappin/OfficeEssentialsPack/Prefabs/(Prb)Sofa1.prefab
  artifactKey: Guid(744fdfc5e08624943b22ba3c3e353e07) Importer(815301076,1909f56bfc062723c751e8b465ee728b)
Start importing Assets/nappin/OfficeEssentialsPack/Prefabs/(Prb)Sofa1.prefab using Guid(744fdfc5e08624943b22ba3c3e353e07) Importer(815301076,1909f56bfc062723c751e8b465ee728b) [PhysX] Initialized MultithreadedTaskDispatcher with 18 workers.
[PhysX] Initialized MultithreadedTaskDispatcher with 18 workers.
 -> (artifact id: '4aa0e80803c42c1c58a01ffb452c3efe') in 0.031079 seconds
Number of updated asset objects reloaded before import = 0
Number of asset objects unloaded after import = 14
========================================================================
Received Import Request.
  Time since last request: 0.003682 seconds.
  path: Assets/npc_casual_set_00/Prefabs/Prefabs_Parts/npc_hmn_01m_upperbody3.prefab
  artifactKey: Guid(2e988184215f6bb46a0a62581b114c18) Importer(815301076,1909f56bfc062723c751e8b465ee728b)
Start importing Assets/npc_casual_set_00/Prefabs/Prefabs_Parts/npc_hmn_01m_upperbody3.prefab using Guid(2e988184215f6bb46a0a62581b114c18) Importer(815301076,1909f56bfc062723c751e8b465ee728b) [PhysX] Initialized MultithreadedTaskDispatcher with 18 workers.
[PhysX] Initialized MultithreadedTaskDispatcher with 18 workers.
 -> (artifact id: '6347145f2135c16e5bcc4ab3d63854f2') in 0.038055 seconds
Number of updated asset objects reloaded before import = 0
Number of asset objects unloaded after import = 294
========================================================================
Received Import Request.
  Time since last request: 0.001665 seconds.
  path: Assets/HorrorPuzzleItems/Floppy/Textures
  artifactKey: Guid(79dff8907d6057040bf6b8a540b58e11) Importer(815301076,1909f56bfc062723c751e8b465ee728b)
Start importing Assets/HorrorPuzzleItems/Floppy/Textures using Guid(79dff8907d6057040bf6b8a540b58e11) Importer(815301076,1909f56bfc062723c751e8b465ee728b) [PhysX] Initialized MultithreadedTaskDispatcher with 18 workers.
 -> (artifact id: '251760fe1dfb031c069af02c73d53a2d') in 0.001166 seconds
Number of updated asset objects reloaded before import = 0
Number of asset objects unloaded after import = 0
========================================================================
Received Import Request.
  Time since last request: 0.004872 seconds.
  path: Assets/HorrorPuzzleItems/Gem/Icons/Icon_Gem_Red.png
  artifactKey: Guid(052580296d469114d812a3a58facf451) Importer(815301076,1909f56bfc062723c751e8b465ee728b)
Start importing Assets/HorrorPuzzleItems/Gem/Icons/Icon_Gem_Red.png using Guid(052580296d469114d812a3a58facf451) Importer(815301076,1909f56bfc062723c751e8b465ee728b) [PhysX] Initialized MultithreadedTaskDispatcher with 18 workers.
[PhysX] Initialized MultithreadedTaskDispatcher with 18 workers.
 -> (artifact id: 'e826ff5a08114e36a05889e51a59b861') in 0.042972 seconds
Number of updated asset objects reloaded before import = 0
Number of asset objects unloaded after import = 3
========================================================================
Received Import Request.
  Time since last request: 0.013939 seconds.
  path: Assets/npc_casual_set_00/Prefabs/Prefabs_Parts/npc_hmn_01f_arms4.prefab
  artifactKey: Guid(5f5030d9eb5a52c4f8af85c27c711a84) Importer(815301076,1909f56bfc062723c751e8b465ee728b)
Start importing Assets/npc_casual_set_00/Prefabs/Prefabs_Parts/npc_hmn_01f_arms4.prefab using Guid(5f5030d9eb5a52c4f8af85c27c711a84) Importer(815301076,1909f56bfc062723c751e8b465ee728b) [PhysX] Initialized MultithreadedTaskDispatcher with 18 workers.
[PhysX] Initialized MultithreadedTaskDispatcher with 18 workers.
 -> (artifact id: '1316b2764c7dc8ef1cbcad454d17d1ab') in 0.038221 seconds
Number of updated asset objects reloaded before import = 0
Number of asset objects unloaded after import = 289
========================================================================
Received Import Request.
  Time since last request: 0.008506 seconds.
  path: Assets/HorrorPuzzleItems/Lighter/Models
  artifactKey: Guid(10d1948d14f917d41be006f29a5b285c) Importer(815301076,1909f56bfc062723c751e8b465ee728b)
Start importing Assets/HorrorPuzzleItems/Lighter/Models using Guid(10d1948d14f917d41be006f29a5b285c) Importer(815301076,1909f56bfc062723c751e8b465ee728b) [PhysX] Initialized MultithreadedTaskDispatcher with 18 workers.
 -> (artifact id: 'cb09c2c2f45c7131ae6124fa37a6464d') in 0.001341 seconds
Number of updated asset objects reloaded before import = 0
Number of asset objects unloaded after import = 0
========================================================================
Received Import Request.
  Time since last request: 0.016713 seconds.
  path: Assets/npc_casual_set_00/Prefabs/Prefabs_Parts/npc_hmn_01f_parts.prefab
  artifactKey: Guid(435e3a038aded3e4090c976cd0a0e405) Importer(815301076,1909f56bfc062723c751e8b465ee728b)
Start importing Assets/npc_casual_set_00/Prefabs/Prefabs_Parts/npc_hmn_01f_parts.prefab using Guid(435e3a038aded3e4090c976cd0a0e405) Importer(815301076,1909f56bfc062723c751e8b465ee728b) [PhysX] Initialized MultithreadedTaskDispatcher with 18 workers.
[PhysX] Initialized MultithreadedTaskDispatcher with 18 workers.
 -> (artifact id: 'd11fab4b6bdbb18bf2d83445eb2ec64d') in 0.100115 seconds
Number of updated asset objects reloaded before import = 0
Number of asset objects unloaded after import = 1763
========================================================================
Received Import Request.
  Time since last request: 0.000039 seconds.
  path: Assets/npc_casual_set_00/Textures/npc_csl_pants_00m_01_01_m.tif
  artifactKey: Guid(15b7b4ed423e06547b6e02d940c92aa5) Importer(815301076,1909f56bfc062723c751e8b465ee728b)
Start importing Assets/npc_casual_set_00/Textures/npc_csl_pants_00m_01_01_m.tif using Guid(15b7b4ed423e06547b6e02d940c92aa5) Importer(815301076,1909f56bfc062723c751e8b465ee728b) [PhysX] Initialized MultithreadedTaskDispatcher with 18 workers.
[PhysX] Initialized MultithreadedTaskDispatcher with 18 workers.
 -> (artifact id: 'ef866d6819f04578134370a4e44b8e8a') in 0.026417 seconds
Number of updated asset objects reloaded before import = 0
Number of asset objects unloaded after import = 2
========================================================================
Received Import Request.
  Time since last request: 0.005288 seconds.
  path: Assets/nappin/OfficeEssentialsPack/Prefabs/(Prb)Container4.prefab
  artifactKey: Guid(88853fd459048b8449314defca9e8f92) Importer(815301076,1909f56bfc062723c751e8b465ee728b)
Start importing Assets/nappin/OfficeEssentialsPack/Prefabs/(Prb)Container4.prefab using Guid(88853fd459048b8449314defca9e8f92) Importer(815301076,1909f56bfc062723c751e8b465ee728b) [PhysX] Initialized MultithreadedTaskDispatcher with 18 workers.
[PhysX] Initialized MultithreadedTaskDispatcher with 18 workers.
 -> (artifact id: '1c5e3f9f3cd37d17cc3a1ae20b679711') in 0.031842 seconds
Number of updated asset objects reloaded before import = 0
Number of asset objects unloaded after import = 256
========================================================================
Received Import Request.
  Time since last request: 0.038751 seconds.
  path: Assets/JustPlay/Сomputer devices/Objects/Mouse from pc/Textures/Normal.png
  artifactKey: Guid(42daba2c7f90872479211a4084fec997) Importer(815301076,1909f56bfc062723c751e8b465ee728b)
Start importing Assets/JustPlay/Сomputer devices/Objects/Mouse from pc/Textures/Normal.png using Guid(42daba2c7f90872479211a4084fec997) Importer(815301076,1909f56bfc062723c751e8b465ee728b) [PhysX] Initialized MultithreadedTaskDispatcher with 18 workers.
[PhysX] Initialized MultithreadedTaskDispatcher with 18 workers.
 -> (artifact id: 'd020f7374b4dd34193bfe1d7116567b2') in 0.027038 seconds
Number of updated asset objects reloaded before import = 0
Number of asset objects unloaded after import = 2
========================================================================
Received Import Request.
  Time since last request: 0.004627 seconds.
  path: Assets/npc_casual_set_00/Textures/npc_hmn_face_01m_04_01_o.tif
  artifactKey: Guid(e0ece9edc4f11ba45bb25ec8cdedca7b) Importer(815301076,1909f56bfc062723c751e8b465ee728b)
Start importing Assets/npc_casual_set_00/Textures/npc_hmn_face_01m_04_01_o.tif using Guid(e0ece9edc4f11ba45bb25ec8cdedca7b) Importer(815301076,1909f56bfc062723c751e8b465ee728b) [PhysX] Initialized MultithreadedTaskDispatcher with 18 workers.
[PhysX] Initialized MultithreadedTaskDispatcher with 18 workers.
 -> (artifact id: '62bc2b6ff7d33c3726c08e5458d88060') in 0.020971 seconds
Number of updated asset objects reloaded before import = 0
Number of asset objects unloaded after import = 2
========================================================================
Received Import Request.
  Time since last request: 0.006267 seconds.
  path: Assets/npc_casual_set_00/Mesh/Mesh_Parts/npc_hmn_01m_upperbody2.fbx
  artifactKey: Guid(c81aada448eca4040acff5c4d298a3b5) Importer(815301076,1909f56bfc062723c751e8b465ee728b)
Start importing Assets/npc_casual_set_00/Mesh/Mesh_Parts/npc_hmn_01m_upperbody2.fbx using Guid(c81aada448eca4040acff5c4d298a3b5) Importer(815301076,1909f56bfc062723c751e8b465ee728b) [PhysX] Initialized MultithreadedTaskDispatcher with 18 workers.
[PhysX] Initialized MultithreadedTaskDispatcher with 18 workers.
[PhysX] Initialized MultithreadedTaskDispatcher with 18 workers.
[PhysX] Initialized MultithreadedTaskDispatcher with 18 workers.
[PhysX] Initialized MultithreadedTaskDispatcher with 18 workers.
[PhysX] Initialized MultithreadedTaskDispatcher with 18 workers.
[PhysX] Initialized MultithreadedTaskDispatcher with 18 workers.
[PhysX] Initialized MultithreadedTaskDispatcher with 18 workers.
[PhysX] Initialized MultithreadedTaskDispatcher with 18 workers.
[PhysX] Initialized MultithreadedTaskDispatcher with 18 workers.
[PhysX] Initialized MultithreadedTaskDispatcher with 18 workers.
[PhysX] Initialized MultithreadedTaskDispatcher with 18 workers.
 -> (artifact id: 'f55516dfbae9c5e90a00eeee914a32dd') in 0.102654 seconds
Number of updated asset objects reloaded before import = 0
Number of asset objects unloaded after import = 154
========================================================================
Received Import Request.
  Time since last request: 0.008834 seconds.
  path: Assets/npc_casual_set_00/Prefabs/npc_csl_tshirt_00f_01_02bw.prefab
  artifactKey: Guid(cda4f01c8fa63ff42ad404bed3b849ff) Importer(815301076,1909f56bfc062723c751e8b465ee728b)
Start importing Assets/npc_casual_set_00/Prefabs/npc_csl_tshirt_00f_01_02bw.prefab using Guid(cda4f01c8fa63ff42ad404bed3b849ff) Importer(815301076,1909f56bfc062723c751e8b465ee728b) [PhysX] Initialized MultithreadedTaskDispatcher with 18 workers.
[PhysX] Initialized MultithreadedTaskDispatcher with 18 workers.
 -> (artifact id: '12e65887a1cc6cf14c4c7569f38883e7') in 0.035907 seconds
Number of updated asset objects reloaded before import = 0
Number of asset objects unloaded after import = 291
========================================================================
Received Import Request.
  Time since last request: 0.003808 seconds.
  path: Assets/npc_casual_set_00/Prefabs/Prefabs_Parts/npc_hmn_01m_torso2.prefab
  artifactKey: Guid(7030cf9e2037f27449729deb14d860a9) Importer(815301076,1909f56bfc062723c751e8b465ee728b)
Start importing Assets/npc_casual_set_00/Prefabs/Prefabs_Parts/npc_hmn_01m_torso2.prefab using Guid(7030cf9e2037f27449729deb14d860a9) Importer(815301076,1909f56bfc062723c751e8b465ee728b) [PhysX] Initialized MultithreadedTaskDispatcher with 18 workers.
[PhysX] Initialized MultithreadedTaskDispatcher with 18 workers.
 -> (artifact id: '184477c21fb919570b036f82a585a185') in 0.040869 seconds
Number of updated asset objects reloaded before import = 0
Number of asset objects unloaded after import = 289
========================================================================
Received Import Request.
  Time since last request: 0.002808 seconds.
  path: Assets/npc_casual_set_00/Prefabs/Prefabs_Parts/npc_hmn_01f_upperbody6.prefab
  artifactKey: Guid(a6dcf866b6218a5409953e3e0955188e) Importer(815301076,1909f56bfc062723c751e8b465ee728b)
Start importing Assets/npc_casual_set_00/Prefabs/Prefabs_Parts/npc_hmn_01f_upperbody6.prefab using Guid(a6dcf866b6218a5409953e3e0955188e) Importer(815301076,1909f56bfc062723c751e8b465ee728b) [PhysX] Initialized MultithreadedTaskDispatcher with 18 workers.
[PhysX] Initialized MultithreadedTaskDispatcher with 18 workers.
 -> (artifact id: 'e0ee904d10e872f24ddb3f5ab267a6b0') in 0.039648 seconds
Number of updated asset objects reloaded before import = 0
Number of asset objects unloaded after import = 294
========================================================================
Received Import Request.
  Time since last request: 0.004447 seconds.
  path: Assets/npc_casual_set_00/Mesh/Mesh_Parts/npc_hmn_01f_arms6.fbx
  artifactKey: Guid(c0894e5c9b83f6b4ea93481e2c460e7e) Importer(815301076,1909f56bfc062723c751e8b465ee728b)
Start importing Assets/npc_casual_set_00/Mesh/Mesh_Parts/npc_hmn_01f_arms6.fbx using Guid(c0894e5c9b83f6b4ea93481e2c460e7e) Importer(815301076,1909f56bfc062723c751e8b465ee728b) [PhysX] Initialized MultithreadedTaskDispatcher with 18 workers.
[PhysX] Initialized MultithreadedTaskDispatcher with 18 workers.
[PhysX] Initialized MultithreadedTaskDispatcher with 18 workers.
[PhysX] Initialized MultithreadedTaskDispatcher with 18 workers.
[PhysX] Initialized MultithreadedTaskDispatcher with 18 workers.
[PhysX] Initialized MultithreadedTaskDispatcher with 18 workers.
[PhysX] Initialized MultithreadedTaskDispatcher with 18 workers.
[PhysX] Initialized MultithreadedTaskDispatcher with 18 workers.
[PhysX] Initialized MultithreadedTaskDispatcher with 18 workers.
[PhysX] Initialized MultithreadedTaskDispatcher with 18 workers.
[PhysX] Initialized MultithreadedTaskDispatcher with 18 workers.
[PhysX] Initialized MultithreadedTaskDispatcher with 18 workers.
 -> (artifact id: 'da59abed7f876269ccb090749631c369') in 0.085750 seconds
Number of updated asset objects reloaded before import = 0
Number of asset objects unloaded after import = 149
========================================================================
Received Import Request.
  Time since last request: 0.008637 seconds.
  path: Assets/HorrorPuzzleItems/Cable/Icons/Cable_Black.png
  artifactKey: Guid(d50c38928fa2cba4eac71303b083ffd0) Importer(815301076,1909f56bfc062723c751e8b465ee728b)
Start importing Assets/HorrorPuzzleItems/Cable/Icons/Cable_Black.png using Guid(d50c38928fa2cba4eac71303b083ffd0) Importer(815301076,1909f56bfc062723c751e8b465ee728b) [PhysX] Initialized MultithreadedTaskDispatcher with 18 workers.
[PhysX] Initialized MultithreadedTaskDispatcher with 18 workers.
 -> (artifact id: '56ebd660432fba32b7af2d940fac773f') in 0.032151 seconds
Number of updated asset objects reloaded before import = 0
Number of asset objects unloaded after import = 3
========================================================================
Received Import Request.
  Time since last request: 0.005106 seconds.
  path: Assets/nappin/OfficeEssentialsPack/Prefabs/(Prb)Rack.prefab
  artifactKey: Guid(9b9a47e6447b0404fad889aea9f6360b) Importer(815301076,1909f56bfc062723c751e8b465ee728b)
Start importing Assets/nappin/OfficeEssentialsPack/Prefabs/(Prb)Rack.prefab using Guid(9b9a47e6447b0404fad889aea9f6360b) Importer(815301076,1909f56bfc062723c751e8b465ee728b) [PhysX] Initialized MultithreadedTaskDispatcher with 18 workers.
[PhysX] Initialized MultithreadedTaskDispatcher with 18 workers.
 -> (artifact id: 'f21204f452899566c6c9bc0ed95d07bc') in 0.031880 seconds
Number of updated asset objects reloaded before import = 0
Number of asset objects unloaded after import = 36
========================================================================
Received Import Request.
  Time since last request: 0.004163 seconds.
  path: Assets/npc_casual_set_00/Prefabs/Prefabs_Parts/npc_hmn_01m_upperbody1.prefab
  artifactKey: Guid(8e8a9c4114cbdb1479aaf3e21fc809ca) Importer(815301076,1909f56bfc062723c751e8b465ee728b)
Start importing Assets/npc_casual_set_00/Prefabs/Prefabs_Parts/npc_hmn_01m_upperbody1.prefab using Guid(8e8a9c4114cbdb1479aaf3e21fc809ca) Importer(815301076,1909f56bfc062723c751e8b465ee728b) [PhysX] Initialized MultithreadedTaskDispatcher with 18 workers.
[PhysX] Initialized MultithreadedTaskDispatcher with 18 workers.
 -> (artifact id: '06920188325a2ea2ae71cd989b223035') in 0.041121 seconds
Number of updated asset objects reloaded before import = 0
Number of asset objects unloaded after import = 294
========================================================================
Received Import Request.
  Time since last request: 0.023268 seconds.
  path: Assets/npc_casual_set_00/Textures/npc_csl_shoe_01_00_01_c.tif
  artifactKey: Guid(52b0cb456a1fcdd43b5f9abc55408288) Importer(815301076,1909f56bfc062723c751e8b465ee728b)
Start importing Assets/npc_casual_set_00/Textures/npc_csl_shoe_01_00_01_c.tif using Guid(52b0cb456a1fcdd43b5f9abc55408288) Importer(815301076,1909f56bfc062723c751e8b465ee728b) [PhysX] Initialized MultithreadedTaskDispatcher with 18 workers.
[PhysX] Initialized MultithreadedTaskDispatcher with 18 workers.
 -> (artifact id: 'ec77f3d069e8d01ba33070d65a98c17e') in 0.024561 seconds
Number of updated asset objects reloaded before import = 0
Number of asset objects unloaded after import = 2
========================================================================
Received Import Request.
  Time since last request: 0.005742 seconds.
  path: Assets/JustPlay/Сomputer devices/Objects/Router/textures/Normal.png
  artifactKey: Guid(f6a2bf272131ff64cbf9148c98e618d2) Importer(815301076,1909f56bfc062723c751e8b465ee728b)
Start importing Assets/JustPlay/Сomputer devices/Objects/Router/textures/Normal.png using Guid(f6a2bf272131ff64cbf9148c98e618d2) Importer(815301076,1909f56bfc062723c751e8b465ee728b) [PhysX] Initialized MultithreadedTaskDispatcher with 18 workers.
[PhysX] Initialized MultithreadedTaskDispatcher with 18 workers.
 -> (artifact id: '2f73d5bc36628ec921353786ac59b41c') in 0.024954 seconds
Number of updated asset objects reloaded before import = 0
Number of asset objects unloaded after import = 2
========================================================================
Received Import Request.
  Time since last request: 0.004958 seconds.
  path: Assets/HorrorPuzzleItems/Card/Icons/Icon_Card_GateSystemYellow.png
  artifactKey: Guid(dae2b16df388c2647801ea7334b766b7) Importer(815301076,1909f56bfc062723c751e8b465ee728b)
Start importing Assets/HorrorPuzzleItems/Card/Icons/Icon_Card_GateSystemYellow.png using Guid(dae2b16df388c2647801ea7334b766b7) Importer(815301076,1909f56bfc062723c751e8b465ee728b) [PhysX] Initialized MultithreadedTaskDispatcher with 18 workers.
[PhysX] Initialized MultithreadedTaskDispatcher with 18 workers.
 -> (artifact id: '7e4ce3b13403f22e6005007d62e08e37') in 0.030523 seconds
Number of updated asset objects reloaded before import = 0
Number of asset objects unloaded after import = 3
========================================================================
Received Import Request.
  Time since last request: 0.006935 seconds.
  path: Assets/Scenes/ZNS3D/Vintage Living Room Game Pack/Textures/Antique_Light
  artifactKey: Guid(c2016fcabdbeb264eae389feb23b1a27) Importer(815301076,1909f56bfc062723c751e8b465ee728b)
Start importing Assets/Scenes/ZNS3D/Vintage Living Room Game Pack/Textures/Antique_Light using Guid(c2016fcabdbeb264eae389feb23b1a27) Importer(815301076,1909f56bfc062723c751e8b465ee728b) [PhysX] Initialized MultithreadedTaskDispatcher with 18 workers.
 -> (artifact id: '1e2c9d9c3f89ee30e6a8229d3c3401c3') in 0.001050 seconds
Number of updated asset objects reloaded before import = 0
Number of asset objects unloaded after import = 0
========================================================================
Received Import Request.
  Time since last request: 0.003760 seconds.
  path: Assets/npc_casual_set_00/Prefabs/Prefabs_Parts/npc_hmn_01m_arms5.prefab
  artifactKey: Guid(a7e1c4d6e06aeb84bb3b260930ee69e0) Importer(815301076,1909f56bfc062723c751e8b465ee728b)
Start importing Assets/npc_casual_set_00/Prefabs/Prefabs_Parts/npc_hmn_01m_arms5.prefab using Guid(a7e1c4d6e06aeb84bb3b260930ee69e0) Importer(815301076,1909f56bfc062723c751e8b465ee728b) [PhysX] Initialized MultithreadedTaskDispatcher with 18 workers.
[PhysX] Initialized MultithreadedTaskDispatcher with 18 workers.
 -> (artifact id: 'bd3ee5216a6a1e76873b9b83ec46d5d9') in 0.032509 seconds
Number of updated asset objects reloaded before import = 0
Number of asset objects unloaded after import = 289
========================================================================
Received Import Request.
  Time since last request: 0.009840 seconds.
  path: Assets/npc_casual_set_00/Textures/npc_hmn_face_01f_03_01_n.tif
  artifactKey: Guid(c3547d96760784d43bb81cf9d3b890d6) Importer(815301076,1909f56bfc062723c751e8b465ee728b)
Start importing Assets/npc_casual_set_00/Textures/npc_hmn_face_01f_03_01_n.tif using Guid(c3547d96760784d43bb81cf9d3b890d6) Importer(815301076,1909f56bfc062723c751e8b465ee728b) [PhysX] Initialized MultithreadedTaskDispatcher with 18 workers.
[PhysX] Initialized MultithreadedTaskDispatcher with 18 workers.
 -> (artifact id: '0ea09e6ab99923c40ed3ed3eace7ea0f') in 0.023179 seconds
Number of updated asset objects reloaded before import = 0
Number of asset objects unloaded after import = 2
========================================================================
Received Import Request.
  Time since last request: 0.004283 seconds.
  path: Assets/npc_casual_set_00/Mesh/Mesh_Parts/npc_hmn_01m_lowerbody6.fbx
  artifactKey: Guid(4aef24d6e46c3ad48a148224865603d9) Importer(815301076,1909f56bfc062723c751e8b465ee728b)
Start importing Assets/npc_casual_set_00/Mesh/Mesh_Parts/npc_hmn_01m_lowerbody6.fbx using Guid(4aef24d6e46c3ad48a148224865603d9) Importer(815301076,1909f56bfc062723c751e8b465ee728b) [PhysX] Initialized MultithreadedTaskDispatcher with 18 workers.
[PhysX] Initialized MultithreadedTaskDispatcher with 18 workers.
[PhysX] Initialized MultithreadedTaskDispatcher with 18 workers.
[PhysX] Initialized MultithreadedTaskDispatcher with 18 workers.
[PhysX] Initialized MultithreadedTaskDispatcher with 18 workers.
[PhysX] Initialized MultithreadedTaskDispatcher with 18 workers.
[PhysX] Initialized MultithreadedTaskDispatcher with 18 workers.
[PhysX] Initialized MultithreadedTaskDispatcher with 18 workers.
[PhysX] Initialized MultithreadedTaskDispatcher with 18 workers.
[PhysX] Initialized MultithreadedTaskDispatcher with 18 workers.
[PhysX] Initialized MultithreadedTaskDispatcher with 18 workers.
[PhysX] Initialized MultithreadedTaskDispatcher with 18 workers.
 -> (artifact id: 'cd73a7690b755ebbd9e15c563cc96e50') in 0.091455 seconds
Number of updated asset objects reloaded before import = 0
Number of asset objects unloaded after import = 149
========================================================================
Received Import Request.
  Time since last request: 0.014068 seconds.
  path: Assets/npc_casual_set_00/Textures/npc_csl_pants_00m_01_02_c.tif
  artifactKey: Guid(e3dc5f6bfe627724bb3d32c531376f21) Importer(815301076,1909f56bfc062723c751e8b465ee728b)
Start importing Assets/npc_casual_set_00/Textures/npc_csl_pants_00m_01_02_c.tif using Guid(e3dc5f6bfe627724bb3d32c531376f21) Importer(815301076,1909f56bfc062723c751e8b465ee728b) [PhysX] Initialized MultithreadedTaskDispatcher with 18 workers.
[PhysX] Initialized MultithreadedTaskDispatcher with 18 workers.
 -> (artifact id: 'ef719bf89202047691dabd0686d139e1') in 0.025242 seconds
Number of updated asset objects reloaded before import = 0
Number of asset objects unloaded after import = 2
========================================================================
Received Import Request.
  Time since last request: 0.004208 seconds.
  path: Assets/nappin/OfficeEssentialsPack/Prefabs/(Prb)PenHolder.prefab
  artifactKey: Guid(0177ee00efab698438288ebb753747ce) Importer(815301076,1909f56bfc062723c751e8b465ee728b)
Start importing Assets/nappin/OfficeEssentialsPack/Prefabs/(Prb)PenHolder.prefab using Guid(0177ee00efab698438288ebb753747ce) Importer(815301076,1909f56bfc062723c751e8b465ee728b) [PhysX] Initialized MultithreadedTaskDispatcher with 18 workers.
[PhysX] Initialized MultithreadedTaskDispatcher with 18 workers.
 -> (artifact id: '58b958baa16a5c4c0fe74907f9ff304c') in 0.033049 seconds
Number of updated asset objects reloaded before import = 0
Number of asset objects unloaded after import = 43
========================================================================
Received Import Request.
  Time since last request: 0.009395 seconds.
  path: Assets/npc_casual_set_00/Mesh/Mesh_Parts/npc_hmn_01m_torso4.fbx
  artifactKey: Guid(b75cb15a639f5b445980494bc81771e0) Importer(815301076,1909f56bfc062723c751e8b465ee728b)
Start importing Assets/npc_casual_set_00/Mesh/Mesh_Parts/npc_hmn_01m_torso4.fbx using Guid(b75cb15a639f5b445980494bc81771e0) Importer(815301076,1909f56bfc062723c751e8b465ee728b) [PhysX] Initialized MultithreadedTaskDispatcher with 18 workers.
[PhysX] Initialized MultithreadedTaskDispatcher with 18 workers.
[PhysX] Initialized MultithreadedTaskDispatcher with 18 workers.
[PhysX] Initialized MultithreadedTaskDispatcher with 18 workers.
[PhysX] Initialized MultithreadedTaskDispatcher with 18 workers.
[PhysX] Initialized MultithreadedTaskDispatcher with 18 workers.
[PhysX] Initialized MultithreadedTaskDispatcher with 18 workers.
[PhysX] Initialized MultithreadedTaskDispatcher with 18 workers.
[PhysX] Initialized MultithreadedTaskDispatcher with 18 workers.
[PhysX] Initialized MultithreadedTaskDispatcher with 18 workers.
[PhysX] Initialized MultithreadedTaskDispatcher with 18 workers.
[PhysX] Initialized MultithreadedTaskDispatcher with 18 workers.
 -> (artifact id: '8f621740e510ab3386b8f953461257cf') in 0.101433 seconds
Number of updated asset objects reloaded before import = 0
Number of asset objects unloaded after import = 149
========================================================================
Received Import Request.
  Time since last request: 0.002205 seconds.
  path: Assets/HorrorPuzzleItems/Lighter/Prefabs
  artifactKey: Guid(166c3b29bbb49794f82ad6eac169eb72) Importer(815301076,1909f56bfc062723c751e8b465ee728b)
Start importing Assets/HorrorPuzzleItems/Lighter/Prefabs using Guid(166c3b29bbb49794f82ad6eac169eb72) Importer(815301076,1909f56bfc062723c751e8b465ee728b) [PhysX] Initialized MultithreadedTaskDispatcher with 18 workers.
 -> (artifact id: 'e621b2656f596c8f24a3624bdcbb1207') in 0.001110 seconds
Number of updated asset objects reloaded before import = 0
Number of asset objects unloaded after import = 0
========================================================================
Received Import Request.
  Time since last request: 0.002911 seconds.
  path: Assets/Scenes/fianl_project.unity
  artifactKey: Guid(626e46fd80fa6864597b06025f492f41) Importer(815301076,1909f56bfc062723c751e8b465ee728b)
Start importing Assets/Scenes/fianl_project.unity using Guid(626e46fd80fa6864597b06025f492f41) Importer(815301076,1909f56bfc062723c751e8b465ee728b) [PhysX] Initialized MultithreadedTaskDispatcher with 18 workers.
 -> (artifact id: '2f5a8cba3973a9f3782e02f47f4e3356') in 0.000800 seconds
Number of updated asset objects reloaded before import = 0
Number of asset objects unloaded after import = 0
========================================================================
Received Import Request.
  Time since last request: 0.008766 seconds.
  path: Assets/npc_casual_set_00/Textures/npc_hmn_face_01m_02_01_c.tif
  artifactKey: Guid(721320e85a0c967489df61dc3afdf115) Importer(815301076,1909f56bfc062723c751e8b465ee728b)
Start importing Assets/npc_casual_set_00/Textures/npc_hmn_face_01m_02_01_c.tif using Guid(721320e85a0c967489df61dc3afdf115) Importer(815301076,1909f56bfc062723c751e8b465ee728b) [PhysX] Initialized MultithreadedTaskDispatcher with 18 workers.
[PhysX] Initialized MultithreadedTaskDispatcher with 18 workers.
 -> (artifact id: 'c0a2bd093b60b9be85271849b86b3d41') in 0.021565 seconds
Number of updated asset objects reloaded before import = 0
Number of asset objects unloaded after import = 2
========================================================================
Received Import Request.
  Time since last request: 0.005938 seconds.
  path: Assets/npc_casual_set_00/Mesh/Mesh_Parts/npc_hmn_01f_lowerbody4.fbx
  artifactKey: Guid(30ea2187936c86e4084426534fbdb994) Importer(815301076,1909f56bfc062723c751e8b465ee728b)
Start importing Assets/npc_casual_set_00/Mesh/Mesh_Parts/npc_hmn_01f_lowerbody4.fbx using Guid(30ea2187936c86e4084426534fbdb994) Importer(815301076,1909f56bfc062723c751e8b465ee728b) [PhysX] Initialized MultithreadedTaskDispatcher with 18 workers.
[PhysX] Initialized MultithreadedTaskDispatcher with 18 workers.
[PhysX] Initialized MultithreadedTaskDispatcher with 18 workers.
[PhysX] Initialized MultithreadedTaskDispatcher with 18 workers.
[PhysX] Initialized MultithreadedTaskDispatcher with 18 workers.
[PhysX] Initialized MultithreadedTaskDispatcher with 18 workers.
[PhysX] Initialized MultithreadedTaskDispatcher with 18 workers.
[PhysX] Initialized MultithreadedTaskDispatcher with 18 workers.
[PhysX] Initialized MultithreadedTaskDispatcher with 18 workers.
[PhysX] Initialized MultithreadedTaskDispatcher with 18 workers.
[PhysX] Initialized MultithreadedTaskDispatcher with 18 workers.
[PhysX] Initialized MultithreadedTaskDispatcher with 18 workers.
 -> (artifact id: 'c05ea4cdb984a6e8b81a25f286ff5b54') in 0.095288 seconds
Number of updated asset objects reloaded before import = 0
Number of asset objects unloaded after import = 149
========================================================================
Received Import Request.
  Time since last request: 0.004394 seconds.
  path: Assets/npc_casual_set_00/Prefabs/Prefabs_Parts/npc_hmn_01f_torso4.prefab
  artifactKey: Guid(b8da6333c502e5d41ba3f8c19b7a87d6) Importer(815301076,1909f56bfc062723c751e8b465ee728b)
Start importing Assets/npc_casual_set_00/Prefabs/Prefabs_Parts/npc_hmn_01f_torso4.prefab using Guid(b8da6333c502e5d41ba3f8c19b7a87d6) Importer(815301076,1909f56bfc062723c751e8b465ee728b) [PhysX] Initialized MultithreadedTaskDispatcher with 18 workers.
[PhysX] Initialized MultithreadedTaskDispatcher with 18 workers.
 -> (artifact id: 'bee6d282398db4562a414701253b2dc6') in 0.038360 seconds
Number of updated asset objects reloaded before import = 0
Number of asset objects unloaded after import = 289
========================================================================
Received Import Request.
  Time since last request: 0.008855 seconds.
  path: Assets/npc_casual_set_00/Prefabs/Prefabs_Parts/npc_hmn_01m_lowerbody3.prefab
  artifactKey: Guid(5402ebfa737502247a9605be6ba75340) Importer(815301076,1909f56bfc062723c751e8b465ee728b)
Start importing Assets/npc_casual_set_00/Prefabs/Prefabs_Parts/npc_hmn_01m_lowerbody3.prefab using Guid(5402ebfa737502247a9605be6ba75340) Importer(815301076,1909f56bfc062723c751e8b465ee728b) [PhysX] Initialized MultithreadedTaskDispatcher with 18 workers.
[PhysX] Initialized MultithreadedTaskDispatcher with 18 workers.
 -> (artifact id: 'c93437d6ce0d1d5184208d1a48b066d7') in 0.039798 seconds
Number of updated asset objects reloaded before import = 0
Number of asset objects unloaded after import = 289
========================================================================
Received Import Request.
  Time since last request: 0.002726 seconds.
  path: Assets/Scenes/ZNS3D/Vintage Living Room Game Pack/Textures/Antique_Light/Materials
  artifactKey: Guid(afd1ba4941426244aac3e514543705cc) Importer(815301076,1909f56bfc062723c751e8b465ee728b)
Start importing Assets/Scenes/ZNS3D/Vintage Living Room Game Pack/Textures/Antique_Light/Materials using Guid(afd1ba4941426244aac3e514543705cc) Importer(815301076,1909f56bfc062723c751e8b465ee728b) [PhysX] Initialized MultithreadedTaskDispatcher with 18 workers.
 -> (artifact id: '4cc10b2938e1366d619d89867fce4c00') in 0.001510 seconds
Number of updated asset objects reloaded before import = 0
Number of asset objects unloaded after import = 0
========================================================================
Received Import Request.
  Time since last request: 0.040811 seconds.
  path: Assets/npc_casual_set_00/Mesh/Mesh_Parts/npc_hmn_01m_upperbody4.fbx
  artifactKey: Guid(dbd47671905a32148aec3885be7f3146) Importer(815301076,1909f56bfc062723c751e8b465ee728b)
Start importing Assets/npc_casual_set_00/Mesh/Mesh_Parts/npc_hmn_01m_upperbody4.fbx using Guid(dbd47671905a32148aec3885be7f3146) Importer(815301076,1909f56bfc062723c751e8b465ee728b) [PhysX] Initialized MultithreadedTaskDispatcher with 18 workers.
[PhysX] Initialized MultithreadedTaskDispatcher with 18 workers.
[PhysX] Initialized MultithreadedTaskDispatcher with 18 workers.
[PhysX] Initialized MultithreadedTaskDispatcher with 18 workers.
[PhysX] Initialized MultithreadedTaskDispatcher with 18 workers.
[PhysX] Initialized MultithreadedTaskDispatcher with 18 workers.
[PhysX] Initialized MultithreadedTaskDispatcher with 18 workers.
[PhysX] Initialized MultithreadedTaskDispatcher with 18 workers.
[PhysX] Initialized MultithreadedTaskDispatcher with 18 workers.
[PhysX] Initialized MultithreadedTaskDispatcher with 18 workers.
[PhysX] Initialized MultithreadedTaskDispatcher with 18 workers.
[PhysX] Initialized MultithreadedTaskDispatcher with 18 workers.
 -> (artifact id: 'c843d40c16e0716a6a932a86c5d17ad9') in 0.092587 seconds
Number of updated asset objects reloaded before import = 0
Number of asset objects unloaded after import = 154
========================================================================
Received Import Request.
  Time since last request: 0.022920 seconds.
  path: Assets/npc_casual_set_00/Mesh/Mesh_Parts/npc_csl_tshirt_00m_parts.fbx
  artifactKey: Guid(7aa2868bae9fe834eb30836ccabbddce) Importer(815301076,1909f56bfc062723c751e8b465ee728b)
Start importing Assets/npc_casual_set_00/Mesh/Mesh_Parts/npc_csl_tshirt_00m_parts.fbx using Guid(7aa2868bae9fe834eb30836ccabbddce) Importer(815301076,1909f56bfc062723c751e8b465ee728b) [PhysX] Initialized MultithreadedTaskDispatcher with 18 workers.
[PhysX] Initialized MultithreadedTaskDispatcher with 18 workers.
[PhysX] Initialized MultithreadedTaskDispatcher with 18 workers.
[PhysX] Initialized MultithreadedTaskDispatcher with 18 workers.
[PhysX] Initialized MultithreadedTaskDispatcher with 18 workers.
[PhysX] Initialized MultithreadedTaskDispatcher with 18 workers.
[PhysX] Initialized MultithreadedTaskDispatcher with 18 workers.
[PhysX] Initialized MultithreadedTaskDispatcher with 18 workers.
[PhysX] Initialized MultithreadedTaskDispatcher with 18 workers.
[PhysX] Initialized MultithreadedTaskDispatcher with 18 workers.
[PhysX] Initialized MultithreadedTaskDispatcher with 18 workers.
[PhysX] Initialized MultithreadedTaskDispatcher with 18 workers.
[PhysX] Initialized MultithreadedTaskDispatcher with 18 workers.
[PhysX] Initialized MultithreadedTaskDispatcher with 18 workers.
[PhysX] Initialized MultithreadedTaskDispatcher with 18 workers.
[PhysX] Initialized MultithreadedTaskDispatcher with 18 workers.
[PhysX] Initialized MultithreadedTaskDispatcher with 18 workers.
[PhysX] Initialized MultithreadedTaskDispatcher with 18 workers.
[PhysX] Initialized MultithreadedTaskDispatcher with 18 workers.
[PhysX] Initialized MultithreadedTaskDispatcher with 18 workers.
[PhysX] Initialized MultithreadedTaskDispatcher with 18 workers.
[PhysX] Initialized MultithreadedTaskDispatcher with 18 workers.
[PhysX] Initialized MultithreadedTaskDispatcher with 18 workers.
[PhysX] Initialized MultithreadedTaskDispatcher with 18 workers.
[PhysX] Initialized MultithreadedTaskDispatcher with 18 workers.
[PhysX] Initialized MultithreadedTaskDispatcher with 18 workers.
[PhysX] Initialized MultithreadedTaskDispatcher with 18 workers.
[PhysX] Initialized MultithreadedTaskDispatcher with 18 workers.
[PhysX] Initialized MultithreadedTaskDispatcher with 18 workers.
[PhysX] Initialized MultithreadedTaskDispatcher with 18 workers.
[PhysX] Initialized MultithreadedTaskDispatcher with 18 workers.
[PhysX] Initialized MultithreadedTaskDispatcher with 18 workers.
 -> (artifact id: 'c23d1aa74648ff4f2560db0d833bda27') in 0.176787 seconds
Number of updated asset objects reloaded before import = 0
Number of asset objects unloaded after import = 209
========================================================================
Received Import Request.
  Time since last request: 0.018367 seconds.
  path: Assets/npc_casual_set_00/Textures/npc_csl_tshirt_00m_01_02_c.tif
  artifactKey: Guid(5eb6ee567c77db448b875502d6075c64) Importer(815301076,1909f56bfc062723c751e8b465ee728b)
Start importing Assets/npc_casual_set_00/Textures/npc_csl_tshirt_00m_01_02_c.tif using Guid(5eb6ee567c77db448b875502d6075c64) Importer(815301076,1909f56bfc062723c751e8b465ee728b) [PhysX] Initialized MultithreadedTaskDispatcher with 18 workers.
[PhysX] Initialized MultithreadedTaskDispatcher with 18 workers.
 -> (artifact id: '1bf3417a08009fc076a8e31720621a14') in 0.024664 seconds
Number of updated asset objects reloaded before import = 0
Number of asset objects unloaded after import = 2
========================================================================
Received Import Request.
  Time since last request: 0.007564 seconds.
  path: Assets/HorrorPuzzleItems/Gem/Prefabs
  artifactKey: Guid(56eecd50e6c76f14b8741fe350ec710e) Importer(815301076,1909f56bfc062723c751e8b465ee728b)
Start importing Assets/HorrorPuzzleItems/Gem/Prefabs using Guid(56eecd50e6c76f14b8741fe350ec710e) Importer(815301076,1909f56bfc062723c751e8b465ee728b) [PhysX] Initialized MultithreadedTaskDispatcher with 18 workers.
 -> (artifact id: 'ea83cfb02f05c8738b0ce5f9e6b15834') in 0.001344 seconds
Number of updated asset objects reloaded before import = 0
Number of asset objects unloaded after import = 0
========================================================================
Received Import Request.
  Time since last request: 0.015533 seconds.
  path: Assets/npc_casual_set_00/Mesh/npc_haircut_c_02.fbx
  artifactKey: Guid(a10f81b6957ffb049bef4a7217b81e1a) Importer(815301076,1909f56bfc062723c751e8b465ee728b)
Start importing Assets/npc_casual_set_00/Mesh/npc_haircut_c_02.fbx using Guid(a10f81b6957ffb049bef4a7217b81e1a) Importer(815301076,1909f56bfc062723c751e8b465ee728b) [PhysX] Initialized MultithreadedTaskDispatcher with 18 workers.
[PhysX] Initialized MultithreadedTaskDispatcher with 18 workers.
[PhysX] Initialized MultithreadedTaskDispatcher with 18 workers.
[PhysX] Initialized MultithreadedTaskDispatcher with 18 workers.
[PhysX] Initialized MultithreadedTaskDispatcher with 18 workers.
[PhysX] Initialized MultithreadedTaskDispatcher with 18 workers.
[PhysX] Initialized MultithreadedTaskDispatcher with 18 workers.
[PhysX] Initialized MultithreadedTaskDispatcher with 18 workers.
[PhysX] Initialized MultithreadedTaskDispatcher with 18 workers.
[PhysX] Initialized MultithreadedTaskDispatcher with 18 workers.
[PhysX] Initialized MultithreadedTaskDispatcher with 18 workers.
[PhysX] Initialized MultithreadedTaskDispatcher with 18 workers.
 -> (artifact id: 'e57a0db70e295ce239fdc8decf40df8e') in 0.081544 seconds
Number of updated asset objects reloaded before import = 0
Number of asset objects unloaded after import = 145
========================================================================
Received Import Request.
  Time since last request: 0.012367 seconds.
  path: Assets/npc_casual_set_00/Textures/npc_hmn_face_01f_03_01_c.tif
  artifactKey: Guid(8b42d7c91f5d6b545bf9c26b456386e3) Importer(815301076,1909f56bfc062723c751e8b465ee728b)
Start importing Assets/npc_casual_set_00/Textures/npc_hmn_face_01f_03_01_c.tif using Guid(8b42d7c91f5d6b545bf9c26b456386e3) Importer(815301076,1909f56bfc062723c751e8b465ee728b) [PhysX] Initialized MultithreadedTaskDispatcher with 18 workers.
[PhysX] Initialized MultithreadedTaskDispatcher with 18 workers.
 -> (artifact id: '337ea67cd8c0c872e5eaf23d2ea87672') in 0.022469 seconds
Number of updated asset objects reloaded before import = 0
Number of asset objects unloaded after import = 2
========================================================================
Received Import Request.
  Time since last request: 0.025336 seconds.
  path: Assets/HorrorPuzzleItems/Card/Icons/Icon_Card_GateSystemBlue.png
  artifactKey: Guid(3ecf563d7dfc35647bf05fe4633a0062) Importer(815301076,1909f56bfc062723c751e8b465ee728b)
Start importing Assets/HorrorPuzzleItems/Card/Icons/Icon_Card_GateSystemBlue.png using Guid(3ecf563d7dfc35647bf05fe4633a0062) Importer(815301076,1909f56bfc062723c751e8b465ee728b) [PhysX] Initialized MultithreadedTaskDispatcher with 18 workers.
[PhysX] Initialized MultithreadedTaskDispatcher with 18 workers.
 -> (artifact id: 'bba3e2a26e5c07747685510f98351d07') in 0.030686 seconds
Number of updated asset objects reloaded before import = 0
Number of asset objects unloaded after import = 3
========================================================================
Received Import Request.
  Time since last request: 0.003941 seconds.
  path: Assets/nappin/OfficeEssentialsPack/Prefabs/(Prb)SeparatorDoor.prefab
  artifactKey: Guid(fd9a0b6c96158cf4291ea793dcd09c5e) Importer(815301076,1909f56bfc062723c751e8b465ee728b)
Start importing Assets/nappin/OfficeEssentialsPack/Prefabs/(Prb)SeparatorDoor.prefab using Guid(fd9a0b6c96158cf4291ea793dcd09c5e) Importer(815301076,1909f56bfc062723c751e8b465ee728b) [PhysX] Initialized MultithreadedTaskDispatcher with 18 workers.
[PhysX] Initialized MultithreadedTaskDispatcher with 18 workers.
 -> (artifact id: 'ef3f2343240280d96e9277bf5bd08c4c') in 0.033999 seconds
Number of updated asset objects reloaded before import = 0
Number of asset objects unloaded after import = 26
========================================================================
Received Import Request.
  Time since last request: 0.004004 seconds.
  path: Assets/npc_casual_set_00/readme.txt
  artifactKey: Guid(783461f53ec35ed42a17c15f841e0b09) Importer(815301076,1909f56bfc062723c751e8b465ee728b)
Start importing Assets/npc_casual_set_00/readme.txt using Guid(783461f53ec35ed42a17c15f841e0b09) Importer(815301076,1909f56bfc062723c751e8b465ee728b) [PhysX] Initialized MultithreadedTaskDispatcher with 18 workers.
 -> (artifact id: '797e6d004f585e995147554ebfd1d81d') in 0.001339 seconds
Number of updated asset objects reloaded before import = 0
Number of asset objects unloaded after import = 1
========================================================================
Received Import Request.
  Time since last request: 0.003095 seconds.
  path: Assets/HorrorPuzzleItems/USBKey/Materials
  artifactKey: Guid(51160f1744422eb47be8b136d4e33c6c) Importer(815301076,1909f56bfc062723c751e8b465ee728b)
Start importing Assets/HorrorPuzzleItems/USBKey/Materials using Guid(51160f1744422eb47be8b136d4e33c6c) Importer(815301076,1909f56bfc062723c751e8b465ee728b) [PhysX] Initialized MultithreadedTaskDispatcher with 18 workers.
 -> (artifact id: '54173af38f1f34750e4e28fd8d81dc7c') in 0.000642 seconds
Number of updated asset objects reloaded before import = 0
Number of asset objects unloaded after import = 0
========================================================================
Received Import Request.
  Time since last request: 0.014719 seconds.
  path: Assets/HorrorPuzzleItems/Card/Icons/Icon_Card_GateSystemRed.png
  artifactKey: Guid(73a351ee1a6ffe84791f3ba0714df6db) Importer(815301076,1909f56bfc062723c751e8b465ee728b)
Start importing Assets/HorrorPuzzleItems/Card/Icons/Icon_Card_GateSystemRed.png using Guid(73a351ee1a6ffe84791f3ba0714df6db) Importer(815301076,1909f56bfc062723c751e8b465ee728b) [PhysX] Initialized MultithreadedTaskDispatcher with 18 workers.
[PhysX] Initialized MultithreadedTaskDispatcher with 18 workers.
 -> (artifact id: 'c4f11426271c9d5a1c061054a554a294') in 0.028205 seconds
Number of updated asset objects reloaded before import = 0
Number of asset objects unloaded after import = 3
========================================================================
Received Import Request.
  Time since last request: 0.003958 seconds.
  path: Assets/npc_casual_set_00/Prefabs/Prefabs_Parts/npc_csl_shirtopenrolled_00m_parts.prefab
  artifactKey: Guid(b7661abe58e3f374e887175d9b8995ec) Importer(815301076,1909f56bfc062723c751e8b465ee728b)
Start importing Assets/npc_casual_set_00/Prefabs/Prefabs_Parts/npc_csl_shirtopenrolled_00m_parts.prefab using Guid(b7661abe58e3f374e887175d9b8995ec) Importer(815301076,1909f56bfc062723c751e8b465ee728b) [PhysX] Initialized MultithreadedTaskDispatcher with 18 workers.
[PhysX] Initialized MultithreadedTaskDispatcher with 18 workers.
 -> (artifact id: '8b9715bdd5e162eefef48a460ead6f76') in 0.035931 seconds
Number of updated asset objects reloaded before import = 0
Number of asset objects unloaded after import = 344
========================================================================
Received Import Request.
  Time since last request: 0.026449 seconds.
  path: Assets/npc_casual_set_00/Mesh/Mesh_Parts/npc_hmn_01m_upperbody3.fbx
  artifactKey: Guid(4a4107544e7c65642b687d7a385611d4) Importer(815301076,1909f56bfc062723c751e8b465ee728b)
Start importing Assets/npc_casual_set_00/Mesh/Mesh_Parts/npc_hmn_01m_upperbody3.fbx using Guid(4a4107544e7c65642b687d7a385611d4) Importer(815301076,1909f56bfc062723c751e8b465ee728b) [PhysX] Initialized MultithreadedTaskDispatcher with 18 workers.
[PhysX] Initialized MultithreadedTaskDispatcher with 18 workers.
[PhysX] Initialized MultithreadedTaskDispatcher with 18 workers.
[PhysX] Initialized MultithreadedTaskDispatcher with 18 workers.
[PhysX] Initialized MultithreadedTaskDispatcher with 18 workers.
[PhysX] Initialized MultithreadedTaskDispatcher with 18 workers.
[PhysX] Initialized MultithreadedTaskDispatcher with 18 workers.
[PhysX] Initialized MultithreadedTaskDispatcher with 18 workers.
[PhysX] Initialized MultithreadedTaskDispatcher with 18 workers.
[PhysX] Initialized MultithreadedTaskDispatcher with 18 workers.
[PhysX] Initialized MultithreadedTaskDispatcher with 18 workers.
[PhysX] Initialized MultithreadedTaskDispatcher with 18 workers.
 -> (artifact id: 'dcc8aafdcee5c15b51ee4571ce8a36f4') in 0.098650 seconds
Number of updated asset objects reloaded before import = 0
Number of asset objects unloaded after import = 154
========================================================================
Received Import Request.
  Time since last request: 0.005699 seconds.
  path: Assets/npc_casual_set_00/Textures/npc_csl_tshirt_00m_01_01bw_c.tif
  artifactKey: Guid(a53bd095d854b014c85ff9d6b7bccac0) Importer(815301076,1909f56bfc062723c751e8b465ee728b)
Start importing Assets/npc_casual_set_00/Textures/npc_csl_tshirt_00m_01_01bw_c.tif using Guid(a53bd095d854b014c85ff9d6b7bccac0) Importer(815301076,1909f56bfc062723c751e8b465ee728b) [PhysX] Initialized MultithreadedTaskDispatcher with 18 workers.
[PhysX] Initialized MultithreadedTaskDispatcher with 18 workers.
 -> (artifact id: '5006a0a6758ad866092c2be019ed2b01') in 0.025945 seconds
Number of updated asset objects reloaded before import = 0
Number of asset objects unloaded after import = 2
========================================================================
Received Import Request.
  Time since last request: 0.005455 seconds.
  path: Assets/npc_casual_set_00/Prefabs/Prefabs_Parts/npc_hmn_01m_lowerbody5.prefab
  artifactKey: Guid(ce27506fe1071cb46a35d02d8f79d9f9) Importer(815301076,1909f56bfc062723c751e8b465ee728b)
Start importing Assets/npc_casual_set_00/Prefabs/Prefabs_Parts/npc_hmn_01m_lowerbody5.prefab using Guid(ce27506fe1071cb46a35d02d8f79d9f9) Importer(815301076,1909f56bfc062723c751e8b465ee728b) [PhysX] Initialized MultithreadedTaskDispatcher with 18 workers.
[PhysX] Initialized MultithreadedTaskDispatcher with 18 workers.
 -> (artifact id: '29b86797cc8617327a0ceddf6fd2851d') in 0.036453 seconds
Number of updated asset objects reloaded before import = 0
Number of asset objects unloaded after import = 289
========================================================================
Received Import Request.
  Time since last request: 0.008034 seconds.
  path: Assets/npc_casual_set_00/Mesh/Mesh_Parts/npc_hmn_01f_fingers2.fbx
  artifactKey: Guid(36ba4fb86bc87ca42b84b5b252331260) Importer(815301076,1909f56bfc062723c751e8b465ee728b)
Start importing Assets/npc_casual_set_00/Mesh/Mesh_Parts/npc_hmn_01f_fingers2.fbx using Guid(36ba4fb86bc87ca42b84b5b252331260) Importer(815301076,1909f56bfc062723c751e8b465ee728b) [PhysX] Initialized MultithreadedTaskDispatcher with 18 workers.
[PhysX] Initialized MultithreadedTaskDispatcher with 18 workers.
[PhysX] Initialized MultithreadedTaskDispatcher with 18 workers.
[PhysX] Initialized MultithreadedTaskDispatcher with 18 workers.
[PhysX] Initialized MultithreadedTaskDispatcher with 18 workers.
[PhysX] Initialized MultithreadedTaskDispatcher with 18 workers.
[PhysX] Initialized MultithreadedTaskDispatcher with 18 workers.
[PhysX] Initialized MultithreadedTaskDispatcher with 18 workers.
[PhysX] Initialized MultithreadedTaskDispatcher with 18 workers.
[PhysX] Initialized MultithreadedTaskDispatcher with 18 workers.
[PhysX] Initialized MultithreadedTaskDispatcher with 18 workers.
[PhysX] Initialized MultithreadedTaskDispatcher with 18 workers.
 -> (artifact id: '97b732aee93f1a77ad527dbcf9e1cfcb') in 0.089100 seconds
Number of updated asset objects reloaded before import = 0
Number of asset objects unloaded after import = 145
========================================================================
Received Import Request.
  Time since last request: 0.003132 seconds.
  path: Assets/HorrorPuzzleItems/Card/Models
  artifactKey: Guid(8b61ea8e6ff4e3f4eb0d62ff7a9285cc) Importer(815301076,1909f56bfc062723c751e8b465ee728b)
Start importing Assets/HorrorPuzzleItems/Card/Models using Guid(8b61ea8e6ff4e3f4eb0d62ff7a9285cc) Importer(815301076,1909f56bfc062723c751e8b465ee728b) [PhysX] Initialized MultithreadedTaskDispatcher with 18 workers.
 -> (artifact id: 'd7a15ebf57a32114c874d5bbbc6e9f60') in 0.001197 seconds
Number of updated asset objects reloaded before import = 0
Number of asset objects unloaded after import = 0
========================================================================
Received Import Request.
  Time since last request: 0.007064 seconds.
  path: Assets/nappin/OfficeEssentialsPack/Prefabs/(Prb)Drawer1.prefab
  artifactKey: Guid(676edecf7cf6d7645a15b3550dce3e70) Importer(815301076,1909f56bfc062723c751e8b465ee728b)
Start importing Assets/nappin/OfficeEssentialsPack/Prefabs/(Prb)Drawer1.prefab using Guid(676edecf7cf6d7645a15b3550dce3e70) Importer(815301076,1909f56bfc062723c751e8b465ee728b) [PhysX] Initialized MultithreadedTaskDispatcher with 18 workers.
[PhysX] Initialized MultithreadedTaskDispatcher with 18 workers.
 -> (artifact id: '87fd95eafe072abe4428ef97ea20b51a') in 0.029947 seconds
Number of updated asset objects reloaded before import = 0
Number of asset objects unloaded after import = 30
========================================================================
Received Import Request.
  Time since last request: 0.018118 seconds.
  path: Assets/npc_casual_set_00/Prefabs/Prefabs_Parts/npc_hmn_01m_torso4.prefab
  artifactKey: Guid(abaf9731b4705a848a1b665d7d1b85a8) Importer(815301076,1909f56bfc062723c751e8b465ee728b)
Start importing Assets/npc_casual_set_00/Prefabs/Prefabs_Parts/npc_hmn_01m_torso4.prefab using Guid(abaf9731b4705a848a1b665d7d1b85a8) Importer(815301076,1909f56bfc062723c751e8b465ee728b) [PhysX] Initialized MultithreadedTaskDispatcher with 18 workers.
[PhysX] Initialized MultithreadedTaskDispatcher with 18 workers.
 -> (artifact id: '6db5236a6172f2c5f27af7fa82c73024') in 0.038542 seconds
Number of updated asset objects reloaded before import = 0
Number of asset objects unloaded after import = 289
========================================================================
Received Import Request.
  Time since last request: 0.002530 seconds.
  path: Assets/npc_casual_set_00/Prefabs/Prefabs_Parts/npc_hmn_01m_upperbody2.prefab
  artifactKey: Guid(b9e23b63807a0a246a1beefbb5b22818) Importer(815301076,1909f56bfc062723c751e8b465ee728b)
Start importing Assets/npc_casual_set_00/Prefabs/Prefabs_Parts/npc_hmn_01m_upperbody2.prefab using Guid(b9e23b63807a0a246a1beefbb5b22818) Importer(815301076,1909f56bfc062723c751e8b465ee728b) [PhysX] Initialized MultithreadedTaskDispatcher with 18 workers.
[PhysX] Initialized MultithreadedTaskDispatcher with 18 workers.
 -> (artifact id: '269c07b6bb830d2fa0ed81a7ecadab7f') in 0.042735 seconds
Number of updated asset objects reloaded before import = 0
Number of asset objects unloaded after import = 294
========================================================================
Received Import Request.
  Time since last request: 0.016684 seconds.
  path: Assets/npc_casual_set_00/Prefabs/Prefabs_Parts/npc_csl_tshirt_00m_frontal.prefab
  artifactKey: Guid(326d412507e7439448a10b1afeff01e5) Importer(815301076,1909f56bfc062723c751e8b465ee728b)
Start importing Assets/npc_casual_set_00/Prefabs/Prefabs_Parts/npc_csl_tshirt_00m_frontal.prefab using Guid(326d412507e7439448a10b1afeff01e5) Importer(815301076,1909f56bfc062723c751e8b465ee728b) [PhysX] Initialized MultithreadedTaskDispatcher with 18 workers.
[PhysX] Initialized MultithreadedTaskDispatcher with 18 workers.
 -> (artifact id: '7a385931a2c477fa3a2b04067b374ace') in 0.033198 seconds
Number of updated asset objects reloaded before import = 0
Number of asset objects unloaded after import = 289
========================================================================
Received Import Request.
  Time since last request: 0.038476 seconds.
  path: Assets/npc_casual_set_00/Textures/npc_hmn_face_01f_01_01_o.tif
  artifactKey: Guid(8e027f063ce8e5c4c8e163020439769d) Importer(815301076,1909f56bfc062723c751e8b465ee728b)
Start importing Assets/npc_casual_set_00/Textures/npc_hmn_face_01f_01_01_o.tif using Guid(8e027f063ce8e5c4c8e163020439769d) Importer(815301076,1909f56bfc062723c751e8b465ee728b) [PhysX] Initialized MultithreadedTaskDispatcher with 18 workers.
[PhysX] Initialized MultithreadedTaskDispatcher with 18 workers.
 -> (artifact id: '2fe7ba850106d7154b3621deb4fb5c49') in 0.029773 seconds
Number of updated asset objects reloaded before import = 0
Number of asset objects unloaded after import = 2
========================================================================
Received Import Request.
  Time since last request: 0.002831 seconds.
  path: Assets/HorrorPuzzleItems/Gear/Models
  artifactKey: Guid(7f0ea1a2adbaf50459ccb4fd79d6f368) Importer(815301076,1909f56bfc062723c751e8b465ee728b)
Start importing Assets/HorrorPuzzleItems/Gear/Models using Guid(7f0ea1a2adbaf50459ccb4fd79d6f368) Importer(815301076,1909f56bfc062723c751e8b465ee728b) [PhysX] Initialized MultithreadedTaskDispatcher with 18 workers.
 -> (artifact id: '7c07fe8489d12a161bb39c172dce17c4') in 0.000939 seconds
Number of updated asset objects reloaded before import = 0
Number of asset objects unloaded after import = 0
========================================================================
Received Import Request.
  Time since last request: 0.008774 seconds.
  path: Assets/npc_casual_set_00/Textures/npc_csl_tshirt_00f_01_01_c.tif
  artifactKey: Guid(83d9d4b704ed521488a8170471f5afa4) Importer(815301076,1909f56bfc062723c751e8b465ee728b)
Start importing Assets/npc_casual_set_00/Textures/npc_csl_tshirt_00f_01_01_c.tif using Guid(83d9d4b704ed521488a8170471f5afa4) Importer(815301076,1909f56bfc062723c751e8b465ee728b) [PhysX] Initialized MultithreadedTaskDispatcher with 18 workers.
[PhysX] Initialized MultithreadedTaskDispatcher with 18 workers.
 -> (artifact id: '3bd896e22cdd15fcc3cb51538ac1dd9d') in 0.025554 seconds
Number of updated asset objects reloaded before import = 0
Number of asset objects unloaded after import = 2
========================================================================
Received Import Request.
  Time since last request: 0.006339 seconds.
  path: Assets/npc_casual_set_00/Scenes
  artifactKey: Guid(3290ea2f42461d2458f90b452ebb96d0) Importer(815301076,1909f56bfc062723c751e8b465ee728b)
Start importing Assets/npc_casual_set_00/Scenes using Guid(3290ea2f42461d2458f90b452ebb96d0) Importer(815301076,1909f56bfc062723c751e8b465ee728b) [PhysX] Initialized MultithreadedTaskDispatcher with 18 workers.
 -> (artifact id: '666c81cf1afe045091b5dd94f25250f0') in 0.001128 seconds
Number of updated asset objects reloaded before import = 0
Number of asset objects unloaded after import = 0
========================================================================
Received Import Request.
  Time since last request: 0.015496 seconds.
  path: Assets/npc_casual_set_00/Prefabs/npc_haircut_e_01.prefab
  artifactKey: Guid(245e71a87f818a24a8161ef895243639) Importer(815301076,1909f56bfc062723c751e8b465ee728b)
Start importing Assets/npc_casual_set_00/Prefabs/npc_haircut_e_01.prefab using Guid(245e71a87f818a24a8161ef895243639) Importer(815301076,1909f56bfc062723c751e8b465ee728b) [PhysX] Initialized MultithreadedTaskDispatcher with 18 workers.
[PhysX] Initialized MultithreadedTaskDispatcher with 18 workers.
 -> (artifact id: '968c303d25d7dad624051af6da0370b7') in 0.034272 seconds
Number of updated asset objects reloaded before import = 0
Number of asset objects unloaded after import = 281
========================================================================
Received Import Request.
  Time since last request: 0.003571 seconds.
  path: Assets/npc_casual_set_00/Prefabs/Prefabs_Parts/npc_csl_shirtopenrolled_00f_parts.prefab
  artifactKey: Guid(2b6fc42c014ff6845b9adfe3be76c884) Importer(815301076,1909f56bfc062723c751e8b465ee728b)
Start importing Assets/npc_casual_set_00/Prefabs/Prefabs_Parts/npc_csl_shirtopenrolled_00f_parts.prefab using Guid(2b6fc42c014ff6845b9adfe3be76c884) Importer(815301076,1909f56bfc062723c751e8b465ee728b) [PhysX] Initialized MultithreadedTaskDispatcher with 18 workers.
[PhysX] Initialized MultithreadedTaskDispatcher with 18 workers.
 -> (artifact id: '8bb2d1ae0ab953bda201b54013fd0f92') in 0.034756 seconds
Number of updated asset objects reloaded before import = 0
Number of asset objects unloaded after import = 344
========================================================================
Received Import Request.
  Time since last request: 0.021476 seconds.
  path: Assets/JustPlay/Сomputer devices/Objects/Monitor 2/Textures/AO.png
  artifactKey: Guid(02b9e543caec04e40b5eab10bbba8dce) Importer(815301076,1909f56bfc062723c751e8b465ee728b)
Start importing Assets/JustPlay/Сomputer devices/Objects/Monitor 2/Textures/AO.png using Guid(02b9e543caec04e40b5eab10bbba8dce) Importer(815301076,1909f56bfc062723c751e8b465ee728b) [PhysX] Initialized MultithreadedTaskDispatcher with 18 workers.
[PhysX] Initialized MultithreadedTaskDispatcher with 18 workers.
 -> (artifact id: '8f1b33e15285a81ec55d6e56adf13a36') in 0.028078 seconds
Number of updated asset objects reloaded before import = 0
Number of asset objects unloaded after import = 2
========================================================================
Received Import Request.
  Time since last request: 0.008101 seconds.
  path: Assets/HorrorPuzzleItems/Valve/Models
  artifactKey: Guid(0fea68127ca3d124d9d1eaf8ca27e587) Importer(815301076,1909f56bfc062723c751e8b465ee728b)
Start importing Assets/HorrorPuzzleItems/Valve/Models using Guid(0fea68127ca3d124d9d1eaf8ca27e587) Importer(815301076,1909f56bfc062723c751e8b465ee728b) [PhysX] Initialized MultithreadedTaskDispatcher with 18 workers.
 -> (artifact id: '99f7fa42d0d0714576b055c70bf8f639') in 0.000961 seconds
Number of updated asset objects reloaded before import = 0
Number of asset objects unloaded after import = 0
========================================================================
Received Import Request.
  Time since last request: 0.012905 seconds.
  path: Assets/nappin
  artifactKey: Guid(852a533b050ae1d4297a7ac4477faea9) Importer(815301076,1909f56bfc062723c751e8b465ee728b)
Start importing Assets/nappin using Guid(852a533b050ae1d4297a7ac4477faea9) Importer(815301076,1909f56bfc062723c751e8b465ee728b) [PhysX] Initialized MultithreadedTaskDispatcher with 18 workers.
 -> (artifact id: '47ab02b0e8602ff1fb96b5894aa0430e') in 0.000896 seconds
Number of updated asset objects reloaded before import = 0
Number of asset objects unloaded after import = 0
========================================================================
Received Import Request.
  Time since last request: 0.015867 seconds.
  path: Assets/npc_casual_set_00/Prefabs/npc_haircut_a_03.prefab
  artifactKey: Guid(0a94e85d498635540b4ea2f0eb23f5ac) Importer(815301076,1909f56bfc062723c751e8b465ee728b)
Start importing Assets/npc_casual_set_00/Prefabs/npc_haircut_a_03.prefab using Guid(0a94e85d498635540b4ea2f0eb23f5ac) Importer(815301076,1909f56bfc062723c751e8b465ee728b) [PhysX] Initialized MultithreadedTaskDispatcher with 18 workers.
[PhysX] Initialized MultithreadedTaskDispatcher with 18 workers.
 -> (artifact id: '230913b68c525850b82471b32757a8d6') in 0.033474 seconds
Number of updated asset objects reloaded before import = 0
Number of asset objects unloaded after import = 281
========================================================================
Received Import Request.
  Time since last request: 0.008824 seconds.
  path: Assets/npc_casual_set_00/Prefabs/Prefabs_Parts/npc_hmn_01f_arms6.prefab
  artifactKey: Guid(36887f17f5b901b45bb8bc1ffd815e4f) Importer(815301076,1909f56bfc062723c751e8b465ee728b)
Start importing Assets/npc_casual_set_00/Prefabs/Prefabs_Parts/npc_hmn_01f_arms6.prefab using Guid(36887f17f5b901b45bb8bc1ffd815e4f) Importer(815301076,1909f56bfc062723c751e8b465ee728b) [PhysX] Initialized MultithreadedTaskDispatcher with 18 workers.
[PhysX] Initialized MultithreadedTaskDispatcher with 18 workers.
 -> (artifact id: '000a765d215b9d44b01e3b845a3dc9e5') in 0.038845 seconds
Number of updated asset objects reloaded before import = 0
Number of asset objects unloaded after import = 289
========================================================================
Received Import Request.
  Time since last request: 0.021344 seconds.
  path: Assets/npc_casual_set_00/Mesh/Mesh_Parts/npc_hmn_01m_arms5.fbx
  artifactKey: Guid(7dcdd99fa4b291c43b2fb6a111421850) Importer(815301076,1909f56bfc062723c751e8b465ee728b)
Start importing Assets/npc_casual_set_00/Mesh/Mesh_Parts/npc_hmn_01m_arms5.fbx using Guid(7dcdd99fa4b291c43b2fb6a111421850) Importer(815301076,1909f56bfc062723c751e8b465ee728b) [PhysX] Initialized MultithreadedTaskDispatcher with 18 workers.
[PhysX] Initialized MultithreadedTaskDispatcher with 18 workers.
[PhysX] Initialized MultithreadedTaskDispatcher with 18 workers.
[PhysX] Initialized MultithreadedTaskDispatcher with 18 workers.
[PhysX] Initialized MultithreadedTaskDispatcher with 18 workers.
[PhysX] Initialized MultithreadedTaskDispatcher with 18 workers.
[PhysX] Initialized MultithreadedTaskDispatcher with 18 workers.
[PhysX] Initialized MultithreadedTaskDispatcher with 18 workers.
[PhysX] Initialized MultithreadedTaskDispatcher with 18 workers.
[PhysX] Initialized MultithreadedTaskDispatcher with 18 workers.
[PhysX] Initialized MultithreadedTaskDispatcher with 18 workers.
[PhysX] Initialized MultithreadedTaskDispatcher with 18 workers.
 -> (artifact id: 'e5d6d3fb05d0f02e84e63379c4625786') in 0.085264 seconds
Number of updated asset objects reloaded before import = 0
Number of asset objects unloaded after import = 149
========================================================================
Received Import Request.
  Time since last request: 0.026348 seconds.
  path: Assets/nappin/OfficeEssentialsPack/Prefabs/(Prb)Drawer2.prefab
  artifactKey: Guid(8ff4ad687e8a081468b81cfdd2d710e4) Importer(815301076,1909f56bfc062723c751e8b465ee728b)
Start importing Assets/nappin/OfficeEssentialsPack/Prefabs/(Prb)Drawer2.prefab using Guid(8ff4ad687e8a081468b81cfdd2d710e4) Importer(815301076,1909f56bfc062723c751e8b465ee728b) [PhysX] Initialized MultithreadedTaskDispatcher with 18 workers.
[PhysX] Initialized MultithreadedTaskDispatcher with 18 workers.
 -> (artifact id: '0d25a8401d7446ee5b35228416f3c493') in 0.030566 seconds
Number of updated asset objects reloaded before import = 0
Number of asset objects unloaded after import = 30
========================================================================
Received Import Request.
  Time since last request: 0.003640 seconds.
  path: Assets/JustPlay/Demo/Set appliancesSettings.lighting
  artifactKey: Guid(be49a98f8a435c049be5cdf7479524a5) Importer(815301076,1909f56bfc062723c751e8b465ee728b)
Start importing Assets/JustPlay/Demo/Set appliancesSettings.lighting using Guid(be49a98f8a435c049be5cdf7479524a5) Importer(815301076,1909f56bfc062723c751e8b465ee728b) [PhysX] Initialized MultithreadedTaskDispatcher with 18 workers.
 -> (artifact id: 'dac0a00851270ce2835af0b24a534039') in 0.003388 seconds
Number of updated asset objects reloaded before import = 0
Number of asset objects unloaded after import = 1
========================================================================
Received Import Request.
  Time since last request: 0.032463 seconds.
  path: Assets/JustPlay/Сomputer devices/Objects/Router
  artifactKey: Guid(8f037274a0443a3428823ed1dc9e4568) Importer(815301076,1909f56bfc062723c751e8b465ee728b)
Start importing Assets/JustPlay/Сomputer devices/Objects/Router using Guid(8f037274a0443a3428823ed1dc9e4568) Importer(815301076,1909f56bfc062723c751e8b465ee728b) [PhysX] Initialized MultithreadedTaskDispatcher with 18 workers.
 -> (artifact id: '06196d4de4fa50de65b72f1300a33411') in 0.000451 seconds
Number of updated asset objects reloaded before import = 0
Number of asset objects unloaded after import = 0
========================================================================
Received Import Request.
  Time since last request: 0.007992 seconds.
  path: Assets/npc_casual_set_00/Scenes/npc_casual_set_00.unity
  artifactKey: Guid(2f575d2ffbf654748a62b555e786227f) Importer(815301076,1909f56bfc062723c751e8b465ee728b)
Start importing Assets/npc_casual_set_00/Scenes/npc_casual_set_00.unity using Guid(2f575d2ffbf654748a62b555e786227f) Importer(815301076,1909f56bfc062723c751e8b465ee728b) [PhysX] Initialized MultithreadedTaskDispatcher with 18 workers.
 -> (artifact id: 'ade1df2f3a78e61ca725886dc69b020e') in 0.000487 seconds
Number of updated asset objects reloaded before import = 0
Number of asset objects unloaded after import = 0
========================================================================
Received Import Request.
  Time since last request: 0.004033 seconds.
  path: Assets/HorrorPuzzleItems/Battery/Textures
  artifactKey: Guid(0e552b84356440f45a15d33868534689) Importer(815301076,1909f56bfc062723c751e8b465ee728b)
Start importing Assets/HorrorPuzzleItems/Battery/Textures using Guid(0e552b84356440f45a15d33868534689) Importer(815301076,1909f56bfc062723c751e8b465ee728b) [PhysX] Initialized MultithreadedTaskDispatcher with 18 workers.
 -> (artifact id: 'f43d5b7701ea73f9270702e5519f08af') in 0.000480 seconds
Number of updated asset objects reloaded before import = 0
Number of asset objects unloaded after import = 0
========================================================================
Received Import Request.
  Time since last request: 0.017274 seconds.
  path: Assets/nappin/OfficeEssentialsPack/Prefabs/(Prb)Stapler.prefab
  artifactKey: Guid(39ce2aae8ff6f9148acb0e82db36ee1d) Importer(815301076,1909f56bfc062723c751e8b465ee728b)
Start importing Assets/nappin/OfficeEssentialsPack/Prefabs/(Prb)Stapler.prefab using Guid(39ce2aae8ff6f9148acb0e82db36ee1d) Importer(815301076,1909f56bfc062723c751e8b465ee728b) [PhysX] Initialized MultithreadedTaskDispatcher with 18 workers.
[PhysX] Initialized MultithreadedTaskDispatcher with 18 workers.
 -> (artifact id: '6c208566de3f2679396a3d5e06e4a8f8') in 0.032919 seconds
Number of updated asset objects reloaded before import = 0
Number of asset objects unloaded after import = 15
========================================================================
Received Import Request.
  Time since last request: 0.004447 seconds.
  path: Assets/npc_casual_set_00/Mesh/Mesh_Parts/npc_hmn_01f_upperbody1.fbx
  artifactKey: Guid(686d3462ef286ee4ba99b85fcd466575) Importer(815301076,1909f56bfc062723c751e8b465ee728b)
Start importing Assets/npc_casual_set_00/Mesh/Mesh_Parts/npc_hmn_01f_upperbody1.fbx using Guid(686d3462ef286ee4ba99b85fcd466575) Importer(815301076,1909f56bfc062723c751e8b465ee728b) [PhysX] Initialized MultithreadedTaskDispatcher with 18 workers.
[PhysX] Initialized MultithreadedTaskDispatcher with 18 workers.
[PhysX] Initialized MultithreadedTaskDispatcher with 18 workers.
[PhysX] Initialized MultithreadedTaskDispatcher with 18 workers.
[PhysX] Initialized MultithreadedTaskDispatcher with 18 workers.
[PhysX] Initialized MultithreadedTaskDispatcher with 18 workers.
[PhysX] Initialized MultithreadedTaskDispatcher with 18 workers.
[PhysX] Initialized MultithreadedTaskDispatcher with 18 workers.
[PhysX] Initialized MultithreadedTaskDispatcher with 18 workers.
[PhysX] Initialized MultithreadedTaskDispatcher with 18 workers.
[PhysX] Initialized MultithreadedTaskDispatcher with 18 workers.
[PhysX] Initialized MultithreadedTaskDispatcher with 18 workers.
 -> (artifact id: '58c6a6f4bd383734e7e221dbfdaa3423') in 0.091262 seconds
Number of updated asset objects reloaded before import = 0
Number of asset objects unloaded after import = 154
========================================================================
Received Import Request.
  Time since last request: 0.003434 seconds.
  path: Assets/npc_casual_set_00/Prefabs/npc_csl_shoe_01_00_01bw.prefab
  artifactKey: Guid(dea0906dd0c66814a95a1e872dd09fa7) Importer(815301076,1909f56bfc062723c751e8b465ee728b)
Start importing Assets/npc_casual_set_00/Prefabs/npc_csl_shoe_01_00_01bw.prefab using Guid(dea0906dd0c66814a95a1e872dd09fa7) Importer(815301076,1909f56bfc062723c751e8b465ee728b) [PhysX] Initialized MultithreadedTaskDispatcher with 18 workers.
[PhysX] Initialized MultithreadedTaskDispatcher with 18 workers.
 -> (artifact id: '011bf2e0f5d150f09d7a713f5d089682') in 0.031145 seconds
Number of updated asset objects reloaded before import = 0
Number of asset objects unloaded after import = 281
========================================================================
Received Import Request.
  Time since last request: 0.003210 seconds.
  path: Assets/npc_casual_set_00/Prefabs/Prefabs_Parts/npc_hmn_01m_lowerbody2.prefab
  artifactKey: Guid(5f7d0feb58b3a8c4ea350335af35361e) Importer(815301076,1909f56bfc062723c751e8b465ee728b)
Start importing Assets/npc_casual_set_00/Prefabs/Prefabs_Parts/npc_hmn_01m_lowerbody2.prefab using Guid(5f7d0feb58b3a8c4ea350335af35361e) Importer(815301076,1909f56bfc062723c751e8b465ee728b) [PhysX] Initialized MultithreadedTaskDispatcher with 18 workers.
[PhysX] Initialized MultithreadedTaskDispatcher with 18 workers.
 -> (artifact id: '07cdb85fada837bd8c049b3c328e631f') in 0.036210 seconds
Number of updated asset objects reloaded before import = 0
Number of asset objects unloaded after import = 289
========================================================================
Received Import Request.
  Time since last request: 0.020505 seconds.
  path: Assets/JustPlay/Сomputer devices/Objects/Router/textures/Roughtness.png
  artifactKey: Guid(2ed7745648cbcdd4d9b1b463af95e615) Importer(815301076,1909f56bfc062723c751e8b465ee728b)
Start importing Assets/JustPlay/Сomputer devices/Objects/Router/textures/Roughtness.png using Guid(2ed7745648cbcdd4d9b1b463af95e615) Importer(815301076,1909f56bfc062723c751e8b465ee728b) [PhysX] Initialized MultithreadedTaskDispatcher with 18 workers.
[PhysX] Initialized MultithreadedTaskDispatcher with 18 workers.
 -> (artifact id: 'a01625e74eb9bc28db1d7894f034a4a3') in 0.027878 seconds
Number of updated asset objects reloaded before import = 0
Number of asset objects unloaded after import = 2
========================================================================
Received Import Request.
  Time since last request: 0.012715 seconds.
  path: Assets/nappin/OfficeEssentialsPack/Materials/(Mat)GradientDarkGreen.mat
  artifactKey: Guid(95d691d1ae476e049b3ca1db2f7b4c0d) Importer(815301076,1909f56bfc062723c751e8b465ee728b)
Start importing Assets/nappin/OfficeEssentialsPack/Materials/(Mat)GradientDarkGreen.mat using Guid(95d691d1ae476e049b3ca1db2f7b4c0d) Importer(815301076,1909f56bfc062723c751e8b465ee728b) [PhysX] Initialized MultithreadedTaskDispatcher with 18 workers.
[PhysX] Initialized MultithreadedTaskDispatcher with 18 workers.
 -> (artifact id: '459f4b44d7996cc9884f77dd6e8a140b') in 0.042143 seconds
Number of updated asset objects reloaded before import = 0
Number of asset objects unloaded after import = 2
========================================================================
Received Import Request.
  Time since last request: 0.023596 seconds.
  path: Assets/npc_casual_set_00/Mesh/npc_hairfacial_d_01.fbx
  artifactKey: Guid(fe428b918b42ae741a0b609812f5f2e5) Importer(815301076,1909f56bfc062723c751e8b465ee728b)
Start importing Assets/npc_casual_set_00/Mesh/npc_hairfacial_d_01.fbx using Guid(fe428b918b42ae741a0b609812f5f2e5) Importer(815301076,1909f56bfc062723c751e8b465ee728b) [PhysX] Initialized MultithreadedTaskDispatcher with 18 workers.
[PhysX] Initialized MultithreadedTaskDispatcher with 18 workers.
[PhysX] Initialized MultithreadedTaskDispatcher with 18 workers.
[PhysX] Initialized MultithreadedTaskDispatcher with 18 workers.
[PhysX] Initialized MultithreadedTaskDispatcher with 18 workers.
[PhysX] Initialized MultithreadedTaskDispatcher with 18 workers.
[PhysX] Initialized MultithreadedTaskDispatcher with 18 workers.
[PhysX] Initialized MultithreadedTaskDispatcher with 18 workers.
[PhysX] Initialized MultithreadedTaskDispatcher with 18 workers.
[PhysX] Initialized MultithreadedTaskDispatcher with 18 workers.
[PhysX] Initialized MultithreadedTaskDispatcher with 18 workers.
[PhysX] Initialized MultithreadedTaskDispatcher with 18 workers.
 -> (artifact id: 'fb24d44a2c55a736d6f112d070d81939') in 0.074962 seconds
Number of updated asset objects reloaded before import = 0
Number of asset objects unloaded after import = 145
========================================================================
Received Import Request.
  Time since last request: 0.029942 seconds.
  path: Assets/npc_casual_set_00/Prefabs/Prefabs_Parts/npc_hmn_01m_torso3.prefab
  artifactKey: Guid(ad19db0ec0961cc4da1407ec275550a1) Importer(815301076,1909f56bfc062723c751e8b465ee728b)
Start importing Assets/npc_casual_set_00/Prefabs/Prefabs_Parts/npc_hmn_01m_torso3.prefab using Guid(ad19db0ec0961cc4da1407ec275550a1) Importer(815301076,1909f56bfc062723c751e8b465ee728b) [PhysX] Initialized MultithreadedTaskDispatcher with 18 workers.
[PhysX] Initialized MultithreadedTaskDispatcher with 18 workers.
 -> (artifact id: 'dad217b9eeff46366a88c9631a7b72cf') in 0.035429 seconds
Number of updated asset objects reloaded before import = 0
Number of asset objects unloaded after import = 289
========================================================================
Received Import Request.
  Time since last request: 0.010878 seconds.
  path: Assets/JustPlay/Сomputer devices/Objects/Keyboard/Textures/Emiss.png
  artifactKey: Guid(3778bb7026d51c84798bb42ade83b932) Importer(815301076,1909f56bfc062723c751e8b465ee728b)
Start importing Assets/JustPlay/Сomputer devices/Objects/Keyboard/Textures/Emiss.png using Guid(3778bb7026d51c84798bb42ade83b932) Importer(815301076,1909f56bfc062723c751e8b465ee728b) [PhysX] Initialized MultithreadedTaskDispatcher with 18 workers.
[PhysX] Initialized MultithreadedTaskDispatcher with 18 workers.
 -> (artifact id: '3c82dba823fbdce608357ffd745d8c1a') in 0.025078 seconds
Number of updated asset objects reloaded before import = 0
Number of asset objects unloaded after import = 2
========================================================================
Received Import Request.
  Time since last request: 0.005219 seconds.
  path: Assets/npc_casual_set_00/Textures/npc_hmn_face_01f_01_01_n.tif
  artifactKey: Guid(33dc002e4746a5340b2de42683726018) Importer(815301076,1909f56bfc062723c751e8b465ee728b)
Start importing Assets/npc_casual_set_00/Textures/npc_hmn_face_01f_01_01_n.tif using Guid(33dc002e4746a5340b2de42683726018) Importer(815301076,1909f56bfc062723c751e8b465ee728b) [PhysX] Initialized MultithreadedTaskDispatcher with 18 workers.
[PhysX] Initialized MultithreadedTaskDispatcher with 18 workers.
 -> (artifact id: 'a74318d26831253c95454f11aa533a46') in 0.027032 seconds
Number of updated asset objects reloaded before import = 0
Number of asset objects unloaded after import = 2
========================================================================
Received Import Request.
  Time since last request: 0.003524 seconds.
  path: Assets/nappin/OfficeEssentialsPack/Prefabs/(Prb)Toilet.prefab
  artifactKey: Guid(5e1b8b1cf115f2940b01346027776031) Importer(815301076,1909f56bfc062723c751e8b465ee728b)
Start importing Assets/nappin/OfficeEssentialsPack/Prefabs/(Prb)Toilet.prefab using Guid(5e1b8b1cf115f2940b01346027776031) Importer(815301076,1909f56bfc062723c751e8b465ee728b) [PhysX] Initialized MultithreadedTaskDispatcher with 18 workers.
[PhysX] Initialized MultithreadedTaskDispatcher with 18 workers.
 -> (artifact id: 'c9ed6d5cac42dc9e23ff967fa627a4d3') in 0.026808 seconds
Number of updated asset objects reloaded before import = 0
Number of asset objects unloaded after import = 28
========================================================================
Received Import Request.
  Time since last request: 0.005043 seconds.
  path: Assets/npc_casual_set_00/Textures/npc_csl_tshirt_00f_01_03_c.tif
  artifactKey: Guid(8304fa832d23f394fb685954702a5a07) Importer(815301076,1909f56bfc062723c751e8b465ee728b)
Start importing Assets/npc_casual_set_00/Textures/npc_csl_tshirt_00f_01_03_c.tif using Guid(8304fa832d23f394fb685954702a5a07) Importer(815301076,1909f56bfc062723c751e8b465ee728b) [PhysX] Initialized MultithreadedTaskDispatcher with 18 workers.
[PhysX] Initialized MultithreadedTaskDispatcher with 18 workers.
 -> (artifact id: 'ac44652029660bd6d5a801f81c3d512f') in 0.025414 seconds
Number of updated asset objects reloaded before import = 0
Number of asset objects unloaded after import = 2
========================================================================
Received Import Request.
  Time since last request: 0.007118 seconds.
  path: Assets/npc_casual_set_00/Mesh/npc_csl_shoe_02.fbx
  artifactKey: Guid(75128e7f08623594fa3a81d55434b088) Importer(815301076,1909f56bfc062723c751e8b465ee728b)
Start importing Assets/npc_casual_set_00/Mesh/npc_csl_shoe_02.fbx using Guid(75128e7f08623594fa3a81d55434b088) Importer(815301076,1909f56bfc062723c751e8b465ee728b) [PhysX] Initialized MultithreadedTaskDispatcher with 18 workers.
[PhysX] Initialized MultithreadedTaskDispatcher with 18 workers.
[PhysX] Initialized MultithreadedTaskDispatcher with 18 workers.
[PhysX] Initialized MultithreadedTaskDispatcher with 18 workers.
[PhysX] Initialized MultithreadedTaskDispatcher with 18 workers.
[PhysX] Initialized MultithreadedTaskDispatcher with 18 workers.
[PhysX] Initialized MultithreadedTaskDispatcher with 18 workers.
[PhysX] Initialized MultithreadedTaskDispatcher with 18 workers.
[PhysX] Initialized MultithreadedTaskDispatcher with 18 workers.
[PhysX] Initialized MultithreadedTaskDispatcher with 18 workers.
[PhysX] Initialized MultithreadedTaskDispatcher with 18 workers.
[PhysX] Initialized MultithreadedTaskDispatcher with 18 workers.
[PhysX] Initialized MultithreadedTaskDispatcher with 18 workers.
 -> (artifact id: '21e149bc1eaaedf453c6205d0125c7e5') in 0.078285 seconds
Number of updated asset objects reloaded before import = 0
Number of asset objects unloaded after import = 141
========================================================================
Received Import Request.
  Time since last request: 0.003092 seconds.
  path: Assets/npc_casual_set_00/Prefabs/Prefabs_Parts/npc_hmn_01f_lowerbody3.prefab
  artifactKey: Guid(cdfea838533a09747b55cb58231249e1) Importer(815301076,1909f56bfc062723c751e8b465ee728b)
Start importing Assets/npc_casual_set_00/Prefabs/Prefabs_Parts/npc_hmn_01f_lowerbody3.prefab using Guid(cdfea838533a09747b55cb58231249e1) Importer(815301076,1909f56bfc062723c751e8b465ee728b) [PhysX] Initialized MultithreadedTaskDispatcher with 18 workers.
[PhysX] Initialized MultithreadedTaskDispatcher with 18 workers.
 -> (artifact id: '848421ae4663f0d53b11ad1d452865b0') in 0.038657 seconds
Number of updated asset objects reloaded before import = 0
Number of asset objects unloaded after import = 289
========================================================================
Received Import Request.
  Time since last request: 0.004156 seconds.
  path: Assets/npc_casual_set_00/Textures/npc_csl_shirtopenrolled_00m_01_02bw_c.tif
  artifactKey: Guid(cfa81419c7f866f4f92b423d783be527) Importer(815301076,1909f56bfc062723c751e8b465ee728b)
Start importing Assets/npc_casual_set_00/Textures/npc_csl_shirtopenrolled_00m_01_02bw_c.tif using Guid(cfa81419c7f866f4f92b423d783be527) Importer(815301076,1909f56bfc062723c751e8b465ee728b) [PhysX] Initialized MultithreadedTaskDispatcher with 18 workers.
[PhysX] Initialized MultithreadedTaskDispatcher with 18 workers.
 -> (artifact id: '8242c8310ddba618026ec29b05fe4230') in 0.024574 seconds
Number of updated asset objects reloaded before import = 0
Number of asset objects unloaded after import = 2
========================================================================
Received Import Request.
  Time since last request: 0.015421 seconds.
  path: Assets/HorrorPuzzleItems/Battery/Icons/Icon_Battery_C.png
  artifactKey: Guid(d15102e1826bf5b428bb87eb66a9daef) Importer(815301076,1909f56bfc062723c751e8b465ee728b)
Start importing Assets/HorrorPuzzleItems/Battery/Icons/Icon_Battery_C.png using Guid(d15102e1826bf5b428bb87eb66a9daef) Importer(815301076,1909f56bfc062723c751e8b465ee728b) [PhysX] Initialized MultithreadedTaskDispatcher with 18 workers.
[PhysX] Initialized MultithreadedTaskDispatcher with 18 workers.
 -> (artifact id: '45a7a257f495f779d6fa0b1b60c6294f') in 0.028660 seconds
Number of updated asset objects reloaded before import = 0
Number of asset objects unloaded after import = 3
========================================================================
Received Import Request.
  Time since last request: 0.004889 seconds.
  path: Assets/npc_casual_set_00/Textures/npc_hmn_face_01m_05_01_m.tif
  artifactKey: Guid(25bced589973413419247b29ca941145) Importer(815301076,1909f56bfc062723c751e8b465ee728b)
Start importing Assets/npc_casual_set_00/Textures/npc_hmn_face_01m_05_01_m.tif using Guid(25bced589973413419247b29ca941145) Importer(815301076,1909f56bfc062723c751e8b465ee728b) [PhysX] Initialized MultithreadedTaskDispatcher with 18 workers.
[PhysX] Initialized MultithreadedTaskDispatcher with 18 workers.
 -> (artifact id: 'b5da0ee4a53b28dc4e6fdad58262f377') in 0.020508 seconds
Number of updated asset objects reloaded before import = 0
Number of asset objects unloaded after import = 2
========================================================================
Received Import Request.
  Time since last request: 0.041693 seconds.
  path: Assets/nappin/OfficeEssentialsPack/Prefabs/(Prb)KitchenSink.prefab
  artifactKey: Guid(5c53a6c9c85b969488e8513f82ebf8a3) Importer(815301076,1909f56bfc062723c751e8b465ee728b)
Start importing Assets/nappin/OfficeEssentialsPack/Prefabs/(Prb)KitchenSink.prefab using Guid(5c53a6c9c85b969488e8513f82ebf8a3) Importer(815301076,1909f56bfc062723c751e8b465ee728b) [PhysX] Initialized MultithreadedTaskDispatcher with 18 workers.
[PhysX] Initialized MultithreadedTaskDispatcher with 18 workers.
 -> (artifact id: '0f8a1222beee2fb271db7f186a2442e6') in 0.033888 seconds
Number of updated asset objects reloaded before import = 0
Number of asset objects unloaded after import = 29
========================================================================
Received Import Request.
  Time since last request: 0.047558 seconds.
  path: Assets/npc_casual_set_00/Prefabs/npc_hairfacial_d_01.prefab
  artifactKey: Guid(3a98cade798658d4293b526ef111521f) Importer(815301076,1909f56bfc062723c751e8b465ee728b)
Start importing Assets/npc_casual_set_00/Prefabs/npc_hairfacial_d_01.prefab using Guid(3a98cade798658d4293b526ef111521f) Importer(815301076,1909f56bfc062723c751e8b465ee728b) [PhysX] Initialized MultithreadedTaskDispatcher with 18 workers.
[PhysX] Initialized MultithreadedTaskDispatcher with 18 workers.
 -> (artifact id: '29a549fb45f16a757b33af800b6f72ac') in 0.028771 seconds
Number of updated asset objects reloaded before import = 0
Number of asset objects unloaded after import = 281
========================================================================
Received Import Request.
  Time since last request: 0.001555 seconds.
  path: Assets/HorrorPuzzleItems/Crank/Prefabs
  artifactKey: Guid(0e0a5830155b8d44c88d31321b83a96a) Importer(815301076,1909f56bfc062723c751e8b465ee728b)
Start importing Assets/HorrorPuzzleItems/Crank/Prefabs using Guid(0e0a5830155b8d44c88d31321b83a96a) Importer(815301076,1909f56bfc062723c751e8b465ee728b) [PhysX] Initialized MultithreadedTaskDispatcher with 18 workers.
 -> (artifact id: '1f09ab6b838570efdb82d7b109010809') in 0.001183 seconds
Number of updated asset objects reloaded before import = 0
Number of asset objects unloaded after import = 0
========================================================================
Received Import Request.
  Time since last request: 0.005331 seconds.
  path: Assets/npc_casual_set_00/Textures/npc_csl_shoe_01_00_01_m.tif
  artifactKey: Guid(c9254687ac7335e46a88463817e833f4) Importer(815301076,1909f56bfc062723c751e8b465ee728b)
Start importing Assets/npc_casual_set_00/Textures/npc_csl_shoe_01_00_01_m.tif using Guid(c9254687ac7335e46a88463817e833f4) Importer(815301076,1909f56bfc062723c751e8b465ee728b) [PhysX] Initialized MultithreadedTaskDispatcher with 18 workers.
[PhysX] Initialized MultithreadedTaskDispatcher with 18 workers.
 -> (artifact id: 'd48459d6e35ecf86c9865e08ad327cdc') in 0.007901 seconds
Number of updated asset objects reloaded before import = 0
Number of asset objects unloaded after import = 2
========================================================================
Received Import Request.
  Time since last request: 0.003708 seconds.
  path: Assets/npc_casual_set_00/Prefabs/npc_csl_pants_00m_01_01.prefab
  artifactKey: Guid(4cc6d2e44d2da42408fa9c2e6190abfd) Importer(815301076,1909f56bfc062723c751e8b465ee728b)
Start importing Assets/npc_casual_set_00/Prefabs/npc_csl_pants_00m_01_01.prefab using Guid(4cc6d2e44d2da42408fa9c2e6190abfd) Importer(815301076,1909f56bfc062723c751e8b465ee728b) [PhysX] Initialized MultithreadedTaskDispatcher with 18 workers.
[PhysX] Initialized MultithreadedTaskDispatcher with 18 workers.
 -> (artifact id: 'ed802bb4031b7e38fe870f9764356e8d') in 0.030649 seconds
Number of updated asset objects reloaded before import = 0
Number of asset objects unloaded after import = 291
========================================================================
Received Import Request.
  Time since last request: 0.007230 seconds.
  path: Assets/npc_casual_set_00/Prefabs/Prefabs_Parts/npc_hmn_01m_upperbody4.prefab
  artifactKey: Guid(b5151af02a3c91f45ad1f47b1edc0722) Importer(815301076,1909f56bfc062723c751e8b465ee728b)
Start importing Assets/npc_casual_set_00/Prefabs/Prefabs_Parts/npc_hmn_01m_upperbody4.prefab using Guid(b5151af02a3c91f45ad1f47b1edc0722) Importer(815301076,1909f56bfc062723c751e8b465ee728b) [PhysX] Initialized MultithreadedTaskDispatcher with 18 workers.
[PhysX] Initialized MultithreadedTaskDispatcher with 18 workers.
 -> (artifact id: '9afefaa3b1a87fe13c96a868ca2d0fe8') in 0.038399 seconds
Number of updated asset objects reloaded before import = 0
Number of asset objects unloaded after import = 294
========================================================================
Received Import Request.
  Time since last request: 0.005306 seconds.
  path: Assets/npc_casual_set_00/Mesh/Mesh_Parts/npc_hmn_01f_upperbody4.fbx
  artifactKey: Guid(78b56a595aa0c7d49bb956a59bf4ff07) Importer(815301076,1909f56bfc062723c751e8b465ee728b)
Start importing Assets/npc_casual_set_00/Mesh/Mesh_Parts/npc_hmn_01f_upperbody4.fbx using Guid(78b56a595aa0c7d49bb956a59bf4ff07) Importer(815301076,1909f56bfc062723c751e8b465ee728b) [PhysX] Initialized MultithreadedTaskDispatcher with 18 workers.
[PhysX] Initialized MultithreadedTaskDispatcher with 18 workers.
[PhysX] Initialized MultithreadedTaskDispatcher with 18 workers.
[PhysX] Initialized MultithreadedTaskDispatcher with 18 workers.
[PhysX] Initialized MultithreadedTaskDispatcher with 18 workers.
[PhysX] Initialized MultithreadedTaskDispatcher with 18 workers.
[PhysX] Initialized MultithreadedTaskDispatcher with 18 workers.
[PhysX] Initialized MultithreadedTaskDispatcher with 18 workers.
[PhysX] Initialized MultithreadedTaskDispatcher with 18 workers.
[PhysX] Initialized MultithreadedTaskDispatcher with 18 workers.
[PhysX] Initialized MultithreadedTaskDispatcher with 18 workers.
[PhysX] Initialized MultithreadedTaskDispatcher with 18 workers.
 -> (artifact id: '8dfbf38d84b4c93a711d743f9d5f3d45') in 0.092729 seconds
Number of updated asset objects reloaded before import = 0
Number of asset objects unloaded after import = 154
========================================================================
Received Import Request.
  Time since last request: 0.003686 seconds.
  path: Assets/nappin/OfficeEssentialsPack/Prefabs/(Prb)Window.prefab
  artifactKey: Guid(89cfaf2600805bd4f9562f6e545966f7) Importer(815301076,1909f56bfc062723c751e8b465ee728b)
Start importing Assets/nappin/OfficeEssentialsPack/Prefabs/(Prb)Window.prefab using Guid(89cfaf2600805bd4f9562f6e545966f7) Importer(815301076,1909f56bfc062723c751e8b465ee728b) [PhysX] Initialized MultithreadedTaskDispatcher with 18 workers.
[PhysX] Initialized MultithreadedTaskDispatcher with 18 workers.
 -> (artifact id: '04214ebbae2d5a1fefc6cb9eff122876') in 0.024949 seconds
Number of updated asset objects reloaded before import = 0
Number of asset objects unloaded after import = 25
========================================================================
Received Import Request.
  Time since last request: 0.003841 seconds.
  path: Assets/npc_casual_set_00/Prefabs/Prefabs_Parts/npc_hmn_01f_arms1.prefab
  artifactKey: Guid(5410410975d3dd240bcc96331956feba) Importer(815301076,1909f56bfc062723c751e8b465ee728b)
Start importing Assets/npc_casual_set_00/Prefabs/Prefabs_Parts/npc_hmn_01f_arms1.prefab using Guid(5410410975d3dd240bcc96331956feba) Importer(815301076,1909f56bfc062723c751e8b465ee728b) [PhysX] Initialized MultithreadedTaskDispatcher with 18 workers.
[PhysX] Initialized MultithreadedTaskDispatcher with 18 workers.
 -> (artifact id: 'd53f4f26d151fa2faee9d90d9a595849') in 0.035611 seconds
Number of updated asset objects reloaded before import = 0
Number of asset objects unloaded after import = 289
========================================================================
Received Import Request.
  Time since last request: 0.002207 seconds.
  path: Assets/npc_casual_set_00/Res
  artifactKey: Guid(71b3c43e5921bde44ba5926dc5a7d5a9) Importer(815301076,1909f56bfc062723c751e8b465ee728b)
Start importing Assets/npc_casual_set_00/Res using Guid(71b3c43e5921bde44ba5926dc5a7d5a9) Importer(815301076,1909f56bfc062723c751e8b465ee728b) [PhysX] Initialized MultithreadedTaskDispatcher with 18 workers.
 -> (artifact id: 'fa0ee411357bc550c3f0d56084cc9eba') in 0.001087 seconds
Number of updated asset objects reloaded before import = 0
Number of asset objects unloaded after import = 0
========================================================================
Received Import Request.
  Time since last request: 0.017747 seconds.
  path: Assets/nappin/OfficeEssentialsPack/Prefabs/(Prb)Sofa.prefab
  artifactKey: Guid(f933a928f9d932f4e845eb0fc9508d64) Importer(815301076,1909f56bfc062723c751e8b465ee728b)
Start importing Assets/nappin/OfficeEssentialsPack/Prefabs/(Prb)Sofa.prefab using Guid(f933a928f9d932f4e845eb0fc9508d64) Importer(815301076,1909f56bfc062723c751e8b465ee728b) [PhysX] Initialized MultithreadedTaskDispatcher with 18 workers.
[PhysX] Initialized MultithreadedTaskDispatcher with 18 workers.
 -> (artifact id: '2fcc63d38ce4b53df8c7c404ad099b55') in 0.031782 seconds
Number of updated asset objects reloaded before import = 0
Number of asset objects unloaded after import = 55
========================================================================
Received Import Request.
  Time since last request: 0.004682 seconds.
  path: Assets/npc_casual_set_00/Mesh/Mesh_Parts/npc_hmn_01f_head1.fbx
  artifactKey: Guid(b6a0c926c1880a54984d2433f0548931) Importer(815301076,1909f56bfc062723c751e8b465ee728b)
Start importing Assets/npc_casual_set_00/Mesh/Mesh_Parts/npc_hmn_01f_head1.fbx using Guid(b6a0c926c1880a54984d2433f0548931) Importer(815301076,1909f56bfc062723c751e8b465ee728b) [PhysX] Initialized MultithreadedTaskDispatcher with 18 workers.
[PhysX] Initialized MultithreadedTaskDispatcher with 18 workers.
[PhysX] Initialized MultithreadedTaskDispatcher with 18 workers.
[PhysX] Initialized MultithreadedTaskDispatcher with 18 workers.
[PhysX] Initialized MultithreadedTaskDispatcher with 18 workers.
[PhysX] Initialized MultithreadedTaskDispatcher with 18 workers.
[PhysX] Initialized MultithreadedTaskDispatcher with 18 workers.
[PhysX] Initialized MultithreadedTaskDispatcher with 18 workers.
[PhysX] Initialized MultithreadedTaskDispatcher with 18 workers.
[PhysX] Initialized MultithreadedTaskDispatcher with 18 workers.
[PhysX] Initialized MultithreadedTaskDispatcher with 18 workers.
[PhysX] Initialized MultithreadedTaskDispatcher with 18 workers.
 -> (artifact id: '9350a26557e105533c2717fa91d936d3') in 0.075027 seconds
Number of updated asset objects reloaded before import = 0
Number of asset objects unloaded after import = 149
========================================================================
Received Import Request.
  Time since last request: 0.002599 seconds.
  path: Assets/HorrorPuzzleItems/Valve/Textures
  artifactKey: Guid(5984bf28daa91134a94b3491261d7587) Importer(815301076,1909f56bfc062723c751e8b465ee728b)
Start importing Assets/HorrorPuzzleItems/Valve/Textures using Guid(5984bf28daa91134a94b3491261d7587) Importer(815301076,1909f56bfc062723c751e8b465ee728b) [PhysX] Initialized MultithreadedTaskDispatcher with 18 workers.
 -> (artifact id: '101b37543dde4e41b8dfa4a58cfad8c0') in 0.000749 seconds
Number of updated asset objects reloaded before import = 0
Number of asset objects unloaded after import = 0
========================================================================
Received Import Request.
  Time since last request: 0.004156 seconds.
  path: Assets/npc_casual_set_00/Prefabs/npc_csl_tshirt_00f_01_01.prefab
  artifactKey: Guid(61dfc64d2d9326c44bd5ed01e224b1a3) Importer(815301076,1909f56bfc062723c751e8b465ee728b)
Start importing Assets/npc_casual_set_00/Prefabs/npc_csl_tshirt_00f_01_01.prefab using Guid(61dfc64d2d9326c44bd5ed01e224b1a3) Importer(815301076,1909f56bfc062723c751e8b465ee728b) [PhysX] Initialized MultithreadedTaskDispatcher with 18 workers.
[PhysX] Initialized MultithreadedTaskDispatcher with 18 workers.
 -> (artifact id: 'c1f1e1b38c1fb110ea15fd27091e9c8d') in 0.031455 seconds
Number of updated asset objects reloaded before import = 0
Number of asset objects unloaded after import = 291
========================================================================
Received Import Request.
  Time since last request: 0.002748 seconds.
  path: Assets/npc_casual_set_00/Prefabs/Prefabs_Parts/npc_csl_tshirt_00f_frontal.prefab
  artifactKey: Guid(fdedf2018fba6704780a7d4db1cffc0d) Importer(815301076,1909f56bfc062723c751e8b465ee728b)
Start importing Assets/npc_casual_set_00/Prefabs/Prefabs_Parts/npc_csl_tshirt_00f_frontal.prefab using Guid(fdedf2018fba6704780a7d4db1cffc0d) Importer(815301076,1909f56bfc062723c751e8b465ee728b) [PhysX] Initialized MultithreadedTaskDispatcher with 18 workers.
[PhysX] Initialized MultithreadedTaskDispatcher with 18 workers.
 -> (artifact id: '101ce92b4b563e0f3a09eea3019003f6') in 0.031850 seconds
Number of updated asset objects reloaded before import = 0
Number of asset objects unloaded after import = 289
========================================================================
Received Import Request.
  Time since last request: 0.019118 seconds.
  path: Assets/npc_casual_set_00/Textures/npc_csl_pants_00m_01_01bw_c.tif
  artifactKey: Guid(8b684f4895053cf4086ad30ab7ce33c0) Importer(815301076,1909f56bfc062723c751e8b465ee728b)
Start importing Assets/npc_casual_set_00/Textures/npc_csl_pants_00m_01_01bw_c.tif using Guid(8b684f4895053cf4086ad30ab7ce33c0) Importer(815301076,1909f56bfc062723c751e8b465ee728b) [PhysX] Initialized MultithreadedTaskDispatcher with 18 workers.
[PhysX] Initialized MultithreadedTaskDispatcher with 18 workers.
 -> (artifact id: '4875d1f222c073acb2d1c9ba64d7b76b') in 0.024433 seconds
Number of updated asset objects reloaded before import = 0
Number of asset objects unloaded after import = 2
========================================================================
Received Import Request.
  Time since last request: 0.003205 seconds.
  path: Assets/HorrorPuzzleItems/Card/Textures/Card_GateSystemYellow.png
  artifactKey: Guid(8fad648b5890103498cd9a25eb28bbea) Importer(815301076,1909f56bfc062723c751e8b465ee728b)
Start importing Assets/HorrorPuzzleItems/Card/Textures/Card_GateSystemYellow.png using Guid(8fad648b5890103498cd9a25eb28bbea) Importer(815301076,1909f56bfc062723c751e8b465ee728b) [PhysX] Initialized MultithreadedTaskDispatcher with 18 workers.
[PhysX] Initialized MultithreadedTaskDispatcher with 18 workers.
 -> (artifact id: 'ea6d67288e9a83a150a865657047e722') in 0.023076 seconds
Number of updated asset objects reloaded before import = 0
Number of asset objects unloaded after import = 2
========================================================================
Received Import Request.
  Time since last request: 0.011526 seconds.
  path: Assets/npc_casual_set_00/Textures/npc_hmn_body_01f_01_01_msk.tif
  artifactKey: Guid(8ca04d853cdbf43468ab6ebfc73e11e4) Importer(815301076,1909f56bfc062723c751e8b465ee728b)
Start importing Assets/npc_casual_set_00/Textures/npc_hmn_body_01f_01_01_msk.tif using Guid(8ca04d853cdbf43468ab6ebfc73e11e4) Importer(815301076,1909f56bfc062723c751e8b465ee728b) [PhysX] Initialized MultithreadedTaskDispatcher with 18 workers.
[PhysX] Initialized MultithreadedTaskDispatcher with 18 workers.
 -> (artifact id: '847dbcd412f6cccc8ac37b8762e6478f') in 0.024519 seconds
Number of updated asset objects reloaded before import = 0
Number of asset objects unloaded after import = 2
========================================================================
Received Import Request.
  Time since last request: 0.005033 seconds.
  path: Assets/npc_casual_set_00/Textures/npc_hmn_face_01m_03_01_msk.tif
  artifactKey: Guid(d2dcb3c1418a1da4d9d40d04b88a4fec) Importer(815301076,1909f56bfc062723c751e8b465ee728b)
Start importing Assets/npc_casual_set_00/Textures/npc_hmn_face_01m_03_01_msk.tif using Guid(d2dcb3c1418a1da4d9d40d04b88a4fec) Importer(815301076,1909f56bfc062723c751e8b465ee728b) [PhysX] Initialized MultithreadedTaskDispatcher with 18 workers.
[PhysX] Initialized MultithreadedTaskDispatcher with 18 workers.
 -> (artifact id: 'e2e50199e1b711dab73fa24cb1b41aa6') in 0.024364 seconds
Number of updated asset objects reloaded before import = 0
Number of asset objects unloaded after import = 2
========================================================================
Received Import Request.
  Time since last request: 0.026084 seconds.
  path: Assets/npc_casual_set_00/Mesh/Mesh_Parts/npc_hmn_01m_arms4.fbx
  artifactKey: Guid(53e55fff22e8edd41adb1ab5f3558259) Importer(815301076,1909f56bfc062723c751e8b465ee728b)
Start importing Assets/npc_casual_set_00/Mesh/Mesh_Parts/npc_hmn_01m_arms4.fbx using Guid(53e55fff22e8edd41adb1ab5f3558259) Importer(815301076,1909f56bfc062723c751e8b465ee728b) [PhysX] Initialized MultithreadedTaskDispatcher with 18 workers.
[PhysX] Initialized MultithreadedTaskDispatcher with 18 workers.
[PhysX] Initialized MultithreadedTaskDispatcher with 18 workers.
[PhysX] Initialized MultithreadedTaskDispatcher with 18 workers.
[PhysX] Initialized MultithreadedTaskDispatcher with 18 workers.
[PhysX] Initialized MultithreadedTaskDispatcher with 18 workers.
[PhysX] Initialized MultithreadedTaskDispatcher with 18 workers.
[PhysX] Initialized MultithreadedTaskDispatcher with 18 workers.
[PhysX] Initialized MultithreadedTaskDispatcher with 18 workers.
[PhysX] Initialized MultithreadedTaskDispatcher with 18 workers.
[PhysX] Initialized MultithreadedTaskDispatcher with 18 workers.
[PhysX] Initialized MultithreadedTaskDispatcher with 18 workers.
 -> (artifact id: 'c74253ac32cd224b6d0247389dca4cbd') in 0.077072 seconds
Number of updated asset objects reloaded before import = 0
Number of asset objects unloaded after import = 149
========================================================================
Received Import Request.
  Time since last request: 0.004213 seconds.
  path: Assets/JustPlay/Сomputer devices/Objects/Phone/Textures/Normal.png
  artifactKey: Guid(d4b08b5c2d94ac94babde82e19cbf170) Importer(815301076,1909f56bfc062723c751e8b465ee728b)
Start importing Assets/JustPlay/Сomputer devices/Objects/Phone/Textures/Normal.png using Guid(d4b08b5c2d94ac94babde82e19cbf170) Importer(815301076,1909f56bfc062723c751e8b465ee728b) [PhysX] Initialized MultithreadedTaskDispatcher with 18 workers.
[PhysX] Initialized MultithreadedTaskDispatcher with 18 workers.
 -> (artifact id: '158ccf4c0ba2501608e10181bcdb7865') in 0.025461 seconds
Number of updated asset objects reloaded before import = 0
Number of asset objects unloaded after import = 2
========================================================================
Received Import Request.
  Time since last request: 0.006472 seconds.
  path: Assets/npc_casual_set_00/Textures/npc_csl_shirtopenrolled_00m_01_01bw_c.tif
  artifactKey: Guid(3f0fb1b79555d05488a6db32a3836923) Importer(815301076,1909f56bfc062723c751e8b465ee728b)
Start importing Assets/npc_casual_set_00/Textures/npc_csl_shirtopenrolled_00m_01_01bw_c.tif using Guid(3f0fb1b79555d05488a6db32a3836923) Importer(815301076,1909f56bfc062723c751e8b465ee728b) [PhysX] Initialized MultithreadedTaskDispatcher with 18 workers.
[PhysX] Initialized MultithreadedTaskDispatcher with 18 workers.
 -> (artifact id: '1c977c427b877285fcdd81ecc9609f4e') in 0.031618 seconds
Number of updated asset objects reloaded before import = 0
Number of asset objects unloaded after import = 2
========================================================================
Received Import Request.
  Time since last request: 0.010894 seconds.
  path: Assets/HorrorPuzzleItems/Card/Prefabs/Card_GateBlue.prefab
  artifactKey: Guid(9ffd4edfa5582d9498e607317781e880) Importer(815301076,1909f56bfc062723c751e8b465ee728b)
Start importing Assets/HorrorPuzzleItems/Card/Prefabs/Card_GateBlue.prefab using Guid(9ffd4edfa5582d9498e607317781e880) Importer(815301076,1909f56bfc062723c751e8b465ee728b) [PhysX] Initialized MultithreadedTaskDispatcher with 18 workers.
[PhysX] Initialized MultithreadedTaskDispatcher with 18 workers.
 -> (artifact id: 'a3ed087f87b811475fd57038240ffc15') in 0.024695 seconds
Number of updated asset objects reloaded before import = 0
Number of asset objects unloaded after import = 17
========================================================================
Received Import Request.
  Time since last request: 0.004756 seconds.
  path: Assets/npc_casual_set_00/Textures/npc_hmn_face_01m_01_01_o.tif
  artifactKey: Guid(86cbca3db1fea664fbfd2062465722d6) Importer(815301076,1909f56bfc062723c751e8b465ee728b)
Start importing Assets/npc_casual_set_00/Textures/npc_hmn_face_01m_01_01_o.tif using Guid(86cbca3db1fea664fbfd2062465722d6) Importer(815301076,1909f56bfc062723c751e8b465ee728b) [PhysX] Initialized MultithreadedTaskDispatcher with 18 workers.
[PhysX] Initialized MultithreadedTaskDispatcher with 18 workers.
 -> (artifact id: '353dca2fb8f51e9ec2fd473d39b53b7b') in 0.024796 seconds
Number of updated asset objects reloaded before import = 0
Number of asset objects unloaded after import = 2
========================================================================
Received Import Request.
  Time since last request: 0.002772 seconds.
  path: Assets/HorrorPuzzleItems/Card/Textures
  artifactKey: Guid(82e2e4590ad754e4b81a4a4abfb09875) Importer(815301076,1909f56bfc062723c751e8b465ee728b)
Start importing Assets/HorrorPuzzleItems/Card/Textures using Guid(82e2e4590ad754e4b81a4a4abfb09875) Importer(815301076,1909f56bfc062723c751e8b465ee728b) [PhysX] Initialized MultithreadedTaskDispatcher with 18 workers.
 -> (artifact id: '2108ff2f2186aa5bfa154384b46819fe') in 0.000527 seconds
Number of updated asset objects reloaded before import = 0
Number of asset objects unloaded after import = 0
========================================================================
Received Import Request.
  Time since last request: 0.036770 seconds.
  path: Assets/JustPlay/Сomputer devices/Objects/Router/textures/Height.png
  artifactKey: Guid(769c40fc93c0a724e96864d6192dff99) Importer(815301076,1909f56bfc062723c751e8b465ee728b)
Start importing Assets/JustPlay/Сomputer devices/Objects/Router/textures/Height.png using Guid(769c40fc93c0a724e96864d6192dff99) Importer(815301076,1909f56bfc062723c751e8b465ee728b) [PhysX] Initialized MultithreadedTaskDispatcher with 18 workers.
[PhysX] Initialized MultithreadedTaskDispatcher with 18 workers.
 -> (artifact id: '49f3e309abcc6593f3e943360eaa5302') in 0.026428 seconds
Number of updated asset objects reloaded before import = 0
Number of asset objects unloaded after import = 2
========================================================================
Received Import Request.
  Time since last request: 0.004067 seconds.
  path: Assets/npc_casual_set_00/Textures/npc_csl_shoe_01_00_01_o.tif
  artifactKey: Guid(fb46aaa6134efbf49bed36f649d37ee3) Importer(815301076,1909f56bfc062723c751e8b465ee728b)
Start importing Assets/npc_casual_set_00/Textures/npc_csl_shoe_01_00_01_o.tif using Guid(fb46aaa6134efbf49bed36f649d37ee3) Importer(815301076,1909f56bfc062723c751e8b465ee728b) [PhysX] Initialized MultithreadedTaskDispatcher with 18 workers.
[PhysX] Initialized MultithreadedTaskDispatcher with 18 workers.
 -> (artifact id: '9193503fa99bfdb0af0b821efa219c47') in 0.024921 seconds
Number of updated asset objects reloaded before import = 0
Number of asset objects unloaded after import = 2
========================================================================
Received Import Request.
  Time since last request: 0.004358 seconds.
  path: Assets/npc_casual_set_00/Textures/npc_hmn_face_01f_02_01_c.tif
  artifactKey: Guid(d151be1b01a2b1e4590348f7fef58768) Importer(815301076,1909f56bfc062723c751e8b465ee728b)
Start importing Assets/npc_casual_set_00/Textures/npc_hmn_face_01f_02_01_c.tif using Guid(d151be1b01a2b1e4590348f7fef58768) Importer(815301076,1909f56bfc062723c751e8b465ee728b) [PhysX] Initialized MultithreadedTaskDispatcher with 18 workers.
[PhysX] Initialized MultithreadedTaskDispatcher with 18 workers.
 -> (artifact id: '4b4227a28f4547c94857c7c2a62bb3ee') in 0.026487 seconds
Number of updated asset objects reloaded before import = 0
Number of asset objects unloaded after import = 2
========================================================================
Received Import Request.
  Time since last request: 0.015123 seconds.
  path: Assets/npc_casual_set_00/Textures/npc_hmn_face_01m_02_01_msk.tif
  artifactKey: Guid(38764dfbc0be78347ba0f9ad257f9346) Importer(815301076,1909f56bfc062723c751e8b465ee728b)
Start importing Assets/npc_casual_set_00/Textures/npc_hmn_face_01m_02_01_msk.tif using Guid(38764dfbc0be78347ba0f9ad257f9346) Importer(815301076,1909f56bfc062723c751e8b465ee728b) [PhysX] Initialized MultithreadedTaskDispatcher with 18 workers.
[PhysX] Initialized MultithreadedTaskDispatcher with 18 workers.
 -> (artifact id: 'c95abb1f4f0b7be81830b6b7de3e405e') in 0.021553 seconds
Number of updated asset objects reloaded before import = 0
Number of asset objects unloaded after import = 2
========================================================================
Received Import Request.
  Time since last request: 0.003330 seconds.
  path: Assets/npc_casual_set_00/Prefabs/npc_csl_tshirt_00m_01_02bw.prefab
  artifactKey: Guid(3d1b8038c5bef6f4fa9310db8e074676) Importer(815301076,1909f56bfc062723c751e8b465ee728b)
Start importing Assets/npc_casual_set_00/Prefabs/npc_csl_tshirt_00m_01_02bw.prefab using Guid(3d1b8038c5bef6f4fa9310db8e074676) Importer(815301076,1909f56bfc062723c751e8b465ee728b) [PhysX] Initialized MultithreadedTaskDispatcher with 18 workers.
[PhysX] Initialized MultithreadedTaskDispatcher with 18 workers.
 -> (artifact id: '6fa0de4530e56f9c2807123f69ca269e') in 0.036591 seconds
Number of updated asset objects reloaded before import = 0
Number of asset objects unloaded after import = 291
========================================================================
Received Import Request.
  Time since last request: 0.002898 seconds.
  path: Assets/npc_casual_set_00/Prefabs/Prefabs_Parts/npc_hmn_01m_arms1.prefab
  artifactKey: Guid(f126ae3e4e6fcac4d9eddd2eb72a1bc0) Importer(815301076,1909f56bfc062723c751e8b465ee728b)
Start importing Assets/npc_casual_set_00/Prefabs/Prefabs_Parts/npc_hmn_01m_arms1.prefab using Guid(f126ae3e4e6fcac4d9eddd2eb72a1bc0) Importer(815301076,1909f56bfc062723c751e8b465ee728b) [PhysX] Initialized MultithreadedTaskDispatcher with 18 workers.
[PhysX] Initialized MultithreadedTaskDispatcher with 18 workers.
 -> (artifact id: 'e6bf204fed7b919b69a363d9161336c3') in 0.039297 seconds
Number of updated asset objects reloaded before import = 0
Number of asset objects unloaded after import = 289
========================================================================
Received Import Request.
  Time since last request: 0.005829 seconds.
  path: Assets/npc_casual_set_00/Textures/npc_csl_shirtopenrolled_00m_01_01_n.tif
  artifactKey: Guid(e5839cc16c761e244ba7862f17ee5111) Importer(815301076,1909f56bfc062723c751e8b465ee728b)
Start importing Assets/npc_casual_set_00/Textures/npc_csl_shirtopenrolled_00m_01_01_n.tif using Guid(e5839cc16c761e244ba7862f17ee5111) Importer(815301076,1909f56bfc062723c751e8b465ee728b) [PhysX] Initialized MultithreadedTaskDispatcher with 18 workers.
[PhysX] Initialized MultithreadedTaskDispatcher with 18 workers.
 -> (artifact id: 'c5f7fd98534f5a9f46ac03d85c8402b0') in 0.026953 seconds
Number of updated asset objects reloaded before import = 0
Number of asset objects unloaded after import = 2
========================================================================
Received Import Request.
  Time since last request: 0.002844 seconds.
  path: Assets/HorrorPuzzleItems/Crank/Materials
  artifactKey: Guid(c448244a84b057f489771fd705387083) Importer(815301076,1909f56bfc062723c751e8b465ee728b)
Start importing Assets/HorrorPuzzleItems/Crank/Materials using Guid(c448244a84b057f489771fd705387083) Importer(815301076,1909f56bfc062723c751e8b465ee728b) [PhysX] Initialized MultithreadedTaskDispatcher with 18 workers.
 -> (artifact id: '0fe28e57331788cb3a782b3ae8d3519c') in 0.000549 seconds
Number of updated asset objects reloaded before import = 0
Number of asset objects unloaded after import = 0
========================================================================
Received Import Request.
  Time since last request: 0.005335 seconds.
  path: Assets/HorrorPuzzleItems/Gem/Textures/Gem_Blue.png
  artifactKey: Guid(ec5c7b4503b8ef54c99f8d6bffb85295) Importer(815301076,1909f56bfc062723c751e8b465ee728b)
Start importing Assets/HorrorPuzzleItems/Gem/Textures/Gem_Blue.png using Guid(ec5c7b4503b8ef54c99f8d6bffb85295) Importer(815301076,1909f56bfc062723c751e8b465ee728b) [PhysX] Initialized MultithreadedTaskDispatcher with 18 workers.
[PhysX] Initialized MultithreadedTaskDispatcher with 18 workers.
 -> (artifact id: 'd42faeab0849e1bd25787eff73ba2c50') in 0.026335 seconds
Number of updated asset objects reloaded before import = 0
Number of asset objects unloaded after import = 2
========================================================================
Received Import Request.
  Time since last request: 0.005621 seconds.
  path: Assets/HorrorPuzzleItems/Gem/Textures/Gem_Red.png
  artifactKey: Guid(8a1067035c41e30498f60bab8914a491) Importer(815301076,1909f56bfc062723c751e8b465ee728b)
Start importing Assets/HorrorPuzzleItems/Gem/Textures/Gem_Red.png using Guid(8a1067035c41e30498f60bab8914a491) Importer(815301076,1909f56bfc062723c751e8b465ee728b) [PhysX] Initialized MultithreadedTaskDispatcher with 18 workers.
[PhysX] Initialized MultithreadedTaskDispatcher with 18 workers.
 -> (artifact id: '4f0f64add65cdce86c5e027c2443596a') in 0.024987 seconds
Number of updated asset objects reloaded before import = 0
Number of asset objects unloaded after import = 2
========================================================================
Received Import Request.
  Time since last request: 0.018433 seconds.
  path: Assets/HorrorPuzzleItems/Crank/Icons/Icon_Crank.png
  artifactKey: Guid(8fa8cb98fa777cd459aef71df268c2cc) Importer(815301076,1909f56bfc062723c751e8b465ee728b)
Start importing Assets/HorrorPuzzleItems/Crank/Icons/Icon_Crank.png using Guid(8fa8cb98fa777cd459aef71df268c2cc) Importer(815301076,1909f56bfc062723c751e8b465ee728b) [PhysX] Initialized MultithreadedTaskDispatcher with 18 workers.
[PhysX] Initialized MultithreadedTaskDispatcher with 18 workers.
 -> (artifact id: '34514100c119b0eff99176ca71b1aa93') in 0.029090 seconds
Number of updated asset objects reloaded before import = 0
Number of asset objects unloaded after import = 3
========================================================================
Received Import Request.
  Time since last request: 0.004877 seconds.
  path: Assets/npc_casual_set_00/Prefabs/npc_csl_shoe_01_00_02.prefab
  artifactKey: Guid(9727ec39093945e4a897b18bcf4a34ad) Importer(815301076,1909f56bfc062723c751e8b465ee728b)
Start importing Assets/npc_casual_set_00/Prefabs/npc_csl_shoe_01_00_02.prefab using Guid(9727ec39093945e4a897b18bcf4a34ad) Importer(815301076,1909f56bfc062723c751e8b465ee728b) [PhysX] Initialized MultithreadedTaskDispatcher with 18 workers.
[PhysX] Initialized MultithreadedTaskDispatcher with 18 workers.
 -> (artifact id: '1cf21761d663fef252ba7e5175b475e4') in 0.029874 seconds
Number of updated asset objects reloaded before import = 0
Number of asset objects unloaded after import = 283
========================================================================
Received Import Request.
  Time since last request: 0.003519 seconds.
  path: Assets/Scenes/SampleScene.unity
  artifactKey: Guid(9fc0d4010bbf28b4594072e72b8655ab) Importer(815301076,1909f56bfc062723c751e8b465ee728b)
Start importing Assets/Scenes/SampleScene.unity using Guid(9fc0d4010bbf28b4594072e72b8655ab) Importer(815301076,1909f56bfc062723c751e8b465ee728b) [PhysX] Initialized MultithreadedTaskDispatcher with 18 workers.
 -> (artifact id: '1e272efe99a583c4d84f4cb8707b8025') in 0.001022 seconds
Number of updated asset objects reloaded before import = 0
Number of asset objects unloaded after import = 0
========================================================================
Received Import Request.
  Time since last request: 0.002505 seconds.
  path: Assets/HorrorPuzzleItems/Gear/Textures
  artifactKey: Guid(ad0f31064cf3cd945af4b1c8ab8db7d5) Importer(815301076,1909f56bfc062723c751e8b465ee728b)
Start importing Assets/HorrorPuzzleItems/Gear/Textures using Guid(ad0f31064cf3cd945af4b1c8ab8db7d5) Importer(815301076,1909f56bfc062723c751e8b465ee728b) [PhysX] Initialized MultithreadedTaskDispatcher with 18 workers.
 -> (artifact id: 'abd6961850edbbe1810cf6a3468606c7') in 0.000582 seconds
Number of updated asset objects reloaded before import = 0
Number of asset objects unloaded after import = 0
========================================================================
Received Import Request.
  Time since last request: 0.002942 seconds.
  path: Assets/nappin/OfficeEssentialsPack/Prefabs/(Prb)Plant2.prefab
  artifactKey: Guid(2db51a3ce7d7fe34a934d68f0c488f54) Importer(815301076,1909f56bfc062723c751e8b465ee728b)
Start importing Assets/nappin/OfficeEssentialsPack/Prefabs/(Prb)Plant2.prefab using Guid(2db51a3ce7d7fe34a934d68f0c488f54) Importer(815301076,1909f56bfc062723c751e8b465ee728b) [PhysX] Initialized MultithreadedTaskDispatcher with 18 workers.
[PhysX] Initialized MultithreadedTaskDispatcher with 18 workers.
 -> (artifact id: 'f6bdd5b3de077000637c2959c8d22678') in 0.013800 seconds
Number of updated asset objects reloaded before import = 0
Number of asset objects unloaded after import = 16
========================================================================
Received Import Request.
  Time since last request: 0.003107 seconds.
  path: Assets/npc_casual_set_00/Mesh/Mesh_Parts/npc_hmn_01m_torso3.fbx
  artifactKey: Guid(d264ca34fc4b05748b65963c6a80f5a7) Importer(815301076,1909f56bfc062723c751e8b465ee728b)
Start importing Assets/npc_casual_set_00/Mesh/Mesh_Parts/npc_hmn_01m_torso3.fbx using Guid(d264ca34fc4b05748b65963c6a80f5a7) Importer(815301076,1909f56bfc062723c751e8b465ee728b) [PhysX] Initialized MultithreadedTaskDispatcher with 18 workers.
[PhysX] Initialized MultithreadedTaskDispatcher with 18 workers.
[PhysX] Initialized MultithreadedTaskDispatcher with 18 workers.
[PhysX] Initialized MultithreadedTaskDispatcher with 18 workers.
[PhysX] Initialized MultithreadedTaskDispatcher with 18 workers.
[PhysX] Initialized MultithreadedTaskDispatcher with 18 workers.
[PhysX] Initialized MultithreadedTaskDispatcher with 18 workers.
[PhysX] Initialized MultithreadedTaskDispatcher with 18 workers.
[PhysX] Initialized MultithreadedTaskDispatcher with 18 workers.
[PhysX] Initialized MultithreadedTaskDispatcher with 18 workers.
[PhysX] Initialized MultithreadedTaskDispatcher with 18 workers.
[PhysX] Initialized MultithreadedTaskDispatcher with 18 workers.
 -> (artifact id: '8e0a2ca05561558931cb64b98d793334') in 0.088133 seconds
Number of updated asset objects reloaded before import = 0
Number of asset objects unloaded after import = 149
========================================================================
Received Import Request.
  Time since last request: 0.003387 seconds.
  path: Assets/npc_casual_set_00/Prefabs/Prefabs_Parts/npc_csl_tshirt_00f_torso.prefab
  artifactKey: Guid(db61a297e075bf74183625e11b7ed82c) Importer(815301076,1909f56bfc062723c751e8b465ee728b)
Start importing Assets/npc_casual_set_00/Prefabs/Prefabs_Parts/npc_csl_tshirt_00f_torso.prefab using Guid(db61a297e075bf74183625e11b7ed82c) Importer(815301076,1909f56bfc062723c751e8b465ee728b) [PhysX] Initialized MultithreadedTaskDispatcher with 18 workers.
[PhysX] Initialized MultithreadedTaskDispatcher with 18 workers.
 -> (artifact id: '8bd497f376e2d77c65265b9b2a2b09b6') in 0.032156 seconds
Number of updated asset objects reloaded before import = 0
Number of asset objects unloaded after import = 289
========================================================================
Received Import Request.
  Time since last request: 0.003428 seconds.
  path: Assets/nappin/HouseInteriorPack/Models/(Msh)Toilet.fbx
  artifactKey: Guid(46684b3b7bc48e044ab454f422491fe4) Importer(815301076,1909f56bfc062723c751e8b465ee728b)
Start importing Assets/nappin/HouseInteriorPack/Models/(Msh)Toilet.fbx using Guid(46684b3b7bc48e044ab454f422491fe4) Importer(815301076,1909f56bfc062723c751e8b465ee728b) [PhysX] Initialized MultithreadedTaskDispatcher with 18 workers.
[PhysX] Initialized MultithreadedTaskDispatcher with 18 workers.
[PhysX] Initialized MultithreadedTaskDispatcher with 18 workers.
[PhysX] Initialized MultithreadedTaskDispatcher with 18 workers.
[PhysX] Initialized MultithreadedTaskDispatcher with 18 workers.
[PhysX] Initialized MultithreadedTaskDispatcher with 18 workers.
 -> (artifact id: '72eeb4c8ecc8c50a2a4f4e54f530da5d') in 0.043027 seconds
Number of updated asset objects reloaded before import = 0
Number of asset objects unloaded after import = 21
========================================================================
Received Import Request.
  Time since last request: 0.003662 seconds.
  path: Assets/nappin/OfficeEssentialsPack/Prefabs/(Prb)ShoeRack.prefab
  artifactKey: Guid(33fb3539e3441f94799c57bc3e6fb426) Importer(815301076,1909f56bfc062723c751e8b465ee728b)
Start importing Assets/nappin/OfficeEssentialsPack/Prefabs/(Prb)ShoeRack.prefab using Guid(33fb3539e3441f94799c57bc3e6fb426) Importer(815301076,1909f56bfc062723c751e8b465ee728b) [PhysX] Initialized MultithreadedTaskDispatcher with 18 workers.
[PhysX] Initialized MultithreadedTaskDispatcher with 18 workers.
 -> (artifact id: 'af13305b1b7e8079da6f0d93e85aca11') in 0.028500 seconds
Number of updated asset objects reloaded before import = 0
Number of asset objects unloaded after import = 18
========================================================================
Received Import Request.
  Time since last request: 0.009835 seconds.
  path: Assets/npc_casual_set_00/Prefabs/npc_hmn_01m.prefab
  artifactKey: Guid(85699f6422c4ccc40b78e39a08236f97) Importer(815301076,1909f56bfc062723c751e8b465ee728b)
Start importing Assets/npc_casual_set_00/Prefabs/npc_hmn_01m.prefab using Guid(85699f6422c4ccc40b78e39a08236f97) Importer(815301076,1909f56bfc062723c751e8b465ee728b) [PhysX] Initialized MultithreadedTaskDispatcher with 18 workers.
[PhysX] Initialized MultithreadedTaskDispatcher with 18 workers.
 -> (artifact id: 'd32629eba87f9ffadd19a617403aca15') in 0.041698 seconds
Number of updated asset objects reloaded before import = 0
Number of asset objects unloaded after import = 298
========================================================================
Received Import Request.
  Time since last request: 0.030068 seconds.
  path: Assets/npc_casual_set_00/Mesh/npc_csl_pants_00m.fbx
  artifactKey: Guid(0d8553a63d3d6ee4e993a08138c720a0) Importer(815301076,1909f56bfc062723c751e8b465ee728b)
Start importing Assets/npc_casual_set_00/Mesh/npc_csl_pants_00m.fbx using Guid(0d8553a63d3d6ee4e993a08138c720a0) Importer(815301076,1909f56bfc062723c751e8b465ee728b) [PhysX] Initialized MultithreadedTaskDispatcher with 18 workers.
[PhysX] Initialized MultithreadedTaskDispatcher with 18 workers.
[PhysX] Initialized MultithreadedTaskDispatcher with 18 workers.
[PhysX] Initialized MultithreadedTaskDispatcher with 18 workers.
[PhysX] Initialized MultithreadedTaskDispatcher with 18 workers.
[PhysX] Initialized MultithreadedTaskDispatcher with 18 workers.
[PhysX] Initialized MultithreadedTaskDispatcher with 18 workers.
[PhysX] Initialized MultithreadedTaskDispatcher with 18 workers.
[PhysX] Initialized MultithreadedTaskDispatcher with 18 workers.
[PhysX] Initialized MultithreadedTaskDispatcher with 18 workers.
[PhysX] Initialized MultithreadedTaskDispatcher with 18 workers.
[PhysX] Initialized MultithreadedTaskDispatcher with 18 workers.
 -> (artifact id: '02a558a642e128801bffd0356a7cfb5c') in 0.079346 seconds
Number of updated asset objects reloaded before import = 0
Number of asset objects unloaded after import = 149
========================================================================
Received Import Request.
  Time since last request: 0.004439 seconds.
  path: Assets/npc_casual_set_00/Textures/npc_csl_shoe_01_00_03_c.tif
  artifactKey: Guid(2264306ac81a982499faf4839f90b87f) Importer(815301076,1909f56bfc062723c751e8b465ee728b)
Start importing Assets/npc_casual_set_00/Textures/npc_csl_shoe_01_00_03_c.tif using Guid(2264306ac81a982499faf4839f90b87f) Importer(815301076,1909f56bfc062723c751e8b465ee728b) [PhysX] Initialized MultithreadedTaskDispatcher with 18 workers.
[PhysX] Initialized MultithreadedTaskDispatcher with 18 workers.
 -> (artifact id: '01a2c8e70debe475d4016551e90b60b9') in 0.019819 seconds
Number of updated asset objects reloaded before import = 0
Number of asset objects unloaded after import = 2
========================================================================
Received Import Request.
  Time since last request: 0.011848 seconds.
  path: Assets/HorrorPuzzleItems/Gear/Textures/Gear.png
  artifactKey: Guid(09702c3634ecc1e4a85b6e7be2510179) Importer(815301076,1909f56bfc062723c751e8b465ee728b)
Start importing Assets/HorrorPuzzleItems/Gear/Textures/Gear.png using Guid(09702c3634ecc1e4a85b6e7be2510179) Importer(815301076,1909f56bfc062723c751e8b465ee728b) [PhysX] Initialized MultithreadedTaskDispatcher with 18 workers.
[PhysX] Initialized MultithreadedTaskDispatcher with 18 workers.
 -> (artifact id: '10686ff59518a2480036dd7f2f82a8f3') in 0.024202 seconds
Number of updated asset objects reloaded before import = 0
Number of asset objects unloaded after import = 2
========================================================================
Received Import Request.
  Time since last request: 0.021490 seconds.
  path: Assets/npc_casual_set_00/Mesh/Mesh_Parts/npc_hmn_01m_torso2.fbx
  artifactKey: Guid(a11d30a9c76bd824182a2b6d59fb0ea5) Importer(815301076,1909f56bfc062723c751e8b465ee728b)
Start importing Assets/npc_casual_set_00/Mesh/Mesh_Parts/npc_hmn_01m_torso2.fbx using Guid(a11d30a9c76bd824182a2b6d59fb0ea5) Importer(815301076,1909f56bfc062723c751e8b465ee728b) [PhysX] Initialized MultithreadedTaskDispatcher with 18 workers.
[PhysX] Initialized MultithreadedTaskDispatcher with 18 workers.
[PhysX] Initialized MultithreadedTaskDispatcher with 18 workers.
[PhysX] Initialized MultithreadedTaskDispatcher with 18 workers.
[PhysX] Initialized MultithreadedTaskDispatcher with 18 workers.
[PhysX] Initialized MultithreadedTaskDispatcher with 18 workers.
[PhysX] Initialized MultithreadedTaskDispatcher with 18 workers.
[PhysX] Initialized MultithreadedTaskDispatcher with 18 workers.
[PhysX] Initialized MultithreadedTaskDispatcher with 18 workers.
[PhysX] Initialized MultithreadedTaskDispatcher with 18 workers.
[PhysX] Initialized MultithreadedTaskDispatcher with 18 workers.
[PhysX] Initialized MultithreadedTaskDispatcher with 18 workers.
 -> (artifact id: '923ea1d47eb8e5829fdbd1e34f8c0778') in 0.086622 seconds
Number of updated asset objects reloaded before import = 0
Number of asset objects unloaded after import = 149
========================================================================
Received Import Request.
  Time since last request: 0.006428 seconds.
  path: Assets/npc_casual_set_00/Mesh/Mesh_Parts/npc_csl_shirtopenrolled_00f_torso.fbx
  artifactKey: Guid(403c4ff45e5036a43a193437f22f8f35) Importer(815301076,1909f56bfc062723c751e8b465ee728b)
Start importing Assets/npc_casual_set_00/Mesh/Mesh_Parts/npc_csl_shirtopenrolled_00f_torso.fbx using Guid(403c4ff45e5036a43a193437f22f8f35) Importer(815301076,1909f56bfc062723c751e8b465ee728b) [PhysX] Initialized MultithreadedTaskDispatcher with 18 workers.
[PhysX] Initialized MultithreadedTaskDispatcher with 18 workers.
[PhysX] Initialized MultithreadedTaskDispatcher with 18 workers.
[PhysX] Initialized MultithreadedTaskDispatcher with 18 workers.
[PhysX] Initialized MultithreadedTaskDispatcher with 18 workers.
[PhysX] Initialized MultithreadedTaskDispatcher with 18 workers.
[PhysX] Initialized MultithreadedTaskDispatcher with 18 workers.
[PhysX] Initialized MultithreadedTaskDispatcher with 18 workers.
[PhysX] Initialized MultithreadedTaskDispatcher with 18 workers.
[PhysX] Initialized MultithreadedTaskDispatcher with 18 workers.
[PhysX] Initialized MultithreadedTaskDispatcher with 18 workers.
[PhysX] Initialized MultithreadedTaskDispatcher with 18 workers.
 -> (artifact id: '3d01a8e1f563bb9b791f3c7b5c008482') in 0.081617 seconds
Number of updated asset objects reloaded before import = 0
Number of asset objects unloaded after import = 149
========================================================================
Received Import Request.
  Time since last request: 0.004834 seconds.
  path: Assets/npc_casual_set_00/Mesh/Mesh_Parts/npc_hmn_01f_torso1.fbx
  artifactKey: Guid(c8c7c941b1e5ba84da4f4b7b001344d2) Importer(815301076,1909f56bfc062723c751e8b465ee728b)
Start importing Assets/npc_casual_set_00/Mesh/Mesh_Parts/npc_hmn_01f_torso1.fbx using Guid(c8c7c941b1e5ba84da4f4b7b001344d2) Importer(815301076,1909f56bfc062723c751e8b465ee728b) [PhysX] Initialized MultithreadedTaskDispatcher with 18 workers.
[PhysX] Initialized MultithreadedTaskDispatcher with 18 workers.
[PhysX] Initialized MultithreadedTaskDispatcher with 18 workers.
[PhysX] Initialized MultithreadedTaskDispatcher with 18 workers.
[PhysX] Initialized MultithreadedTaskDispatcher with 18 workers.
[PhysX] Initialized MultithreadedTaskDispatcher with 18 workers.
[PhysX] Initialized MultithreadedTaskDispatcher with 18 workers.
[PhysX] Initialized MultithreadedTaskDispatcher with 18 workers.
[PhysX] Initialized MultithreadedTaskDispatcher with 18 workers.
[PhysX] Initialized MultithreadedTaskDispatcher with 18 workers.
[PhysX] Initialized MultithreadedTaskDispatcher with 18 workers.
[PhysX] Initialized MultithreadedTaskDispatcher with 18 workers.
 -> (artifact id: 'b89f84096518a2363507b13b74681ac2') in 0.082028 seconds
Number of updated asset objects reloaded before import = 0
Number of asset objects unloaded after import = 149
========================================================================
Received Import Request.
  Time since last request: 0.024553 seconds.
  path: Assets/npc_casual_set_00/Mesh/Mesh_Parts/npc_csl_tshirt_00f_frontal.fbx
  artifactKey: Guid(2940c0a5abf230c4da636e6113442f08) Importer(815301076,1909f56bfc062723c751e8b465ee728b)
Start importing Assets/npc_casual_set_00/Mesh/Mesh_Parts/npc_csl_tshirt_00f_frontal.fbx using Guid(2940c0a5abf230c4da636e6113442f08) Importer(815301076,1909f56bfc062723c751e8b465ee728b) [PhysX] Initialized MultithreadedTaskDispatcher with 18 workers.
[PhysX] Initialized MultithreadedTaskDispatcher with 18 workers.
[PhysX] Initialized MultithreadedTaskDispatcher with 18 workers.
[PhysX] Initialized MultithreadedTaskDispatcher with 18 workers.
[PhysX] Initialized MultithreadedTaskDispatcher with 18 workers.
[PhysX] Initialized MultithreadedTaskDispatcher with 18 workers.
[PhysX] Initialized MultithreadedTaskDispatcher with 18 workers.
[PhysX] Initialized MultithreadedTaskDispatcher with 18 workers.
[PhysX] Initialized MultithreadedTaskDispatcher with 18 workers.
[PhysX] Initialized MultithreadedTaskDispatcher with 18 workers.
[PhysX] Initialized MultithreadedTaskDispatcher with 18 workers.
[PhysX] Initialized MultithreadedTaskDispatcher with 18 workers.
 -> (artifact id: '207fdfc330e580e73e0485eee1cc87e5') in 0.084014 seconds
Number of updated asset objects reloaded before import = 0
Number of asset objects unloaded after import = 149
========================================================================
Received Import Request.
  Time since last request: 0.004109 seconds.
  path: Assets/npc_casual_set_00/Prefabs/Prefabs_Parts/npc_hmn_01f_lowerbody5.prefab
  artifactKey: Guid(6f0c1aab99a7ce24ea5923ef145f2779) Importer(815301076,1909f56bfc062723c751e8b465ee728b)
Start importing Assets/npc_casual_set_00/Prefabs/Prefabs_Parts/npc_hmn_01f_lowerbody5.prefab using Guid(6f0c1aab99a7ce24ea5923ef145f2779) Importer(815301076,1909f56bfc062723c751e8b465ee728b) [PhysX] Initialized MultithreadedTaskDispatcher with 18 workers.
[PhysX] Initialized MultithreadedTaskDispatcher with 18 workers.
 -> (artifact id: '5b0d8c11cdd53d660e9cbafe194f7d2c') in 0.037706 seconds
Number of updated asset objects reloaded before import = 0
Number of asset objects unloaded after import = 289
========================================================================
Received Import Request.
  Time since last request: 0.007961 seconds.
  path: Assets/JustPlay/Сomputer devices/Objects/Keyboard/Textures/Normal.png
  artifactKey: Guid(cebfbf6f6fe980848922eeeb957d357d) Importer(815301076,1909f56bfc062723c751e8b465ee728b)
Start importing Assets/JustPlay/Сomputer devices/Objects/Keyboard/Textures/Normal.png using Guid(cebfbf6f6fe980848922eeeb957d357d) Importer(815301076,1909f56bfc062723c751e8b465ee728b) [PhysX] Initialized MultithreadedTaskDispatcher with 18 workers.
[PhysX] Initialized MultithreadedTaskDispatcher with 18 workers.
 -> (artifact id: '5478164f670eed3c9e2f2b6e8a4d8242') in 0.030228 seconds
Number of updated asset objects reloaded before import = 0
Number of asset objects unloaded after import = 2
========================================================================
Received Import Request.
  Time since last request: 0.007849 seconds.
  path: Assets/npc_casual_set_00/Prefabs/Prefabs_Parts
  artifactKey: Guid(79b4ebd3efd28714bad2af1e7ab6a15a) Importer(815301076,1909f56bfc062723c751e8b465ee728b)
Start importing Assets/npc_casual_set_00/Prefabs/Prefabs_Parts using Guid(79b4ebd3efd28714bad2af1e7ab6a15a) Importer(815301076,1909f56bfc062723c751e8b465ee728b) [PhysX] Initialized MultithreadedTaskDispatcher with 18 workers.
 -> (artifact id: '4221f49f68f7262b330751d401468584') in 0.000919 seconds
Number of updated asset objects reloaded before import = 0
Number of asset objects unloaded after import = 0
========================================================================
Received Import Request.
  Time since last request: 0.006493 seconds.
  path: Assets/HorrorPuzzleItems
  artifactKey: Guid(f86aed4b351c09d4fb12c16703c040e1) Importer(815301076,1909f56bfc062723c751e8b465ee728b)
Start importing Assets/HorrorPuzzleItems using Guid(f86aed4b351c09d4fb12c16703c040e1) Importer(815301076,1909f56bfc062723c751e8b465ee728b) [PhysX] Initialized MultithreadedTaskDispatcher with 18 workers.
 -> (artifact id: '714bba3348ebc8c380ab85a9fafa6bce') in 0.000639 seconds
Number of updated asset objects reloaded before import = 0
Number of asset objects unloaded after import = 0
========================================================================
Received Import Request.
  Time since last request: 0.003322 seconds.
  path: Assets/HorrorPuzzleItems/SmallKey
  artifactKey: Guid(4c4ebdffa3b589e4cbc7a9a35ac6dc92) Importer(815301076,1909f56bfc062723c751e8b465ee728b)
Start importing Assets/HorrorPuzzleItems/SmallKey using Guid(4c4ebdffa3b589e4cbc7a9a35ac6dc92) Importer(815301076,1909f56bfc062723c751e8b465ee728b) [PhysX] Initialized MultithreadedTaskDispatcher with 18 workers.
 -> (artifact id: '330760576a683b27ce8453c25eee75c2') in 0.000478 seconds
Number of updated asset objects reloaded before import = 0
Number of asset objects unloaded after import = 0
========================================================================
Received Import Request.
  Time since last request: 0.009572 seconds.
  path: Assets/npc_casual_set_00/Textures/npc_hmn_body_01m_01_01_n.tif
  artifactKey: Guid(054c1b97af3b9624bb051e702d934d85) Importer(815301076,1909f56bfc062723c751e8b465ee728b)
Start importing Assets/npc_casual_set_00/Textures/npc_hmn_body_01m_01_01_n.tif using Guid(054c1b97af3b9624bb051e702d934d85) Importer(815301076,1909f56bfc062723c751e8b465ee728b) [PhysX] Initialized MultithreadedTaskDispatcher with 18 workers.
[PhysX] Initialized MultithreadedTaskDispatcher with 18 workers.
 -> (artifact id: 'd6519bc296cbc42325bd76192c9c8ab3') in 0.031563 seconds
Number of updated asset objects reloaded before import = 0
Number of asset objects unloaded after import = 2
========================================================================
Received Import Request.
  Time since last request: 0.014438 seconds.
  path: Assets/nappin/OfficeEssentialsPack/Prefabs/(Prb)SoapDispenser.prefab
  artifactKey: Guid(6a3dbb2a6b4da624abc81f5dc716f1c7) Importer(815301076,1909f56bfc062723c751e8b465ee728b)
Start importing Assets/nappin/OfficeEssentialsPack/Prefabs/(Prb)SoapDispenser.prefab using Guid(6a3dbb2a6b4da624abc81f5dc716f1c7) Importer(815301076,1909f56bfc062723c751e8b465ee728b) [PhysX] Initialized MultithreadedTaskDispatcher with 18 workers.
[PhysX] Initialized MultithreadedTaskDispatcher with 18 workers.
 -> (artifact id: '513d80b3ebaf73f2409d7f9d968961e1') in 0.032296 seconds
Number of updated asset objects reloaded before import = 0
Number of asset objects unloaded after import = 23
========================================================================
Received Import Request.
  Time since last request: 0.004217 seconds.
  path: Assets/npc_casual_set_00/Mesh/npc_haircut_d_01.fbx
  artifactKey: Guid(1c331bab91255334980c78217115db75) Importer(815301076,1909f56bfc062723c751e8b465ee728b)
Start importing Assets/npc_casual_set_00/Mesh/npc_haircut_d_01.fbx using Guid(1c331bab91255334980c78217115db75) Importer(815301076,1909f56bfc062723c751e8b465ee728b) [PhysX] Initialized MultithreadedTaskDispatcher with 18 workers.
[PhysX] Initialized MultithreadedTaskDispatcher with 18 workers.
[PhysX] Initialized MultithreadedTaskDispatcher with 18 workers.
[PhysX] Initialized MultithreadedTaskDispatcher with 18 workers.
[PhysX] Initialized MultithreadedTaskDispatcher with 18 workers.
[PhysX] Initialized MultithreadedTaskDispatcher with 18 workers.
[PhysX] Initialized MultithreadedTaskDispatcher with 18 workers.
[PhysX] Initialized MultithreadedTaskDispatcher with 18 workers.
[PhysX] Initialized MultithreadedTaskDispatcher with 18 workers.
[PhysX] Initialized MultithreadedTaskDispatcher with 18 workers.
[PhysX] Initialized MultithreadedTaskDispatcher with 18 workers.
[PhysX] Initialized MultithreadedTaskDispatcher with 18 workers.
 -> (artifact id: 'f56131eced7c68d04f05a90527bb3640') in 0.075036 seconds
Number of updated asset objects reloaded before import = 0
Number of asset objects unloaded after import = 145
========================================================================
Received Import Request.
  Time since last request: 0.013160 seconds.
  path: Assets/HorrorPuzzleItems/Cable
  artifactKey: Guid(a873c62a058ed0a4498d87acfaf9b73c) Importer(815301076,1909f56bfc062723c751e8b465ee728b)
Start importing Assets/HorrorPuzzleItems/Cable using Guid(a873c62a058ed0a4498d87acfaf9b73c) Importer(815301076,1909f56bfc062723c751e8b465ee728b) [PhysX] Initialized MultithreadedTaskDispatcher with 18 workers.
 -> (artifact id: '15c7e0faa14c0a92c6467fa96e627a26') in 0.000654 seconds
Number of updated asset objects reloaded before import = 0
Number of asset objects unloaded after import = 0
========================================================================
Received Import Request.
  Time since last request: 0.008532 seconds.
  path: Assets/npc_casual_set_00/Prefabs/Prefabs_Parts/npc_hmn_01f_torso5.prefab
  artifactKey: Guid(0f7a46dde28ae2145944955ab26872e4) Importer(815301076,1909f56bfc062723c751e8b465ee728b)
Start importing Assets/npc_casual_set_00/Prefabs/Prefabs_Parts/npc_hmn_01f_torso5.prefab using Guid(0f7a46dde28ae2145944955ab26872e4) Importer(815301076,1909f56bfc062723c751e8b465ee728b) [PhysX] Initialized MultithreadedTaskDispatcher with 18 workers.
[PhysX] Initialized MultithreadedTaskDispatcher with 18 workers.
 -> (artifact id: '200badb8f463d56868b853ffd16834ef') in 0.035921 seconds
Number of updated asset objects reloaded before import = 0
Number of asset objects unloaded after import = 289
========================================================================
Received Import Request.
  Time since last request: 0.008413 seconds.
  path: Assets/nappin/HouseInteriorPack/Models/(Msh)Fridge.fbx
  artifactKey: Guid(2fd41568ee19c9343a65da176f778932) Importer(815301076,1909f56bfc062723c751e8b465ee728b)
Start importing Assets/nappin/HouseInteriorPack/Models/(Msh)Fridge.fbx using Guid(2fd41568ee19c9343a65da176f778932) Importer(815301076,1909f56bfc062723c751e8b465ee728b) [PhysX] Initialized MultithreadedTaskDispatcher with 18 workers.
[PhysX] Initialized MultithreadedTaskDispatcher with 18 workers.
[PhysX] Initialized MultithreadedTaskDispatcher with 18 workers.
[PhysX] Initialized MultithreadedTaskDispatcher with 18 workers.
[PhysX] Initialized MultithreadedTaskDispatcher with 18 workers.
[PhysX] Initialized MultithreadedTaskDispatcher with 18 workers.
 -> (artifact id: '252021d10fb8c55ef622541a6c78a7a7') in 0.042754 seconds
Number of updated asset objects reloaded before import = 0
Number of asset objects unloaded after import = 21
========================================================================
Received Import Request.
  Time since last request: 0.004778 seconds.
  path: Assets/HorrorPuzzleItems/Gem/Icons/Icon_Gem_Yellow.png
  artifactKey: Guid(d251e08a28bc78b41b72884e1def2e04) Importer(815301076,1909f56bfc062723c751e8b465ee728b)
Start importing Assets/HorrorPuzzleItems/Gem/Icons/Icon_Gem_Yellow.png using Guid(d251e08a28bc78b41b72884e1def2e04) Importer(815301076,1909f56bfc062723c751e8b465ee728b) [PhysX] Initialized MultithreadedTaskDispatcher with 18 workers.
[PhysX] Initialized MultithreadedTaskDispatcher with 18 workers.
 -> (artifact id: '197023a30c2884f3563d430f62a238dc') in 0.031111 seconds
Number of updated asset objects reloaded before import = 0
Number of asset objects unloaded after import = 3
========================================================================
Received Import Request.
  Time since last request: 0.015684 seconds.
  path: Assets/npc_casual_set_00/Mesh/Mesh_Parts/npc_hmn_01m_upperbody1.fbx
  artifactKey: Guid(e625e84a51866a944a805065a483f0ea) Importer(815301076,1909f56bfc062723c751e8b465ee728b)
Start importing Assets/npc_casual_set_00/Mesh/Mesh_Parts/npc_hmn_01m_upperbody1.fbx using Guid(e625e84a51866a944a805065a483f0ea) Importer(815301076,1909f56bfc062723c751e8b465ee728b) [PhysX] Initialized MultithreadedTaskDispatcher with 18 workers.
[PhysX] Initialized MultithreadedTaskDispatcher with 18 workers.
[PhysX] Initialized MultithreadedTaskDispatcher with 18 workers.
[PhysX] Initialized MultithreadedTaskDispatcher with 18 workers.
[PhysX] Initialized MultithreadedTaskDispatcher with 18 workers.
[PhysX] Initialized MultithreadedTaskDispatcher with 18 workers.
[PhysX] Initialized MultithreadedTaskDispatcher with 18 workers.
[PhysX] Initialized MultithreadedTaskDispatcher with 18 workers.
[PhysX] Initialized MultithreadedTaskDispatcher with 18 workers.
[PhysX] Initialized MultithreadedTaskDispatcher with 18 workers.
[PhysX] Initialized MultithreadedTaskDispatcher with 18 workers.
[PhysX] Initialized MultithreadedTaskDispatcher with 18 workers.
 -> (artifact id: '7a669e3fb74533f0c811f8f7ec15f1d0') in 0.085835 seconds
Number of updated asset objects reloaded before import = 0
Number of asset objects unloaded after import = 154
========================================================================
Received Import Request.
  Time since last request: 0.017724 seconds.
  path: Assets/npc_casual_set_00/Mesh/npc_csl_shoe_03.fbx
  artifactKey: Guid(7bcbccde7fe242846b15f914e78e6b8d) Importer(815301076,1909f56bfc062723c751e8b465ee728b)
Start importing Assets/npc_casual_set_00/Mesh/npc_csl_shoe_03.fbx using Guid(7bcbccde7fe242846b15f914e78e6b8d) Importer(815301076,1909f56bfc062723c751e8b465ee728b) [PhysX] Initialized MultithreadedTaskDispatcher with 18 workers.
[PhysX] Initialized MultithreadedTaskDispatcher with 18 workers.
[PhysX] Initialized MultithreadedTaskDispatcher with 18 workers.
[PhysX] Initialized MultithreadedTaskDispatcher with 18 workers.
[PhysX] Initialized MultithreadedTaskDispatcher with 18 workers.
[PhysX] Initialized MultithreadedTaskDispatcher with 18 workers.
[PhysX] Initialized MultithreadedTaskDispatcher with 18 workers.
[PhysX] Initialized MultithreadedTaskDispatcher with 18 workers.
[PhysX] Initialized MultithreadedTaskDispatcher with 18 workers.
[PhysX] Initialized MultithreadedTaskDispatcher with 18 workers.
[PhysX] Initialized MultithreadedTaskDispatcher with 18 workers.
[PhysX] Initialized MultithreadedTaskDispatcher with 18 workers.
[PhysX] Initialized MultithreadedTaskDispatcher with 18 workers.
 -> (artifact id: '515e237e62d88c9c90f20da69232b5c6') in 0.078716 seconds
Number of updated asset objects reloaded before import = 0
Number of asset objects unloaded after import = 141
========================================================================
Received Import Request.
  Time since last request: 0.003251 seconds.
  path: Assets/npc_casual_set_00/Prefabs/Prefabs_Parts/npc_hmn_01m_lowerbody1.prefab
  artifactKey: Guid(0fdacefaff07855478dfe12136ca7f81) Importer(815301076,1909f56bfc062723c751e8b465ee728b)
Start importing Assets/npc_casual_set_00/Prefabs/Prefabs_Parts/npc_hmn_01m_lowerbody1.prefab using Guid(0fdacefaff07855478dfe12136ca7f81) Importer(815301076,1909f56bfc062723c751e8b465ee728b) [PhysX] Initialized MultithreadedTaskDispatcher with 18 workers.
[PhysX] Initialized MultithreadedTaskDispatcher with 18 workers.
 -> (artifact id: '4fcc2cd1feb4b3efae56d741cce63c40') in 0.039068 seconds
Number of updated asset objects reloaded before import = 0
Number of asset objects unloaded after import = 289
========================================================================
Received Import Request.
  Time since last request: 0.003724 seconds.
  path: Assets/HorrorPuzzleItems/Battery/Icons/Icon_Battery_AA.png
  artifactKey: Guid(258b2879d3bdc1b428009397e2dda85f) Importer(815301076,1909f56bfc062723c751e8b465ee728b)
Start importing Assets/HorrorPuzzleItems/Battery/Icons/Icon_Battery_AA.png using Guid(258b2879d3bdc1b428009397e2dda85f) Importer(815301076,1909f56bfc062723c751e8b465ee728b) [PhysX] Initialized MultithreadedTaskDispatcher with 18 workers.
[PhysX] Initialized MultithreadedTaskDispatcher with 18 workers.
 -> (artifact id: 'a56ecb26c815a48a6ece6e035bdc07e1') in 0.030849 seconds
Number of updated asset objects reloaded before import = 0
Number of asset objects unloaded after import = 3
========================================================================
Received Import Request.
  Time since last request: 0.002361 seconds.
  path: Assets/HorrorPuzzleItems/Floppy
  artifactKey: Guid(734feee627f67df4b865aad253d56213) Importer(815301076,1909f56bfc062723c751e8b465ee728b)
Start importing Assets/HorrorPuzzleItems/Floppy using Guid(734feee627f67df4b865aad253d56213) Importer(815301076,1909f56bfc062723c751e8b465ee728b) [PhysX] Initialized MultithreadedTaskDispatcher with 18 workers.
 -> (artifact id: '6df31e85ea4d9e488c054012eb1e315c') in 0.001043 seconds
Number of updated asset objects reloaded before import = 0
Number of asset objects unloaded after import = 0
========================================================================
Received Import Request.
  Time since last request: 0.025000 seconds.
  path: Assets/npc_casual_set_00/Prefabs/Prefabs_Parts/npc_hmn_01m_fingers1.prefab
  artifactKey: Guid(7603eac4b7887fe4d988ccc3d9a2363c) Importer(815301076,1909f56bfc062723c751e8b465ee728b)
Start importing Assets/npc_casual_set_00/Prefabs/Prefabs_Parts/npc_hmn_01m_fingers1.prefab using Guid(7603eac4b7887fe4d988ccc3d9a2363c) Importer(815301076,1909f56bfc062723c751e8b465ee728b) [PhysX] Initialized MultithreadedTaskDispatcher with 18 workers.
[PhysX] Initialized MultithreadedTaskDispatcher with 18 workers.
 -> (artifact id: 'ffdcc04d6e4a9c9f02769e2687f0639d') in 0.037197 seconds
Number of updated asset objects reloaded before import = 0
Number of asset objects unloaded after import = 281
========================================================================
Received Import Request.
  Time since last request: 0.001848 seconds.
  path: Assets/npc_casual_set_00/Mesh
  artifactKey: Guid(4d14890f84260ef4ca896d723b70212b) Importer(815301076,1909f56bfc062723c751e8b465ee728b)
Start importing Assets/npc_casual_set_00/Mesh using Guid(4d14890f84260ef4ca896d723b70212b) Importer(815301076,1909f56bfc062723c751e8b465ee728b) [PhysX] Initialized MultithreadedTaskDispatcher with 18 workers.
 -> (artifact id: 'c3b2b59ef3225f3a2e351f95fa30c1d8') in 0.000700 seconds
Number of updated asset objects reloaded before import = 0
Number of asset objects unloaded after import = 0
========================================================================
Received Import Request.
  Time since last request: 0.006252 seconds.
  path: Assets/npc_casual_set_00/Textures/npc_hmn_face_01f_01_01_m.tif
  artifactKey: Guid(ae05d727f7863a54eaf2b94f08adc477) Importer(815301076,1909f56bfc062723c751e8b465ee728b)
Start importing Assets/npc_casual_set_00/Textures/npc_hmn_face_01f_01_01_m.tif using Guid(ae05d727f7863a54eaf2b94f08adc477) Importer(815301076,1909f56bfc062723c751e8b465ee728b) [PhysX] Initialized MultithreadedTaskDispatcher with 18 workers.
[PhysX] Initialized MultithreadedTaskDispatcher with 18 workers.
 -> (artifact id: '1c7f9b9c5452ba76c4ccb14987ae1765') in 0.007029 seconds
Number of updated asset objects reloaded before import = 0
Number of asset objects unloaded after import = 2
========================================================================
Received Import Request.
  Time since last request: 0.005064 seconds.
  path: Assets/HorrorPuzzleItems/Lighter
  artifactKey: Guid(a3b3f6692267df441b3b51bfe278d5fe) Importer(815301076,1909f56bfc062723c751e8b465ee728b)
Start importing Assets/HorrorPuzzleItems/Lighter using Guid(a3b3f6692267df441b3b51bfe278d5fe) Importer(815301076,1909f56bfc062723c751e8b465ee728b) [PhysX] Initialized MultithreadedTaskDispatcher with 18 workers.
 -> (artifact id: '923f00e7e0e20ef63353369f15ed46be') in 0.000791 seconds
Number of updated asset objects reloaded before import = 0
Number of asset objects unloaded after import = 0
========================================================================
Received Import Request.
  Time since last request: 0.003508 seconds.
  path: Assets/JustPlay/Сomputer devices/Objects/Monitor
  artifactKey: Guid(9d84c46e5c6d80948875e014164abae1) Importer(815301076,1909f56bfc062723c751e8b465ee728b)
Start importing Assets/JustPlay/Сomputer devices/Objects/Monitor using Guid(9d84c46e5c6d80948875e014164abae1) Importer(815301076,1909f56bfc062723c751e8b465ee728b) [PhysX] Initialized MultithreadedTaskDispatcher with 18 workers.
 -> (artifact id: 'c99479ecdfd9aed55277a169a8edbe19') in 0.000699 seconds
Number of updated asset objects reloaded before import = 0
Number of asset objects unloaded after import = 0
========================================================================
Received Import Request.
  Time since last request: 0.006076 seconds.
  path: Assets/npc_casual_set_00/Textures/npc_hair_01_c.tif
  artifactKey: Guid(59da40feef9b13d4d90965ef03c97589) Importer(815301076,1909f56bfc062723c751e8b465ee728b)
Start importing Assets/npc_casual_set_00/Textures/npc_hair_01_c.tif using Guid(59da40feef9b13d4d90965ef03c97589) Importer(815301076,1909f56bfc062723c751e8b465ee728b) [PhysX] Initialized MultithreadedTaskDispatcher with 18 workers.
[PhysX] Initialized MultithreadedTaskDispatcher with 18 workers.
 -> (artifact id: '5aa4f96ca5719809885550d470dd58d6') in 0.026927 seconds
Number of updated asset objects reloaded before import = 0
Number of asset objects unloaded after import = 2
========================================================================
Received Import Request.
  Time since last request: 0.003683 seconds.
  path: Assets/Scenes/ZNS3D/Vintage Living Room Game Pack/Textures/Decors_2
  artifactKey: Guid(f455db4e849d7e8439617c39224e6796) Importer(815301076,1909f56bfc062723c751e8b465ee728b)
Start importing Assets/Scenes/ZNS3D/Vintage Living Room Game Pack/Textures/Decors_2 using Guid(f455db4e849d7e8439617c39224e6796) Importer(815301076,1909f56bfc062723c751e8b465ee728b) [PhysX] Initialized MultithreadedTaskDispatcher with 18 workers.
 -> (artifact id: '2e09c6b21247b34e8db0b87e8bddf02d') in 0.001084 seconds
Number of updated asset objects reloaded before import = 0
Number of asset objects unloaded after import = 0
========================================================================
Received Import Request.
  Time since last request: 0.005725 seconds.
  path: Assets/npc_casual_set_00/Mesh/Mesh_Parts/npc_csl_shirtopenrolled_00m_parts.fbx
  artifactKey: Guid(120045b833dfcd045a05fd199520f54c) Importer(815301076,1909f56bfc062723c751e8b465ee728b)
Start importing Assets/npc_casual_set_00/Mesh/Mesh_Parts/npc_csl_shirtopenrolled_00m_parts.fbx using Guid(120045b833dfcd045a05fd199520f54c) Importer(815301076,1909f56bfc062723c751e8b465ee728b) [PhysX] Initialized MultithreadedTaskDispatcher with 18 workers.
[PhysX] Initialized MultithreadedTaskDispatcher with 18 workers.
[PhysX] Initialized MultithreadedTaskDispatcher with 18 workers.
[PhysX] Initialized MultithreadedTaskDispatcher with 18 workers.
[PhysX] Initialized MultithreadedTaskDispatcher with 18 workers.
[PhysX] Initialized MultithreadedTaskDispatcher with 18 workers.
[PhysX] Initialized MultithreadedTaskDispatcher with 18 workers.
[PhysX] Initialized MultithreadedTaskDispatcher with 18 workers.
[PhysX] Initialized MultithreadedTaskDispatcher with 18 workers.
[PhysX] Initialized MultithreadedTaskDispatcher with 18 workers.
[PhysX] Initialized MultithreadedTaskDispatcher with 18 workers.
[PhysX] Initialized MultithreadedTaskDispatcher with 18 workers.
[PhysX] Initialized MultithreadedTaskDispatcher with 18 workers.
[PhysX] Initialized MultithreadedTaskDispatcher with 18 workers.
[PhysX] Initialized MultithreadedTaskDispatcher with 18 workers.
[PhysX] Initialized MultithreadedTaskDispatcher with 18 workers.
[PhysX] Initialized MultithreadedTaskDispatcher with 18 workers.
[PhysX] Initialized MultithreadedTaskDispatcher with 18 workers.
[PhysX] Initialized MultithreadedTaskDispatcher with 18 workers.
[PhysX] Initialized MultithreadedTaskDispatcher with 18 workers.
[PhysX] Initialized MultithreadedTaskDispatcher with 18 workers.
[PhysX] Initialized MultithreadedTaskDispatcher with 18 workers.
 -> (artifact id: 'ec6e3e20389929c43c7e4b17347b7755') in 0.126653 seconds
Number of updated asset objects reloaded before import = 0
Number of asset objects unloaded after import = 179
========================================================================
Received Import Request.
  Time since last request: 0.004327 seconds.
  path: Assets/npc_casual_set_00/Mesh/npc_csl_shoe_04.fbx
  artifactKey: Guid(aa1020ec2c37d4440b5033fccc0f4dfc) Importer(815301076,1909f56bfc062723c751e8b465ee728b)
Start importing Assets/npc_casual_set_00/Mesh/npc_csl_shoe_04.fbx using Guid(aa1020ec2c37d4440b5033fccc0f4dfc) Importer(815301076,1909f56bfc062723c751e8b465ee728b) [PhysX] Initialized MultithreadedTaskDispatcher with 18 workers.
[PhysX] Initialized MultithreadedTaskDispatcher with 18 workers.
[PhysX] Initialized MultithreadedTaskDispatcher with 18 workers.
[PhysX] Initialized MultithreadedTaskDispatcher with 18 workers.
[PhysX] Initialized MultithreadedTaskDispatcher with 18 workers.
[PhysX] Initialized MultithreadedTaskDispatcher with 18 workers.
[PhysX] Initialized MultithreadedTaskDispatcher with 18 workers.
[PhysX] Initialized MultithreadedTaskDispatcher with 18 workers.
[PhysX] Initialized MultithreadedTaskDispatcher with 18 workers.
[PhysX] Initialized MultithreadedTaskDispatcher with 18 workers.
[PhysX] Initialized MultithreadedTaskDispatcher with 18 workers.
[PhysX] Initialized MultithreadedTaskDispatcher with 18 workers.
[PhysX] Initialized MultithreadedTaskDispatcher with 18 workers.
 -> (artifact id: '3b23c339126bacd5c30517dc49db388b') in 0.077041 seconds
Number of updated asset objects reloaded before import = 0
Number of asset objects unloaded after import = 141
========================================================================
Received Import Request.
  Time since last request: 0.015631 seconds.
  path: Assets/HorrorPuzzleItems/Battery/Prefabs/BatteryAA.prefab
  artifactKey: Guid(8809bf6169090444b94e702fbc61c496) Importer(815301076,1909f56bfc062723c751e8b465ee728b)
Start importing Assets/HorrorPuzzleItems/Battery/Prefabs/BatteryAA.prefab using Guid(8809bf6169090444b94e702fbc61c496) Importer(815301076,1909f56bfc062723c751e8b465ee728b) [PhysX] Initialized MultithreadedTaskDispatcher with 18 workers.
[PhysX] Initialized MultithreadedTaskDispatcher with 18 workers.
 -> (artifact id: '936e3b7d946eba27628993d412eff825') in 0.028171 seconds
Number of updated asset objects reloaded before import = 0
Number of asset objects unloaded after import = 17
========================================================================
Received Import Request.
  Time since last request: 0.027827 seconds.
  path: Assets/nappin/HouseInteriorPack/readme.txt
  artifactKey: Guid(d951ef7672251234bb730f4cc1ea059c) Importer(815301076,1909f56bfc062723c751e8b465ee728b)
Start importing Assets/nappin/HouseInteriorPack/readme.txt using Guid(d951ef7672251234bb730f4cc1ea059c) Importer(815301076,1909f56bfc062723c751e8b465ee728b) [PhysX] Initialized MultithreadedTaskDispatcher with 18 workers.
 -> (artifact id: 'e9839dde285cba2e74f372d12f33de40') in 0.001243 seconds
Number of updated asset objects reloaded before import = 0
Number of asset objects unloaded after import = 1
========================================================================
Received Import Request.
  Time since last request: 0.009755 seconds.
  path: Assets/nappin/OfficeEssentialsPack/Prefabs/(Prb)BigDrawer.prefab
  artifactKey: Guid(c53fe300edecc524f9f511dc58792d47) Importer(815301076,1909f56bfc062723c751e8b465ee728b)
Start importing Assets/nappin/OfficeEssentialsPack/Prefabs/(Prb)BigDrawer.prefab using Guid(c53fe300edecc524f9f511dc58792d47) Importer(815301076,1909f56bfc062723c751e8b465ee728b) [PhysX] Initialized MultithreadedTaskDispatcher with 18 workers.
[PhysX] Initialized MultithreadedTaskDispatcher with 18 workers.
 -> (artifact id: '721f10fc8fa66517046849b8bd085068') in 0.034943 seconds
Number of updated asset objects reloaded before import = 0
Number of asset objects unloaded after import = 67
========================================================================
Received Import Request.
  Time since last request: 0.014031 seconds.
  path: Assets/nappin/OfficeEssentialsPack/Prefabs/(Prb)Dresser.prefab
  artifactKey: Guid(d2abb3f7c9ac59048a122c38a8480e71) Importer(815301076,1909f56bfc062723c751e8b465ee728b)
Start importing Assets/nappin/OfficeEssentialsPack/Prefabs/(Prb)Dresser.prefab using Guid(d2abb3f7c9ac59048a122c38a8480e71) Importer(815301076,1909f56bfc062723c751e8b465ee728b) [PhysX] Initialized MultithreadedTaskDispatcher with 18 workers.
[PhysX] Initialized MultithreadedTaskDispatcher with 18 workers.
 -> (artifact id: '8f9c653b87bd4ef47d8436c6b23c7fde') in 0.032454 seconds
Number of updated asset objects reloaded before import = 0
Number of asset objects unloaded after import = 36
========================================================================
Received Import Request.
  Time since last request: 0.003465 seconds.
  path: Assets/npc_casual_set_00/Mesh/Mesh_Parts/npc_hmn_01f_torso4.fbx
  artifactKey: Guid(f13811d2588209e43b33bea7f6fba299) Importer(815301076,1909f56bfc062723c751e8b465ee728b)
Start importing Assets/npc_casual_set_00/Mesh/Mesh_Parts/npc_hmn_01f_torso4.fbx using Guid(f13811d2588209e43b33bea7f6fba299) Importer(815301076,1909f56bfc062723c751e8b465ee728b) [PhysX] Initialized MultithreadedTaskDispatcher with 18 workers.
[PhysX] Initialized MultithreadedTaskDispatcher with 18 workers.
[PhysX] Initialized MultithreadedTaskDispatcher with 18 workers.
[PhysX] Initialized MultithreadedTaskDispatcher with 18 workers.
[PhysX] Initialized MultithreadedTaskDispatcher with 18 workers.
[PhysX] Initialized MultithreadedTaskDispatcher with 18 workers.
[PhysX] Initialized MultithreadedTaskDispatcher with 18 workers.
[PhysX] Initialized MultithreadedTaskDispatcher with 18 workers.
[PhysX] Initialized MultithreadedTaskDispatcher with 18 workers.
[PhysX] Initialized MultithreadedTaskDispatcher with 18 workers.
[PhysX] Initialized MultithreadedTaskDispatcher with 18 workers.
[PhysX] Initialized MultithreadedTaskDispatcher with 18 workers.
 -> (artifact id: 'a2258255daa028bea0c3188145528078') in 0.083602 seconds
Number of updated asset objects reloaded before import = 0
Number of asset objects unloaded after import = 149
========================================================================
Received Import Request.
  Time since last request: 0.015787 seconds.
  path: Assets/npc_casual_set_00/Mesh/Mesh_Parts/npc_hmn_01m_arms2.fbx
  artifactKey: Guid(a6fce5f68a9181b4abde9e6147c35759) Importer(815301076,1909f56bfc062723c751e8b465ee728b)
Start importing Assets/npc_casual_set_00/Mesh/Mesh_Parts/npc_hmn_01m_arms2.fbx using Guid(a6fce5f68a9181b4abde9e6147c35759) Importer(815301076,1909f56bfc062723c751e8b465ee728b) [PhysX] Initialized MultithreadedTaskDispatcher with 18 workers.
[PhysX] Initialized MultithreadedTaskDispatcher with 18 workers.
[PhysX] Initialized MultithreadedTaskDispatcher with 18 workers.
[PhysX] Initialized MultithreadedTaskDispatcher with 18 workers.
[PhysX] Initialized MultithreadedTaskDispatcher with 18 workers.
[PhysX] Initialized MultithreadedTaskDispatcher with 18 workers.
[PhysX] Initialized MultithreadedTaskDispatcher with 18 workers.
[PhysX] Initialized MultithreadedTaskDispatcher with 18 workers.
[PhysX] Initialized MultithreadedTaskDispatcher with 18 workers.
[PhysX] Initialized MultithreadedTaskDispatcher with 18 workers.
[PhysX] Initialized MultithreadedTaskDispatcher with 18 workers.
[PhysX] Initialized MultithreadedTaskDispatcher with 18 workers.
 -> (artifact id: '40188c05fd025dc460d5189286f60600') in 0.083249 seconds
Number of updated asset objects reloaded before import = 0
Number of asset objects unloaded after import = 149
========================================================================
Received Import Request.
  Time since last request: 0.007748 seconds.
  path: Assets/HorrorPuzzleItems/Gem/Prefabs/Gem_Blue.prefab
  artifactKey: Guid(937ccd9682405db4b951a12131039eff) Importer(815301076,1909f56bfc062723c751e8b465ee728b)
Start importing Assets/HorrorPuzzleItems/Gem/Prefabs/Gem_Blue.prefab using Guid(937ccd9682405db4b951a12131039eff) Importer(815301076,1909f56bfc062723c751e8b465ee728b) [PhysX] Initialized MultithreadedTaskDispatcher with 18 workers.
[PhysX] Initialized MultithreadedTaskDispatcher with 18 workers.
 -> (artifact id: 'a0a22c4833ab4e991a7e569fa147c125') in 0.025119 seconds
Number of updated asset objects reloaded before import = 0
Number of asset objects unloaded after import = 17
========================================================================
Received Import Request.
  Time since last request: 0.005565 seconds.
  path: Assets/nappin/OfficeEssentialsPack/Prefabs/(Prb)WaterDispenser.prefab
  artifactKey: Guid(135f561a417209449aa3f0e15225613e) Importer(815301076,1909f56bfc062723c751e8b465ee728b)
Start importing Assets/nappin/OfficeEssentialsPack/Prefabs/(Prb)WaterDispenser.prefab using Guid(135f561a417209449aa3f0e15225613e) Importer(815301076,1909f56bfc062723c751e8b465ee728b) [PhysX] Initialized MultithreadedTaskDispatcher with 18 workers.
[PhysX] Initialized MultithreadedTaskDispatcher with 18 workers.
 -> (artifact id: 'bd2e2eff5c132ce7cd32bb0f617d10aa') in 0.034569 seconds
Number of updated asset objects reloaded before import = 0
Number of asset objects unloaded after import = 21
========================================================================
Received Import Request.
  Time since last request: 0.002250 seconds.
  path: Assets/Scenes/ZNS3D/Vintage Living Room Game Pack/Textures/Furnitures_1
  artifactKey: Guid(83ac850aa5fa2f341b6e50651e164406) Importer(815301076,1909f56bfc062723c751e8b465ee728b)
Start importing Assets/Scenes/ZNS3D/Vintage Living Room Game Pack/Textures/Furnitures_1 using Guid(83ac850aa5fa2f341b6e50651e164406) Importer(815301076,1909f56bfc062723c751e8b465ee728b) [PhysX] Initialized MultithreadedTaskDispatcher with 18 workers.
 -> (artifact id: '0a8a6b7d6f35b38397f61b878b103917') in 0.000806 seconds
Number of updated asset objects reloaded before import = 0
Number of asset objects unloaded after import = 0
========================================================================
Received Import Request.
  Time since last request: 0.035825 seconds.
  path: Assets/nappin/OfficeEssentialsPack/Prefabs/(Prb)CornerSofa.prefab
  artifactKey: Guid(290d5c01ef7f584438bbaca69591c2b9) Importer(815301076,1909f56bfc062723c751e8b465ee728b)
Start importing Assets/nappin/OfficeEssentialsPack/Prefabs/(Prb)CornerSofa.prefab using Guid(290d5c01ef7f584438bbaca69591c2b9) Importer(815301076,1909f56bfc062723c751e8b465ee728b) [PhysX] Initialized MultithreadedTaskDispatcher with 18 workers.
[PhysX] Initialized MultithreadedTaskDispatcher with 18 workers.
 -> (artifact id: 'f2e74b98bcb5e772322ca401ab06e25e') in 0.043863 seconds
Number of updated asset objects reloaded before import = 0
Number of asset objects unloaded after import = 171
========================================================================
Received Import Request.
  Time since last request: 0.021856 seconds.
  path: Assets/npc_casual_set_00/Prefabs/npc_csl_pants_00m_01_02.prefab
  artifactKey: Guid(cbda8016d5671ce4599c0214e8eef37c) Importer(815301076,1909f56bfc062723c751e8b465ee728b)
Start importing Assets/npc_casual_set_00/Prefabs/npc_csl_pants_00m_01_02.prefab using Guid(cbda8016d5671ce4599c0214e8eef37c) Importer(815301076,1909f56bfc062723c751e8b465ee728b) [PhysX] Initialized MultithreadedTaskDispatcher with 18 workers.
[PhysX] Initialized MultithreadedTaskDispatcher with 18 workers.
 -> (artifact id: '63a45cb3718771536864c560119cf01f') in 0.033406 seconds
Number of updated asset objects reloaded before import = 0
Number of asset objects unloaded after import = 291
========================================================================
Received Import Request.
  Time since last request: 0.003286 seconds.
  path: Assets/npc_casual_set_00/Prefabs/Prefabs_Parts/npc_csl_tshirt_00m_sleeves.prefab
  artifactKey: Guid(205fe20a74ebe7046a5d5b1990cbb592) Importer(815301076,1909f56bfc062723c751e8b465ee728b)
Start importing Assets/npc_casual_set_00/Prefabs/Prefabs_Parts/npc_csl_tshirt_00m_sleeves.prefab using Guid(205fe20a74ebe7046a5d5b1990cbb592) Importer(815301076,1909f56bfc062723c751e8b465ee728b) [PhysX] Initialized MultithreadedTaskDispatcher with 18 workers.
[PhysX] Initialized MultithreadedTaskDispatcher with 18 workers.
 -> (artifact id: 'c62f06c06ff9e25f7ba6f8ab85c75b59') in 0.029000 seconds
Number of updated asset objects reloaded before import = 0
Number of asset objects unloaded after import = 285
========================================================================
Received Import Request.
  Time since last request: 0.030265 seconds.
  path: Assets/nappin/OfficeEssentialsPack/Materials/(Mat)GradientOrange.mat
  artifactKey: Guid(fb698345bbbc4d74ba2ca7b2bb59eb9d) Importer(815301076,1909f56bfc062723c751e8b465ee728b)
Start importing Assets/nappin/OfficeEssentialsPack/Materials/(Mat)GradientOrange.mat using Guid(fb698345bbbc4d74ba2ca7b2bb59eb9d) Importer(815301076,1909f56bfc062723c751e8b465ee728b) [PhysX] Initialized MultithreadedTaskDispatcher with 18 workers.
[PhysX] Initialized MultithreadedTaskDispatcher with 18 workers.
 -> (artifact id: 'ff213f5fa3363559330f477969d2a19f') in 0.028176 seconds
Number of updated asset objects reloaded before import = 0
Number of asset objects unloaded after import = 3
========================================================================
Received Import Request.
  Time since last request: 0.004534 seconds.
  path: Assets/npc_casual_set_00/Textures/npc_hmn_face_01f_04_01_o.tif
  artifactKey: Guid(40672cbd01888b84799f26b82584b694) Importer(815301076,1909f56bfc062723c751e8b465ee728b)
Start importing Assets/npc_casual_set_00/Textures/npc_hmn_face_01f_04_01_o.tif using Guid(40672cbd01888b84799f26b82584b694) Importer(815301076,1909f56bfc062723c751e8b465ee728b) [PhysX] Initialized MultithreadedTaskDispatcher with 18 workers.
[PhysX] Initialized MultithreadedTaskDispatcher with 18 workers.
 -> (artifact id: '15f17e51bd9a8a0f7e104736a975833d') in 0.024000 seconds
Number of updated asset objects reloaded before import = 0
Number of asset objects unloaded after import = 2
========================================================================
Received Import Request.
  Time since last request: 0.004095 seconds.
  path: Assets/npc_casual_set_00/Prefabs/Prefabs_Parts/npc_csl_tshirt_00m_parts.prefab
  artifactKey: Guid(e7bfe6debc094844eab3631d511fbbc9) Importer(815301076,1909f56bfc062723c751e8b465ee728b)
Start importing Assets/npc_casual_set_00/Prefabs/Prefabs_Parts/npc_csl_tshirt_00m_parts.prefab using Guid(e7bfe6debc094844eab3631d511fbbc9) Importer(815301076,1909f56bfc062723c751e8b465ee728b) [PhysX] Initialized MultithreadedTaskDispatcher with 18 workers.
[PhysX] Initialized MultithreadedTaskDispatcher with 18 workers.
 -> (artifact id: '34a7b71a63f1662720cd586994e93593') in 0.033166 seconds
Number of updated asset objects reloaded before import = 0
Number of asset objects unloaded after import = 399
========================================================================
Received Import Request.
  Time since last request: 0.009965 seconds.
  path: Assets/npc_casual_set_00/Textures/npc_hmn_face_01m_02_01_n.tif
  artifactKey: Guid(96192adda2c65784b84d2bbfb61facfd) Importer(815301076,1909f56bfc062723c751e8b465ee728b)
Start importing Assets/npc_casual_set_00/Textures/npc_hmn_face_01m_02_01_n.tif using Guid(96192adda2c65784b84d2bbfb61facfd) Importer(815301076,1909f56bfc062723c751e8b465ee728b) [PhysX] Initialized MultithreadedTaskDispatcher with 18 workers.
[PhysX] Initialized MultithreadedTaskDispatcher with 18 workers.
 -> (artifact id: 'a983ce1198b652e82306af7497106594') in 0.022426 seconds
Number of updated asset objects reloaded before import = 0
Number of asset objects unloaded after import = 2
========================================================================
Received Import Request.
  Time since last request: 0.006044 seconds.
  path: Assets/npc_casual_set_00/Textures/npc_csl_tshirt_00f_01_01_n.tif
  artifactKey: Guid(4662851c9c3c84e458cf841dfb00798b) Importer(815301076,1909f56bfc062723c751e8b465ee728b)
Start importing Assets/npc_casual_set_00/Textures/npc_csl_tshirt_00f_01_01_n.tif using Guid(4662851c9c3c84e458cf841dfb00798b) Importer(815301076,1909f56bfc062723c751e8b465ee728b) [PhysX] Initialized MultithreadedTaskDispatcher with 18 workers.
[PhysX] Initialized MultithreadedTaskDispatcher with 18 workers.
 -> (artifact id: '3ffc7652a3f83781781c91f0fec606dd') in 0.027102 seconds
Number of updated asset objects reloaded before import = 0
Number of asset objects unloaded after import = 2
========================================================================
Received Import Request.
  Time since last request: 0.046967 seconds.
  path: Assets/npc_casual_set_00/Mesh/npc_haircut_c_03.fbx
  artifactKey: Guid(04747dc144b9a65428a2c41826effc2b) Importer(815301076,1909f56bfc062723c751e8b465ee728b)
Start importing Assets/npc_casual_set_00/Mesh/npc_haircut_c_03.fbx using Guid(04747dc144b9a65428a2c41826effc2b) Importer(815301076,1909f56bfc062723c751e8b465ee728b) [PhysX] Initialized MultithreadedTaskDispatcher with 18 workers.
[PhysX] Initialized MultithreadedTaskDispatcher with 18 workers.
[PhysX] Initialized MultithreadedTaskDispatcher with 18 workers.
[PhysX] Initialized MultithreadedTaskDispatcher with 18 workers.
[PhysX] Initialized MultithreadedTaskDispatcher with 18 workers.
[PhysX] Initialized MultithreadedTaskDispatcher with 18 workers.
[PhysX] Initialized MultithreadedTaskDispatcher with 18 workers.
[PhysX] Initialized MultithreadedTaskDispatcher with 18 workers.
[PhysX] Initialized MultithreadedTaskDispatcher with 18 workers.
[PhysX] Initialized MultithreadedTaskDispatcher with 18 workers.
[PhysX] Initialized MultithreadedTaskDispatcher with 18 workers.
[PhysX] Initialized MultithreadedTaskDispatcher with 18 workers.
 -> (artifact id: '9b2eef7d4fb5f3407b105edd59f85fae') in 0.079261 seconds
Number of updated asset objects reloaded before import = 0
Number of asset objects unloaded after import = 145
========================================================================
Received Import Request.
  Time since last request: 0.023821 seconds.
  path: Assets/npc_casual_set_00/Textures/npc_csl_pants_00m_01_03_c.tif
  artifactKey: Guid(bf528487fb535a74d855069b41cc4342) Importer(815301076,1909f56bfc062723c751e8b465ee728b)
Start importing Assets/npc_casual_set_00/Textures/npc_csl_pants_00m_01_03_c.tif using Guid(bf528487fb535a74d855069b41cc4342) Importer(815301076,1909f56bfc062723c751e8b465ee728b) [PhysX] Initialized MultithreadedTaskDispatcher with 18 workers.
[PhysX] Initialized MultithreadedTaskDispatcher with 18 workers.
 -> (artifact id: '783c45b4d640af71f3ec398db5742090') in 0.021988 seconds
Number of updated asset objects reloaded before import = 0
Number of asset objects unloaded after import = 2
========================================================================
Received Import Request.
  Time since last request: 0.004320 seconds.
  path: Assets/nappin/OfficeEssentialsPack/Prefabs/(Prb)Microwave.prefab
  artifactKey: Guid(52d6dcae9530f6f4e9af1bb2b9a6c1fc) Importer(815301076,1909f56bfc062723c751e8b465ee728b)
Start importing Assets/nappin/OfficeEssentialsPack/Prefabs/(Prb)Microwave.prefab using Guid(52d6dcae9530f6f4e9af1bb2b9a6c1fc) Importer(815301076,1909f56bfc062723c751e8b465ee728b) [PhysX] Initialized MultithreadedTaskDispatcher with 18 workers.
[PhysX] Initialized MultithreadedTaskDispatcher with 18 workers.
 -> (artifact id: '556cdcbf8d98aa02acb68d030077095b') in 0.035505 seconds
Number of updated asset objects reloaded before import = 0
Number of asset objects unloaded after import = 18
========================================================================
Received Import Request.
  Time since last request: 0.027529 seconds.
  path: Assets/npc_casual_set_00/Textures/npc_csl_shirtopenrolled_00m_01_02_c.tif
  artifactKey: Guid(59c8fff7680d1844eaa53f3228eef0c1) Importer(815301076,1909f56bfc062723c751e8b465ee728b)
Start importing Assets/npc_casual_set_00/Textures/npc_csl_shirtopenrolled_00m_01_02_c.tif using Guid(59c8fff7680d1844eaa53f3228eef0c1) Importer(815301076,1909f56bfc062723c751e8b465ee728b) [PhysX] Initialized MultithreadedTaskDispatcher with 18 workers.
[PhysX] Initialized MultithreadedTaskDispatcher with 18 workers.
 -> (artifact id: '81440849fbe2ffc6948ff657de8f59eb') in 0.028496 seconds
Number of updated asset objects reloaded before import = 0
Number of asset objects unloaded after import = 2
========================================================================
Received Import Request.
  Time since last request: 0.003451 seconds.
  path: Assets/npc_casual_set_00/Prefabs/Prefabs_Parts/npc_hmn_01f_arms3.prefab
  artifactKey: Guid(708a859b870fb884e8835baa5bb8f5f8) Importer(815301076,1909f56bfc062723c751e8b465ee728b)
Start importing Assets/npc_casual_set_00/Prefabs/Prefabs_Parts/npc_hmn_01f_arms3.prefab using Guid(708a859b870fb884e8835baa5bb8f5f8) Importer(815301076,1909f56bfc062723c751e8b465ee728b) [PhysX] Initialized MultithreadedTaskDispatcher with 18 workers.
[PhysX] Initialized MultithreadedTaskDispatcher with 18 workers.
 -> (artifact id: '5fee118c816ed2792ac0d0ec88bf2284') in 0.044060 seconds
Number of updated asset objects reloaded before import = 0
Number of asset objects unloaded after import = 289
========================================================================
Received Import Request.
  Time since last request: 0.003336 seconds.
  path: Assets/HorrorPuzzleItems/Valve/Prefabs/Valve.prefab
  artifactKey: Guid(699fd9f8e4bdbff4ca48d5abbb0991e4) Importer(815301076,1909f56bfc062723c751e8b465ee728b)
Start importing Assets/HorrorPuzzleItems/Valve/Prefabs/Valve.prefab using Guid(699fd9f8e4bdbff4ca48d5abbb0991e4) Importer(815301076,1909f56bfc062723c751e8b465ee728b) [PhysX] Initialized MultithreadedTaskDispatcher with 18 workers.
[PhysX] Initialized MultithreadedTaskDispatcher with 18 workers.
 -> (artifact id: 'ef576638b829d6f996b8cd179544da25') in 0.028762 seconds
Number of updated asset objects reloaded before import = 0
Number of asset objects unloaded after import = 17
========================================================================
Received Import Request.
  Time since last request: 0.025301 seconds.
  path: Assets/npc_casual_set_00/Textures/npc_hmn_face_01m_01_01_msk.tif
  artifactKey: Guid(c30c796b2f8b40c4b85b332e50c27792) Importer(815301076,1909f56bfc062723c751e8b465ee728b)
Start importing Assets/npc_casual_set_00/Textures/npc_hmn_face_01m_01_01_msk.tif using Guid(c30c796b2f8b40c4b85b332e50c27792) Importer(815301076,1909f56bfc062723c751e8b465ee728b) [PhysX] Initialized MultithreadedTaskDispatcher with 18 workers.
[PhysX] Initialized MultithreadedTaskDispatcher with 18 workers.
 -> (artifact id: 'df895576b9c194599079ea83f6db8a01') in 0.027518 seconds
Number of updated asset objects reloaded before import = 0
Number of asset objects unloaded after import = 2
========================================================================
Received Import Request.
  Time since last request: 0.008296 seconds.
  path: Assets/HorrorPuzzleItems/Lighter/Icons
  artifactKey: Guid(a5be7d97f3dfcb74482546c288547d69) Importer(815301076,1909f56bfc062723c751e8b465ee728b)
Start importing Assets/HorrorPuzzleItems/Lighter/Icons using Guid(a5be7d97f3dfcb74482546c288547d69) Importer(815301076,1909f56bfc062723c751e8b465ee728b) [PhysX] Initialized MultithreadedTaskDispatcher with 18 workers.
 -> (artifact id: '21e01ec53994ed53b7ff7a68446f8291') in 0.000920 seconds
Number of updated asset objects reloaded before import = 0
Number of asset objects unloaded after import = 0
========================================================================
Received Import Request.
  Time since last request: 0.012280 seconds.
  path: Assets/JustPlay
  artifactKey: Guid(00d852db7031b0f4fa96bb3c0b6b00d3) Importer(815301076,1909f56bfc062723c751e8b465ee728b)
Start importing Assets/JustPlay using Guid(00d852db7031b0f4fa96bb3c0b6b00d3) Importer(815301076,1909f56bfc062723c751e8b465ee728b) [PhysX] Initialized MultithreadedTaskDispatcher with 18 workers.
 -> (artifact id: 'fe07596a11c513e08254aef515d9cc9e') in 0.000452 seconds
Number of updated asset objects reloaded before import = 0
Number of asset objects unloaded after import = 0
========================================================================
Received Import Request.
  Time since last request: 0.024050 seconds.
  path: Assets/HorrorPuzzleItems/Gem
  artifactKey: Guid(f5be9329547c0574a9c691ee2c90882f) Importer(815301076,1909f56bfc062723c751e8b465ee728b)
Start importing Assets/HorrorPuzzleItems/Gem using Guid(f5be9329547c0574a9c691ee2c90882f) Importer(815301076,1909f56bfc062723c751e8b465ee728b) [PhysX] Initialized MultithreadedTaskDispatcher with 18 workers.
 -> (artifact id: '4bd2040327c96d5d8acdaa9a8e508efd') in 0.000482 seconds
Number of updated asset objects reloaded before import = 0
Number of asset objects unloaded after import = 0
========================================================================
Received Import Request.
  Time since last request: 0.021416 seconds.
  path: Assets/JustPlay/Сomputer devices/Objects/Phone/Textures/AO.png
  artifactKey: Guid(35dd13329ef719a49a6aded998fd8413) Importer(815301076,1909f56bfc062723c751e8b465ee728b)
Start importing Assets/JustPlay/Сomputer devices/Objects/Phone/Textures/AO.png using Guid(35dd13329ef719a49a6aded998fd8413) Importer(815301076,1909f56bfc062723c751e8b465ee728b) [PhysX] Initialized MultithreadedTaskDispatcher with 18 workers.
[PhysX] Initialized MultithreadedTaskDispatcher with 18 workers.
 -> (artifact id: '141d67035e9755873c67d54cf45fbaef') in 0.024780 seconds
Number of updated asset objects reloaded before import = 0
Number of asset objects unloaded after import = 2
========================================================================
Received Import Request.
  Time since last request: 0.004894 seconds.
  path: Assets/npc_casual_set_00/Mesh/Mesh_Parts/npc_hmn_01m_lowerbody5.fbx
  artifactKey: Guid(4c7b7284ce19c474f90bd488236e3a32) Importer(815301076,1909f56bfc062723c751e8b465ee728b)
Start importing Assets/npc_casual_set_00/Mesh/Mesh_Parts/npc_hmn_01m_lowerbody5.fbx using Guid(4c7b7284ce19c474f90bd488236e3a32) Importer(815301076,1909f56bfc062723c751e8b465ee728b) [PhysX] Initialized MultithreadedTaskDispatcher with 18 workers.
[PhysX] Initialized MultithreadedTaskDispatcher with 18 workers.
[PhysX] Initialized MultithreadedTaskDispatcher with 18 workers.
[PhysX] Initialized MultithreadedTaskDispatcher with 18 workers.
[PhysX] Initialized MultithreadedTaskDispatcher with 18 workers.
[PhysX] Initialized MultithreadedTaskDispatcher with 18 workers.
[PhysX] Initialized MultithreadedTaskDispatcher with 18 workers.
[PhysX] Initialized MultithreadedTaskDispatcher with 18 workers.
[PhysX] Initialized MultithreadedTaskDispatcher with 18 workers.
[PhysX] Initialized MultithreadedTaskDispatcher with 18 workers.
[PhysX] Initialized MultithreadedTaskDispatcher with 18 workers.
[PhysX] Initialized MultithreadedTaskDispatcher with 18 workers.
 -> (artifact id: '2f81495367c0db15a8523ea90224581a') in 0.087546 seconds
Number of updated asset objects reloaded before import = 0
Number of asset objects unloaded after import = 149
========================================================================
Received Import Request.
  Time since last request: 0.006653 seconds.
  path: Assets/npc_casual_set_00/Textures/npc_hmn_face_01f_04_01_msk.tif
  artifactKey: Guid(894c62f1182d36f46bb0eae99f1a6d7b) Importer(815301076,1909f56bfc062723c751e8b465ee728b)
Start importing Assets/npc_casual_set_00/Textures/npc_hmn_face_01f_04_01_msk.tif using Guid(894c62f1182d36f46bb0eae99f1a6d7b) Importer(815301076,1909f56bfc062723c751e8b465ee728b) [PhysX] Initialized MultithreadedTaskDispatcher with 18 workers.
[PhysX] Initialized MultithreadedTaskDispatcher with 18 workers.
 -> (artifact id: '6c1ff510bf0387c56aa4bd653e9b5f07') in 0.027801 seconds
Number of updated asset objects reloaded before import = 0
Number of asset objects unloaded after import = 2
========================================================================
Received Import Request.
  Time since last request: 0.012287 seconds.
  path: Assets/nappin/OfficeEssentialsPack/Prefabs/(Prb)Minifridge.prefab
  artifactKey: Guid(c5495f7852c483f41945b90c27fcb2f2) Importer(815301076,1909f56bfc062723c751e8b465ee728b)
Start importing Assets/nappin/OfficeEssentialsPack/Prefabs/(Prb)Minifridge.prefab using Guid(c5495f7852c483f41945b90c27fcb2f2) Importer(815301076,1909f56bfc062723c751e8b465ee728b) [PhysX] Initialized MultithreadedTaskDispatcher with 18 workers.
[PhysX] Initialized MultithreadedTaskDispatcher with 18 workers.
 -> (artifact id: 'e92e8256beee8c8559034bb7780d6d05') in 0.038382 seconds
Number of updated asset objects reloaded before import = 0
Number of asset objects unloaded after import = 109
========================================================================
Received Import Request.
  Time since last request: 0.005758 seconds.
  path: Assets/npc_casual_set_00/Mesh/Mesh_Parts/npc_hmn_01f_arms4.fbx
  artifactKey: Guid(90f2dd1b34af2574a90756696b6db3df) Importer(815301076,1909f56bfc062723c751e8b465ee728b)
Start importing Assets/npc_casual_set_00/Mesh/Mesh_Parts/npc_hmn_01f_arms4.fbx using Guid(90f2dd1b34af2574a90756696b6db3df) Importer(815301076,1909f56bfc062723c751e8b465ee728b) [PhysX] Initialized MultithreadedTaskDispatcher with 18 workers.
[PhysX] Initialized MultithreadedTaskDispatcher with 18 workers.
[PhysX] Initialized MultithreadedTaskDispatcher with 18 workers.
[PhysX] Initialized MultithreadedTaskDispatcher with 18 workers.
[PhysX] Initialized MultithreadedTaskDispatcher with 18 workers.
[PhysX] Initialized MultithreadedTaskDispatcher with 18 workers.
[PhysX] Initialized MultithreadedTaskDispatcher with 18 workers.
[PhysX] Initialized MultithreadedTaskDispatcher with 18 workers.
[PhysX] Initialized MultithreadedTaskDispatcher with 18 workers.
[PhysX] Initialized MultithreadedTaskDispatcher with 18 workers.
[PhysX] Initialized MultithreadedTaskDispatcher with 18 workers.
[PhysX] Initialized MultithreadedTaskDispatcher with 18 workers.
 -> (artifact id: '46f78a0cb2d2e85044e513e1e9ce828d') in 0.087761 seconds
Number of updated asset objects reloaded before import = 0
Number of asset objects unloaded after import = 149
========================================================================
Received Import Request.
  Time since last request: 0.011930 seconds.
  path: Assets/JustPlay/Сomputer devices/Objects/Keyboard/Textures/Roughtness.png
  artifactKey: Guid(d608aacb852e8354fbb11482d20f9a73) Importer(815301076,1909f56bfc062723c751e8b465ee728b)
Start importing Assets/JustPlay/Сomputer devices/Objects/Keyboard/Textures/Roughtness.png using Guid(d608aacb852e8354fbb11482d20f9a73) Importer(815301076,1909f56bfc062723c751e8b465ee728b) [PhysX] Initialized MultithreadedTaskDispatcher with 18 workers.
[PhysX] Initialized MultithreadedTaskDispatcher with 18 workers.
 -> (artifact id: 'a8199b992200915fc2d62492c3ee3fc2') in 0.027775 seconds
Number of updated asset objects reloaded before import = 0
Number of asset objects unloaded after import = 2
========================================================================
Received Import Request.
  Time since last request: 0.003900 seconds.
  path: Assets/npc_casual_set_00/Prefabs/npc_csl_pants_00m_01_03.prefab
  artifactKey: Guid(9e854dc6a3c877c47b5b64fd510bb0cd) Importer(815301076,1909f56bfc062723c751e8b465ee728b)
Start importing Assets/npc_casual_set_00/Prefabs/npc_csl_pants_00m_01_03.prefab using Guid(9e854dc6a3c877c47b5b64fd510bb0cd) Importer(815301076,1909f56bfc062723c751e8b465ee728b) [PhysX] Initialized MultithreadedTaskDispatcher with 18 workers.
[PhysX] Initialized MultithreadedTaskDispatcher with 18 workers.
 -> (artifact id: '674dec22d9c72599775783ef606866ee') in 0.038142 seconds
Number of updated asset objects reloaded before import = 0
Number of asset objects unloaded after import = 291
========================================================================
Received Import Request.
  Time since last request: 0.037921 seconds.
  path: Assets/HorrorPuzzleItems/Card/Textures/Card_GateSystemBlue.png
  artifactKey: Guid(a3a6cbbd733b86a4a997f392628200fb) Importer(815301076,1909f56bfc062723c751e8b465ee728b)
Start importing Assets/HorrorPuzzleItems/Card/Textures/Card_GateSystemBlue.png using Guid(a3a6cbbd733b86a4a997f392628200fb) Importer(815301076,1909f56bfc062723c751e8b465ee728b) [PhysX] Initialized MultithreadedTaskDispatcher with 18 workers.
[PhysX] Initialized MultithreadedTaskDispatcher with 18 workers.
 -> (artifact id: 'f818310ea1687250419af34aa8253b17') in 0.026103 seconds
Number of updated asset objects reloaded before import = 0
Number of asset objects unloaded after import = 2
========================================================================
Received Import Request.
  Time since last request: 0.049254 seconds.
  path: Assets/npc_casual_set_00/Prefabs/Prefabs_Parts/npc_csl_tshirt_00f_parts.prefab
  artifactKey: Guid(2ce78857d6ca52746b339375699a4675) Importer(815301076,1909f56bfc062723c751e8b465ee728b)
Start importing Assets/npc_casual_set_00/Prefabs/Prefabs_Parts/npc_csl_tshirt_00f_parts.prefab using Guid(2ce78857d6ca52746b339375699a4675) Importer(815301076,1909f56bfc062723c751e8b465ee728b) [PhysX] Initialized MultithreadedTaskDispatcher with 18 workers.
[PhysX] Initialized MultithreadedTaskDispatcher with 18 workers.
 -> (artifact id: '28fd157ec0690503e5ff4511f6f05128') in 0.038478 seconds
Number of updated asset objects reloaded before import = 0
Number of asset objects unloaded after import = 399
========================================================================
Received Import Request.
  Time since last request: 0.003130 seconds.
  path: Assets/nappin/OfficeEssentialsPack/Prefabs/(Prb)PC.prefab
  artifactKey: Guid(a5ac041b79f79364ca8481b503332787) Importer(815301076,1909f56bfc062723c751e8b465ee728b)
Start importing Assets/nappin/OfficeEssentialsPack/Prefabs/(Prb)PC.prefab using Guid(a5ac041b79f79364ca8481b503332787) Importer(815301076,1909f56bfc062723c751e8b465ee728b) [PhysX] Initialized MultithreadedTaskDispatcher with 18 workers.
[PhysX] Initialized MultithreadedTaskDispatcher with 18 workers.
 -> (artifact id: '23176140d9bdfe3d784b9f7f76c4e795') in 0.028196 seconds
Number of updated asset objects reloaded before import = 0
Number of asset objects unloaded after import = 33
========================================================================
Received Import Request.
  Time since last request: 0.009176 seconds.
  path: Assets/npc_casual_set_00/Prefabs/npc_hairfacial_c_01.prefab
  artifactKey: Guid(b1ecc4a98f9aa2d4e925477ac82ffc12) Importer(815301076,1909f56bfc062723c751e8b465ee728b)
Start importing Assets/npc_casual_set_00/Prefabs/npc_hairfacial_c_01.prefab using Guid(b1ecc4a98f9aa2d4e925477ac82ffc12) Importer(815301076,1909f56bfc062723c751e8b465ee728b) [PhysX] Initialized MultithreadedTaskDispatcher with 18 workers.
[PhysX] Initialized MultithreadedTaskDispatcher with 18 workers.
 -> (artifact id: 'f922cc39af0c0a282209954dde321468') in 0.029397 seconds
Number of updated asset objects reloaded before import = 0
Number of asset objects unloaded after import = 281
========================================================================
Received Import Request.
  Time since last request: 0.003141 seconds.
  path: Assets/HorrorPuzzleItems/Gem/Prefabs/Gem_Yellow.prefab
  artifactKey: Guid(998383175bea1704fafb8d9a266f119d) Importer(815301076,1909f56bfc062723c751e8b465ee728b)
Start importing Assets/HorrorPuzzleItems/Gem/Prefabs/Gem_Yellow.prefab using Guid(998383175bea1704fafb8d9a266f119d) Importer(815301076,1909f56bfc062723c751e8b465ee728b) [PhysX] Initialized MultithreadedTaskDispatcher with 18 workers.
[PhysX] Initialized MultithreadedTaskDispatcher with 18 workers.
 -> (artifact id: '71fce62e834097d2ee88771f68b42973') in 0.027065 seconds
Number of updated asset objects reloaded before import = 0
Number of asset objects unloaded after import = 17
========================================================================
Received Import Request.
  Time since last request: 0.019391 seconds.
  path: Assets/nappin/OfficeEssentialsPack/Materials/(Mat)GradientYellow.mat
  artifactKey: Guid(e03c61940200c9b428ea54b9134ba0a7) Importer(815301076,1909f56bfc062723c751e8b465ee728b)
Start importing Assets/nappin/OfficeEssentialsPack/Materials/(Mat)GradientYellow.mat using Guid(e03c61940200c9b428ea54b9134ba0a7) Importer(815301076,1909f56bfc062723c751e8b465ee728b) [PhysX] Initialized MultithreadedTaskDispatcher with 18 workers.
[PhysX] Initialized MultithreadedTaskDispatcher with 18 workers.
 -> (artifact id: '44bb9cf8d5a719f312881e1e24c00008') in 0.029513 seconds
Number of updated asset objects reloaded before import = 0
Number of asset objects unloaded after import = 3
========================================================================
Received Import Request.
  Time since last request: 0.004590 seconds.
  path: Assets/nappin/OfficeEssentialsPack/Prefabs/(Prb)Clock.prefab
  artifactKey: Guid(b2baa11c7e87fe941afe32f3c50cc082) Importer(815301076,1909f56bfc062723c751e8b465ee728b)
Start importing Assets/nappin/OfficeEssentialsPack/Prefabs/(Prb)Clock.prefab using Guid(b2baa11c7e87fe941afe32f3c50cc082) Importer(815301076,1909f56bfc062723c751e8b465ee728b) [PhysX] Initialized MultithreadedTaskDispatcher with 18 workers.
[PhysX] Initialized MultithreadedTaskDispatcher with 18 workers.
 -> (artifact id: 'ead8c88cef6c6f1a8b52347936ecf0db') in 0.029864 seconds
Number of updated asset objects reloaded before import = 0
Number of asset objects unloaded after import = 36
========================================================================
Received Import Request.
  Time since last request: 0.005911 seconds.
  path: Assets/HorrorPuzzleItems/Gear
  artifactKey: Guid(7c54e24a048d83b45ab504d1b3f10a1e) Importer(815301076,1909f56bfc062723c751e8b465ee728b)
Start importing Assets/HorrorPuzzleItems/Gear using Guid(7c54e24a048d83b45ab504d1b3f10a1e) Importer(815301076,1909f56bfc062723c751e8b465ee728b) [PhysX] Initialized MultithreadedTaskDispatcher with 18 workers.
 -> (artifact id: '93a29b4f5d0656a75ba3a28d9c45eb46') in 0.001488 seconds
Number of updated asset objects reloaded before import = 0
Number of asset objects unloaded after import = 0
========================================================================
Received Import Request.
  Time since last request: 0.032932 seconds.
  path: Assets/nappin/OfficeEssentialsPack/Prefabs/(Prb)Projector.prefab
  artifactKey: Guid(c4769332a3574e543a8455feae3cc05d) Importer(815301076,1909f56bfc062723c751e8b465ee728b)
Start importing Assets/nappin/OfficeEssentialsPack/Prefabs/(Prb)Projector.prefab using Guid(c4769332a3574e543a8455feae3cc05d) Importer(815301076,1909f56bfc062723c751e8b465ee728b) [PhysX] Initialized MultithreadedTaskDispatcher with 18 workers.
[PhysX] Initialized MultithreadedTaskDispatcher with 18 workers.
 -> (artifact id: '5855901be7ac97a3488f89679b54130a') in 0.034367 seconds
Number of updated asset objects reloaded before import = 0
Number of asset objects unloaded after import = 16
========================================================================
Received Import Request.
  Time since last request: 0.015636 seconds.
  path: Assets/nappin/OfficeEssentialsPack/Prefabs/(Prb)SmokeVent.prefab
  artifactKey: Guid(cb011d3e851dd79499d8fbe7490394f0) Importer(815301076,1909f56bfc062723c751e8b465ee728b)
Start importing Assets/nappin/OfficeEssentialsPack/Prefabs/(Prb)SmokeVent.prefab using Guid(cb011d3e851dd79499d8fbe7490394f0) Importer(815301076,1909f56bfc062723c751e8b465ee728b) [PhysX] Initialized MultithreadedTaskDispatcher with 18 workers.
[PhysX] Initialized MultithreadedTaskDispatcher with 18 workers.
 -> (artifact id: '7f9d9933c8040b41163e07f06df712db') in 0.026773 seconds
Number of updated asset objects reloaded before import = 0
Number of asset objects unloaded after import = 12
========================================================================
Received Import Request.
  Time since last request: 0.099599 seconds.
  path: Assets/npc_casual_set_00/Textures/npc_hmn_body_01m_01_01_c.tif
  artifactKey: Guid(6754abc2a28f58846be150a3e8c76935) Importer(815301076,1909f56bfc062723c751e8b465ee728b)
Start importing Assets/npc_casual_set_00/Textures/npc_hmn_body_01m_01_01_c.tif using Guid(6754abc2a28f58846be150a3e8c76935) Importer(815301076,1909f56bfc062723c751e8b465ee728b) [PhysX] Initialized MultithreadedTaskDispatcher with 18 workers.
[PhysX] Initialized MultithreadedTaskDispatcher with 18 workers.
 -> (artifact id: '91392fcb465893c6eb47ae7906bbe46a') in 0.028064 seconds
Number of updated asset objects reloaded before import = 0
Number of asset objects unloaded after import = 2
========================================================================
Received Import Request.
  Time since last request: 0.007284 seconds.
  path: Assets/JustPlay/Сomputer devices/Objects/Monitor 2/Textures
  artifactKey: Guid(e87890d305db7ce45b5dc6d836ff6c91) Importer(815301076,1909f56bfc062723c751e8b465ee728b)
Start importing Assets/JustPlay/Сomputer devices/Objects/Monitor 2/Textures using Guid(e87890d305db7ce45b5dc6d836ff6c91) Importer(815301076,1909f56bfc062723c751e8b465ee728b) [PhysX] Initialized MultithreadedTaskDispatcher with 18 workers.
 -> (artifact id: 'a6d91279d93c111ece25d2b606732722') in 0.000998 seconds
Number of updated asset objects reloaded before import = 0
Number of asset objects unloaded after import = 0
========================================================================
Received Import Request.
  Time since last request: 0.023291 seconds.
  path: Assets/nappin/HouseInteriorPack/Models/(Msh)WaterGarden.fbx
  artifactKey: Guid(87d798b5c4a4eb441a17b3fae3ffc212) Importer(815301076,1909f56bfc062723c751e8b465ee728b)
Start importing Assets/nappin/HouseInteriorPack/Models/(Msh)WaterGarden.fbx using Guid(87d798b5c4a4eb441a17b3fae3ffc212) Importer(815301076,1909f56bfc062723c751e8b465ee728b) [PhysX] Initialized MultithreadedTaskDispatcher with 18 workers.
[PhysX] Initialized MultithreadedTaskDispatcher with 18 workers.
[PhysX] Initialized MultithreadedTaskDispatcher with 18 workers.
[PhysX] Initialized MultithreadedTaskDispatcher with 18 workers.
[PhysX] Initialized MultithreadedTaskDispatcher with 18 workers.
 -> (artifact id: '07e84ecc566714831feafcd73571e04c') in 0.040919 seconds
Number of updated asset objects reloaded before import = 0
Number of asset objects unloaded after import = 16
========================================================================
Received Import Request.
  Time since last request: 0.004216 seconds.
  path: Assets/nappin/OfficeEssentialsPack/Materials/(Mat)GradientDarkGrey.mat
  artifactKey: Guid(eecaa3198cbebd74e8cd79d0f71765cc) Importer(815301076,1909f56bfc062723c751e8b465ee728b)
Start importing Assets/nappin/OfficeEssentialsPack/Materials/(Mat)GradientDarkGrey.mat using Guid(eecaa3198cbebd74e8cd79d0f71765cc) Importer(815301076,1909f56bfc062723c751e8b465ee728b) [PhysX] Initialized MultithreadedTaskDispatcher with 18 workers.
[PhysX] Initialized MultithreadedTaskDispatcher with 18 workers.
 -> (artifact id: '41be68157b665e14ba7caa0eb1ce4494') in 0.027502 seconds
Number of updated asset objects reloaded before import = 0
Number of asset objects unloaded after import = 2
========================================================================
Received Import Request.
  Time since last request: 0.011247 seconds.
  path: Assets/npc_casual_set_00/Textures/npc_csl_shirtopenrolled_00m_01_01_m.tif
  artifactKey: Guid(8537041de2c9eb64189f87473efeac24) Importer(815301076,1909f56bfc062723c751e8b465ee728b)
Start importing Assets/npc_casual_set_00/Textures/npc_csl_shirtopenrolled_00m_01_01_m.tif using Guid(8537041de2c9eb64189f87473efeac24) Importer(815301076,1909f56bfc062723c751e8b465ee728b) [PhysX] Initialized MultithreadedTaskDispatcher with 18 workers.
[PhysX] Initialized MultithreadedTaskDispatcher with 18 workers.
 -> (artifact id: '196f7af856e2e2b1ea521468b13d926d') in 0.007883 seconds
Number of updated asset objects reloaded before import = 0
Number of asset objects unloaded after import = 2
========================================================================
Received Import Request.
  Time since last request: 0.002714 seconds.
  path: Assets/HorrorPuzzleItems/Battery/Icons
  artifactKey: Guid(fbab129decd2d7d47b649b1b3cc183db) Importer(815301076,1909f56bfc062723c751e8b465ee728b)
Start importing Assets/HorrorPuzzleItems/Battery/Icons using Guid(fbab129decd2d7d47b649b1b3cc183db) Importer(815301076,1909f56bfc062723c751e8b465ee728b) [PhysX] Initialized MultithreadedTaskDispatcher with 18 workers.
 -> (artifact id: '112c776064e1a0e03ff77f24f77c10e5') in 0.000606 seconds
Number of updated asset objects reloaded before import = 0
Number of asset objects unloaded after import = 0
========================================================================
Received Import Request.
  Time since last request: 0.006080 seconds.
  path: Assets/npc_casual_set_00/Mesh/Mesh_Parts/npc_hmn_01f_fingers1.fbx
  artifactKey: Guid(2a2d0a510eb10b5479323d8457da6a09) Importer(815301076,1909f56bfc062723c751e8b465ee728b)
Start importing Assets/npc_casual_set_00/Mesh/Mesh_Parts/npc_hmn_01f_fingers1.fbx using Guid(2a2d0a510eb10b5479323d8457da6a09) Importer(815301076,1909f56bfc062723c751e8b465ee728b) [PhysX] Initialized MultithreadedTaskDispatcher with 18 workers.
[PhysX] Initialized MultithreadedTaskDispatcher with 18 workers.
[PhysX] Initialized MultithreadedTaskDispatcher with 18 workers.
[PhysX] Initialized MultithreadedTaskDispatcher with 18 workers.
[PhysX] Initialized MultithreadedTaskDispatcher with 18 workers.
[PhysX] Initialized MultithreadedTaskDispatcher with 18 workers.
[PhysX] Initialized MultithreadedTaskDispatcher with 18 workers.
[PhysX] Initialized MultithreadedTaskDispatcher with 18 workers.
[PhysX] Initialized MultithreadedTaskDispatcher with 18 workers.
[PhysX] Initialized MultithreadedTaskDispatcher with 18 workers.
[PhysX] Initialized MultithreadedTaskDispatcher with 18 workers.
[PhysX] Initialized MultithreadedTaskDispatcher with 18 workers.
 -> (artifact id: '876329021f38479c978d43778e506685') in 0.087199 seconds
Number of updated asset objects reloaded before import = 0
Number of asset objects unloaded after import = 145
========================================================================
Received Import Request.
  Time since last request: 0.053278 seconds.
  path: Assets/npc_casual_set_00/Textures/npc_csl_shoe_01_00_01_n.tif
  artifactKey: Guid(4b5f799eb3bd85f4c944902817771b51) Importer(815301076,1909f56bfc062723c751e8b465ee728b)
Start importing Assets/npc_casual_set_00/Textures/npc_csl_shoe_01_00_01_n.tif using Guid(4b5f799eb3bd85f4c944902817771b51) Importer(815301076,1909f56bfc062723c751e8b465ee728b) [PhysX] Initialized MultithreadedTaskDispatcher with 18 workers.
[PhysX] Initialized MultithreadedTaskDispatcher with 18 workers.
 -> (artifact id: '8d9ca0aac51977c1873d9d1cbdfb855f') in 0.025640 seconds
Number of updated asset objects reloaded before import = 0
Number of asset objects unloaded after import = 2
========================================================================
Received Import Request.
  Time since last request: 0.003924 seconds.
  path: Assets/npc_casual_set_00/Prefabs/npc_haircut_a_01.prefab
  artifactKey: Guid(d958e6f748feca749ac7ce0e3139a35f) Importer(815301076,1909f56bfc062723c751e8b465ee728b)
Start importing Assets/npc_casual_set_00/Prefabs/npc_haircut_a_01.prefab using Guid(d958e6f748feca749ac7ce0e3139a35f) Importer(815301076,1909f56bfc062723c751e8b465ee728b) [PhysX] Initialized MultithreadedTaskDispatcher with 18 workers.
[PhysX] Initialized MultithreadedTaskDispatcher with 18 workers.
 -> (artifact id: '1548d7e5de1c4d73939822f6f891326b') in 0.033833 seconds
Number of updated asset objects reloaded before import = 0
Number of asset objects unloaded after import = 281
========================================================================
Received Import Request.
  Time since last request: 0.009116 seconds.
  path: Assets/nappin/OfficeEssentialsPack/Prefabs/(Prb)Wardrobe.prefab
  artifactKey: Guid(bdeb57ff900e167419635eef4854627d) Importer(815301076,1909f56bfc062723c751e8b465ee728b)
Start importing Assets/nappin/OfficeEssentialsPack/Prefabs/(Prb)Wardrobe.prefab using Guid(bdeb57ff900e167419635eef4854627d) Importer(815301076,1909f56bfc062723c751e8b465ee728b) [PhysX] Initialized MultithreadedTaskDispatcher with 18 workers.
[PhysX] Initialized MultithreadedTaskDispatcher with 18 workers.
 -> (artifact id: '8885bb00b4b9b946b1b8a87310c0d287') in 0.035607 seconds
Number of updated asset objects reloaded before import = 0
Number of asset objects unloaded after import = 82
========================================================================
Received Import Request.
  Time since last request: 0.015383 seconds.
  path: Assets/npc_casual_set_00/Prefabs/npc_haircut_c_02.prefab
  artifactKey: Guid(63d9c0478d9d8ec41a1b412150d36c14) Importer(815301076,1909f56bfc062723c751e8b465ee728b)
Start importing Assets/npc_casual_set_00/Prefabs/npc_haircut_c_02.prefab using Guid(63d9c0478d9d8ec41a1b412150d36c14) Importer(815301076,1909f56bfc062723c751e8b465ee728b) [PhysX] Initialized MultithreadedTaskDispatcher with 18 workers.
[PhysX] Initialized MultithreadedTaskDispatcher with 18 workers.
 -> (artifact id: '0ceac1c6cd0f48a0afad54e47f83bf4d') in 0.034551 seconds
Number of updated asset objects reloaded before import = 0
Number of asset objects unloaded after import = 281
========================================================================
Received Import Request.
  Time since last request: 0.001626 seconds.
  path: Assets/HorrorPuzzleItems/Lighter/Textures
  artifactKey: Guid(62a12b74003b68641b82de064e310f7e) Importer(815301076,1909f56bfc062723c751e8b465ee728b)
Start importing Assets/HorrorPuzzleItems/Lighter/Textures using Guid(62a12b74003b68641b82de064e310f7e) Importer(815301076,1909f56bfc062723c751e8b465ee728b) [PhysX] Initialized MultithreadedTaskDispatcher with 18 workers.
 -> (artifact id: 'ce323860bbffaf27e5a733452b58de1b') in 0.000787 seconds
Number of updated asset objects reloaded before import = 0
Number of asset objects unloaded after import = 0
========================================================================
Received Import Request.
  Time since last request: 0.008951 seconds.
  path: Assets/npc_casual_set_00/Prefabs/npc_csl_tshirt_00m_01_01.prefab
  artifactKey: Guid(5bca7d7601e1251419695905700c2354) Importer(815301076,1909f56bfc062723c751e8b465ee728b)
Start importing Assets/npc_casual_set_00/Prefabs/npc_csl_tshirt_00m_01_01.prefab using Guid(5bca7d7601e1251419695905700c2354) Importer(815301076,1909f56bfc062723c751e8b465ee728b) [PhysX] Initialized MultithreadedTaskDispatcher with 18 workers.
[PhysX] Initialized MultithreadedTaskDispatcher with 18 workers.
 -> (artifact id: 'e23a09346c1694280ddf937e88c2f139') in 0.035044 seconds
Number of updated asset objects reloaded before import = 0
Number of asset objects unloaded after import = 291
========================================================================
Received Import Request.
  Time since last request: 0.043006 seconds.
  path: Assets/HorrorPuzzleItems/USBKey/Icons
  artifactKey: Guid(710fb783b065a2246a993fdcc60d90f1) Importer(815301076,1909f56bfc062723c751e8b465ee728b)
Start importing Assets/HorrorPuzzleItems/USBKey/Icons using Guid(710fb783b065a2246a993fdcc60d90f1) Importer(815301076,1909f56bfc062723c751e8b465ee728b) [PhysX] Initialized MultithreadedTaskDispatcher with 18 workers.
 -> (artifact id: 'd731504277dc8a3c1d555bb9d87e4a57') in 0.000635 seconds
Number of updated asset objects reloaded before import = 0
Number of asset objects unloaded after import = 0
========================================================================
Received Import Request.
  Time since last request: 0.007755 seconds.
  path: Assets/npc_casual_set_00/Textures/npc_hmn_face_01f_03_01_m.tif
  artifactKey: Guid(a66e4b318d5929b49803b7a0e87fa199) Importer(815301076,1909f56bfc062723c751e8b465ee728b)
Start importing Assets/npc_casual_set_00/Textures/npc_hmn_face_01f_03_01_m.tif using Guid(a66e4b318d5929b49803b7a0e87fa199) Importer(815301076,1909f56bfc062723c751e8b465ee728b) [PhysX] Initialized MultithreadedTaskDispatcher with 18 workers.
[PhysX] Initialized MultithreadedTaskDispatcher with 18 workers.
 -> (artifact id: 'bd8263f84b28db10370f12fc77e6b1a2') in 0.007448 seconds
Number of updated asset objects reloaded before import = 0
Number of asset objects unloaded after import = 2
========================================================================
Received Import Request.
  Time since last request: 0.014388 seconds.
  path: Assets/npc_casual_set_00/Textures/npc_hmn_face_01f_04_01_m.tif
  artifactKey: Guid(8d2b1dcfd2db29c4881137da70259023) Importer(815301076,1909f56bfc062723c751e8b465ee728b)
Start importing Assets/npc_casual_set_00/Textures/npc_hmn_face_01f_04_01_m.tif using Guid(8d2b1dcfd2db29c4881137da70259023) Importer(815301076,1909f56bfc062723c751e8b465ee728b) [PhysX] Initialized MultithreadedTaskDispatcher with 18 workers.
[PhysX] Initialized MultithreadedTaskDispatcher with 18 workers.
 -> (artifact id: 'c4e612d3ee347a66860db78f6ddd58e1') in 0.007889 seconds
Number of updated asset objects reloaded before import = 0
Number of asset objects unloaded after import = 2
========================================================================
Received Import Request.
  Time since last request: 0.003382 seconds.
  path: Assets/npc_casual_set_00/Prefabs/Prefabs_Parts/npc_csl_shirtopenrolled_00m_torso.prefab
  artifactKey: Guid(2355c921d3b387248a6a489a1b42f6f3) Importer(815301076,1909f56bfc062723c751e8b465ee728b)
Start importing Assets/npc_casual_set_00/Prefabs/Prefabs_Parts/npc_csl_shirtopenrolled_00m_torso.prefab using Guid(2355c921d3b387248a6a489a1b42f6f3) Importer(815301076,1909f56bfc062723c751e8b465ee728b) [PhysX] Initialized MultithreadedTaskDispatcher with 18 workers.
[PhysX] Initialized MultithreadedTaskDispatcher with 18 workers.
 -> (artifact id: '8dcd2e8324834cf09a2416273bedb5d1') in 0.034506 seconds
Number of updated asset objects reloaded before import = 0
Number of asset objects unloaded after import = 289
========================================================================
Received Import Request.
  Time since last request: 0.023136 seconds.
  path: Assets/npc_casual_set_00/Mesh/npc_hairfacial_b_01.fbx
  artifactKey: Guid(8de24695ed5d02f4ba76beecdbae77e7) Importer(815301076,1909f56bfc062723c751e8b465ee728b)
Start importing Assets/npc_casual_set_00/Mesh/npc_hairfacial_b_01.fbx using Guid(8de24695ed5d02f4ba76beecdbae77e7) Importer(815301076,1909f56bfc062723c751e8b465ee728b) [PhysX] Initialized MultithreadedTaskDispatcher with 18 workers.
[PhysX] Initialized MultithreadedTaskDispatcher with 18 workers.
[PhysX] Initialized MultithreadedTaskDispatcher with 18 workers.
[PhysX] Initialized MultithreadedTaskDispatcher with 18 workers.
[PhysX] Initialized MultithreadedTaskDispatcher with 18 workers.
[PhysX] Initialized MultithreadedTaskDispatcher with 18 workers.
[PhysX] Initialized MultithreadedTaskDispatcher with 18 workers.
[PhysX] Initialized MultithreadedTaskDispatcher with 18 workers.
[PhysX] Initialized MultithreadedTaskDispatcher with 18 workers.
[PhysX] Initialized MultithreadedTaskDispatcher with 18 workers.
[PhysX] Initialized MultithreadedTaskDispatcher with 18 workers.
[PhysX] Initialized MultithreadedTaskDispatcher with 18 workers.
 -> (artifact id: '81743e9ee0ef15a2339a5fa2f0f6b1b9') in 0.083323 seconds
Number of updated asset objects reloaded before import = 0
Number of asset objects unloaded after import = 145
========================================================================
Received Import Request.
  Time since last request: 0.012529 seconds.
  path: Assets/nappin/OfficeEssentialsPack/readme.txt
  artifactKey: Guid(c6d6a7c580195fe44a44bda65534cc89) Importer(815301076,1909f56bfc062723c751e8b465ee728b)
Start importing Assets/nappin/OfficeEssentialsPack/readme.txt using Guid(c6d6a7c580195fe44a44bda65534cc89) Importer(815301076,1909f56bfc062723c751e8b465ee728b) [PhysX] Initialized MultithreadedTaskDispatcher with 18 workers.
 -> (artifact id: 'c5f6b5fe26452384e98ca5dea26dfd4c') in 0.001496 seconds
Number of updated asset objects reloaded before import = 0
Number of asset objects unloaded after import = 1
========================================================================
Received Import Request.
  Time since last request: 0.004479 seconds.
  path: Assets/HorrorPuzzleItems/Crank/Textures/Crank.png
  artifactKey: Guid(c6f3e22474f1e3646b427f45a69970c9) Importer(815301076,1909f56bfc062723c751e8b465ee728b)
Start importing Assets/HorrorPuzzleItems/Crank/Textures/Crank.png using Guid(c6f3e22474f1e3646b427f45a69970c9) Importer(815301076,1909f56bfc062723c751e8b465ee728b) [PhysX] Initialized MultithreadedTaskDispatcher with 18 workers.
[PhysX] Initialized MultithreadedTaskDispatcher with 18 workers.
 -> (artifact id: '843f9b3c3c0dbe58f119b7beb6fa5f81') in 0.024635 seconds
Number of updated asset objects reloaded before import = 0
Number of asset objects unloaded after import = 2
========================================================================
Received Import Request.
  Time since last request: 0.027582 seconds.
  path: Assets/HorrorPuzzleItems/Valve/Icons/Icon_Valve.png
  artifactKey: Guid(fa0f0b3020f645b44aa2527d0725e215) Importer(815301076,1909f56bfc062723c751e8b465ee728b)
Start importing Assets/HorrorPuzzleItems/Valve/Icons/Icon_Valve.png using Guid(fa0f0b3020f645b44aa2527d0725e215) Importer(815301076,1909f56bfc062723c751e8b465ee728b) [PhysX] Initialized MultithreadedTaskDispatcher with 18 workers.
[PhysX] Initialized MultithreadedTaskDispatcher with 18 workers.
 -> (artifact id: '677d620754cb9e9e56d8ff56bb5588dc') in 0.029782 seconds
Number of updated asset objects reloaded before import = 0
Number of asset objects unloaded after import = 3
========================================================================
Received Import Request.
  Time since last request: 0.022387 seconds.
  path: Assets/JustPlay/Сomputer devices/Objects/Router/textures/AO.png
  artifactKey: Guid(21ee7dd5d408d264697c10061e148441) Importer(815301076,1909f56bfc062723c751e8b465ee728b)
Start importing Assets/JustPlay/Сomputer devices/Objects/Router/textures/AO.png using Guid(21ee7dd5d408d264697c10061e148441) Importer(815301076,1909f56bfc062723c751e8b465ee728b) [PhysX] Initialized MultithreadedTaskDispatcher with 18 workers.
[PhysX] Initialized MultithreadedTaskDispatcher with 18 workers.
 -> (artifact id: '9e7819e51d901a2f030af57b80189990') in 0.027258 seconds
Number of updated asset objects reloaded before import = 0
Number of asset objects unloaded after import = 2
========================================================================
Received Import Request.
  Time since last request: 0.047291 seconds.
  path: Assets/HorrorPuzzleItems/Crank/Textures
  artifactKey: Guid(2b402df4499dab14ab74c7de10a6c1e2) Importer(815301076,1909f56bfc062723c751e8b465ee728b)
Start importing Assets/HorrorPuzzleItems/Crank/Textures using Guid(2b402df4499dab14ab74c7de10a6c1e2) Importer(815301076,1909f56bfc062723c751e8b465ee728b) [PhysX] Initialized MultithreadedTaskDispatcher with 18 workers.
 -> (artifact id: '89e6922f240f911f2ad029b3b76da8a2') in 0.001088 seconds
Number of updated asset objects reloaded before import = 0
Number of asset objects unloaded after import = 0
========================================================================
Received Import Request.
  Time since last request: 0.031865 seconds.
  path: Assets/npc_casual_set_00/Textures/npc_hmn_face_01m_03_01_n.tif
  artifactKey: Guid(a6374b070b760d444b0024cc307d5e1c) Importer(815301076,1909f56bfc062723c751e8b465ee728b)
Start importing Assets/npc_casual_set_00/Textures/npc_hmn_face_01m_03_01_n.tif using Guid(a6374b070b760d444b0024cc307d5e1c) Importer(815301076,1909f56bfc062723c751e8b465ee728b) [PhysX] Initialized MultithreadedTaskDispatcher with 18 workers.
[PhysX] Initialized MultithreadedTaskDispatcher with 18 workers.
 -> (artifact id: '04946b914a3d13431b4e963cbe71076b') in 0.023693 seconds
Number of updated asset objects reloaded before import = 0
Number of asset objects unloaded after import = 2
========================================================================
Received Import Request.
  Time since last request: 0.007280 seconds.
  path: Assets/nappin/OfficeEssentialsPack/Models
  artifactKey: Guid(6a642b983faa510488983f38c651038d) Importer(815301076,1909f56bfc062723c751e8b465ee728b)
Start importing Assets/nappin/OfficeEssentialsPack/Models using Guid(6a642b983faa510488983f38c651038d) Importer(815301076,1909f56bfc062723c751e8b465ee728b) [PhysX] Initialized MultithreadedTaskDispatcher with 18 workers.
 -> (artifact id: 'db287fb6d363d0facbbbc90899d73773') in 0.001036 seconds
Number of updated asset objects reloaded before import = 0
Number of asset objects unloaded after import = 0
========================================================================
Received Import Request.
  Time since last request: 0.013961 seconds.
  path: Assets/HorrorPuzzleItems/Valve/Materials
  artifactKey: Guid(7677a5fe2b879664686fda74135bb1f5) Importer(815301076,1909f56bfc062723c751e8b465ee728b)
Start importing Assets/HorrorPuzzleItems/Valve/Materials using Guid(7677a5fe2b879664686fda74135bb1f5) Importer(815301076,1909f56bfc062723c751e8b465ee728b) [PhysX] Initialized MultithreadedTaskDispatcher with 18 workers.
 -> (artifact id: '7044d52dde3c366a6178e30c7eaa4c73') in 0.000674 seconds
Number of updated asset objects reloaded before import = 0
Number of asset objects unloaded after import = 0
========================================================================
Received Import Request.
  Time since last request: 0.023272 seconds.
  path: Assets/nappin/HouseInteriorPack/Models/(Msh)Drawer2.fbx
  artifactKey: Guid(6c7a2a8a5ceb1b24d895569a8605a3f5) Importer(815301076,1909f56bfc062723c751e8b465ee728b)
Start importing Assets/nappin/HouseInteriorPack/Models/(Msh)Drawer2.fbx using Guid(6c7a2a8a5ceb1b24d895569a8605a3f5) Importer(815301076,1909f56bfc062723c751e8b465ee728b) [PhysX] Initialized MultithreadedTaskDispatcher with 18 workers.
[PhysX] Initialized MultithreadedTaskDispatcher with 18 workers.
[PhysX] Initialized MultithreadedTaskDispatcher with 18 workers.
[PhysX] Initialized MultithreadedTaskDispatcher with 18 workers.
[PhysX] Initialized MultithreadedTaskDispatcher with 18 workers.
[PhysX] Initialized MultithreadedTaskDispatcher with 18 workers.
 -> (artifact id: 'b200bcf4bf95cc7263463e89a5bd9f93') in 0.048990 seconds
Number of updated asset objects reloaded before import = 0
Number of asset objects unloaded after import = 21
========================================================================
Received Import Request.
  Time since last request: 0.007669 seconds.
  path: Assets/JustPlay/Сomputer devices/Objects/Speakers
  artifactKey: Guid(03ae548eb1805f746afe2a240d57b4cd) Importer(815301076,1909f56bfc062723c751e8b465ee728b)
Start importing Assets/JustPlay/Сomputer devices/Objects/Speakers using Guid(03ae548eb1805f746afe2a240d57b4cd) Importer(815301076,1909f56bfc062723c751e8b465ee728b) [PhysX] Initialized MultithreadedTaskDispatcher with 18 workers.
 -> (artifact id: 'b95d1fe824b7603da94fbced44fb1a59') in 0.000660 seconds
Number of updated asset objects reloaded before import = 0
Number of asset objects unloaded after import = 0
========================================================================
Received Import Request.
  Time since last request: 0.041701 seconds.
  path: Assets/npc_casual_set_00/Mesh/Mesh_Parts/npc_hmn_01m_parts.fbx
  artifactKey: Guid(f090d3c285e2e954dabf02b93230d025) Importer(815301076,1909f56bfc062723c751e8b465ee728b)
Start importing Assets/npc_casual_set_00/Mesh/Mesh_Parts/npc_hmn_01m_parts.fbx using Guid(f090d3c285e2e954dabf02b93230d025) Importer(815301076,1909f56bfc062723c751e8b465ee728b) [PhysX] Initialized MultithreadedTaskDispatcher with 18 workers.
[PhysX] Initialized MultithreadedTaskDispatcher with 18 workers.
[PhysX] Initialized MultithreadedTaskDispatcher with 18 workers.
[PhysX] Initialized MultithreadedTaskDispatcher with 18 workers.
[PhysX] Initialized MultithreadedTaskDispatcher with 18 workers.
[PhysX] Initialized MultithreadedTaskDispatcher with 18 workers.
[PhysX] Initialized MultithreadedTaskDispatcher with 18 workers.
[PhysX] Initialized MultithreadedTaskDispatcher with 18 workers.
[PhysX] Initialized MultithreadedTaskDispatcher with 18 workers.
[PhysX] Initialized MultithreadedTaskDispatcher with 18 workers.
[PhysX] Initialized MultithreadedTaskDispatcher with 18 workers.
[PhysX] Initialized MultithreadedTaskDispatcher with 18 workers.
[PhysX] Initialized MultithreadedTaskDispatcher with 18 workers.
[PhysX] Initialized MultithreadedTaskDispatcher with 18 workers.
[PhysX] Initialized MultithreadedTaskDispatcher with 18 workers.
[PhysX] Initialized MultithreadedTaskDispatcher with 18 workers.
[PhysX] Initialized MultithreadedTaskDispatcher with 18 workers.
[PhysX] Initialized MultithreadedTaskDispatcher with 18 workers.
[PhysX] Initialized MultithreadedTaskDispatcher with 18 workers.
[PhysX] Initialized MultithreadedTaskDispatcher with 18 workers.
[PhysX] Initialized MultithreadedTaskDispatcher with 18 workers.
[PhysX] Initialized MultithreadedTaskDispatcher with 18 workers.
[PhysX] Initialized MultithreadedTaskDispatcher with 18 workers.
[PhysX] Initialized MultithreadedTaskDispatcher with 18 workers.
[PhysX] Initialized MultithreadedTaskDispatcher with 18 workers.
[PhysX] Initialized MultithreadedTaskDispatcher with 18 workers.
[PhysX] Initialized MultithreadedTaskDispatcher with 18 workers.
[PhysX] Initialized MultithreadedTaskDispatcher with 18 workers.
[PhysX] Initialized MultithreadedTaskDispatcher with 18 workers.
[PhysX] Initialized MultithreadedTaskDispatcher with 18 workers.
[PhysX] Initialized MultithreadedTaskDispatcher with 18 workers.
[PhysX] Initialized MultithreadedTaskDispatcher with 18 workers.
[PhysX] Initialized MultithreadedTaskDispatcher with 18 workers.
[PhysX] Initialized MultithreadedTaskDispatcher with 18 workers.
[PhysX] Initialized MultithreadedTaskDispatcher with 18 workers.
[PhysX] Initialized MultithreadedTaskDispatcher with 18 workers.
[PhysX] Initialized MultithreadedTaskDispatcher with 18 workers.
[PhysX] Initialized MultithreadedTaskDispatcher with 18 workers.
[PhysX] Initialized MultithreadedTaskDispatcher with 18 workers.
[PhysX] Initialized MultithreadedTaskDispatcher with 18 workers.
[PhysX] Initialized MultithreadedTaskDispatcher with 18 workers.
[PhysX] Initialized MultithreadedTaskDispatcher with 18 workers.
[PhysX] Initialized MultithreadedTaskDispatcher with 18 workers.
[PhysX] Initialized MultithreadedTaskDispatcher with 18 workers.
[PhysX] Initialized MultithreadedTaskDispatcher with 18 workers.
[PhysX] Initialized MultithreadedTaskDispatcher with 18 workers.
[PhysX] Initialized MultithreadedTaskDispatcher with 18 workers.
[PhysX] Initialized MultithreadedTaskDispatcher with 18 workers.
[PhysX] Initialized MultithreadedTaskDispatcher with 18 workers.
[PhysX] Initialized MultithreadedTaskDispatcher with 18 workers.
[PhysX] Initialized MultithreadedTaskDispatcher with 18 workers.
[PhysX] Initialized MultithreadedTaskDispatcher with 18 workers.
[PhysX] Initialized MultithreadedTaskDispatcher with 18 workers.
[PhysX] Initialized MultithreadedTaskDispatcher with 18 workers.
[PhysX] Initialized MultithreadedTaskDispatcher with 18 workers.
[PhysX] Initialized MultithreadedTaskDispatcher with 18 workers.
[PhysX] Initialized MultithreadedTaskDispatcher with 18 workers.
[PhysX] Initialized MultithreadedTaskDispatcher with 18 workers.
[PhysX] Initialized MultithreadedTaskDispatcher with 18 workers.
[PhysX] Initialized MultithreadedTaskDispatcher with 18 workers.
[PhysX] Initialized MultithreadedTaskDispatcher with 18 workers.
[PhysX] Initialized MultithreadedTaskDispatcher with 18 workers.
[PhysX] Initialized MultithreadedTaskDispatcher with 18 workers.
[PhysX] Initialized MultithreadedTaskDispatcher with 18 workers.
[PhysX] Initialized MultithreadedTaskDispatcher with 18 workers.
[PhysX] Initialized MultithreadedTaskDispatcher with 18 workers.
[PhysX] Initialized MultithreadedTaskDispatcher with 18 workers.
[PhysX] Initialized MultithreadedTaskDispatcher with 18 workers.
[PhysX] Initialized MultithreadedTaskDispatcher with 18 workers.
[PhysX] Initialized MultithreadedTaskDispatcher with 18 workers.
[PhysX] Initialized MultithreadedTaskDispatcher with 18 workers.
[PhysX] Initialized MultithreadedTaskDispatcher with 18 workers.
[PhysX] Initialized MultithreadedTaskDispatcher with 18 workers.
[PhysX] Initialized MultithreadedTaskDispatcher with 18 workers.
[PhysX] Initialized MultithreadedTaskDispatcher with 18 workers.
[PhysX] Initialized MultithreadedTaskDispatcher with 18 workers.
[PhysX] Initialized MultithreadedTaskDispatcher with 18 workers.
[PhysX] Initialized MultithreadedTaskDispatcher with 18 workers.
[PhysX] Initialized MultithreadedTaskDispatcher with 18 workers.
[PhysX] Initialized MultithreadedTaskDispatcher with 18 workers.
[PhysX] Initialized MultithreadedTaskDispatcher with 18 workers.
[PhysX] Initialized MultithreadedTaskDispatcher with 18 workers.
[PhysX] Initialized MultithreadedTaskDispatcher with 18 workers.
[PhysX] Initialized MultithreadedTaskDispatcher with 18 workers.
[PhysX] Initialized MultithreadedTaskDispatcher with 18 workers.
[PhysX] Initialized MultithreadedTaskDispatcher with 18 workers.
[PhysX] Initialized MultithreadedTaskDispatcher with 18 workers.
[PhysX] Initialized MultithreadedTaskDispatcher with 18 workers.
[PhysX] Initialized MultithreadedTaskDispatcher with 18 workers.
[PhysX] Initialized MultithreadedTaskDispatcher with 18 workers.
[PhysX] Initialized MultithreadedTaskDispatcher with 18 workers.
[PhysX] Initialized MultithreadedTaskDispatcher with 18 workers.
[PhysX] Initialized MultithreadedTaskDispatcher with 18 workers.
[PhysX] Initialized MultithreadedTaskDispatcher with 18 workers.
[PhysX] Initialized MultithreadedTaskDispatcher with 18 workers.
[PhysX] Initialized MultithreadedTaskDispatcher with 18 workers.
[PhysX] Initialized MultithreadedTaskDispatcher with 18 workers.
[PhysX] Initialized MultithreadedTaskDispatcher with 18 workers.
[PhysX] Initialized MultithreadedTaskDispatcher with 18 workers.
[PhysX] Initialized MultithreadedTaskDispatcher with 18 workers.
[PhysX] Initialized MultithreadedTaskDispatcher with 18 workers.
[PhysX] Initialized MultithreadedTaskDispatcher with 18 workers.
[PhysX] Initialized MultithreadedTaskDispatcher with 18 workers.
[PhysX] Initialized MultithreadedTaskDispatcher with 18 workers.
[PhysX] Initialized MultithreadedTaskDispatcher with 18 workers.
[PhysX] Initialized MultithreadedTaskDispatcher with 18 workers.
[PhysX] Initialized MultithreadedTaskDispatcher with 18 workers.
[PhysX] Initialized MultithreadedTaskDispatcher with 18 workers.
[PhysX] Initialized MultithreadedTaskDispatcher with 18 workers.
[PhysX] Initialized MultithreadedTaskDispatcher with 18 workers.
[PhysX] Initialized MultithreadedTaskDispatcher with 18 workers.
[PhysX] Initialized MultithreadedTaskDispatcher with 18 workers.
[PhysX] Initialized MultithreadedTaskDispatcher with 18 workers.
[PhysX] Initialized MultithreadedTaskDispatcher with 18 workers.
[PhysX] Initialized MultithreadedTaskDispatcher with 18 workers.
[PhysX] Initialized MultithreadedTaskDispatcher with 18 workers.
[PhysX] Initialized MultithreadedTaskDispatcher with 18 workers.
[PhysX] Initialized MultithreadedTaskDispatcher with 18 workers.
[PhysX] Initialized MultithreadedTaskDispatcher with 18 workers.
[PhysX] Initialized MultithreadedTaskDispatcher with 18 workers.
[PhysX] Initialized MultithreadedTaskDispatcher with 18 workers.
[PhysX] Initialized MultithreadedTaskDispatcher with 18 workers.
[PhysX] Initialized MultithreadedTaskDispatcher with 18 workers.
[PhysX] Initialized MultithreadedTaskDispatcher with 18 workers.
[PhysX] Initialized MultithreadedTaskDispatcher with 18 workers.
[PhysX] Initialized MultithreadedTaskDispatcher with 18 workers.
[PhysX] Initialized MultithreadedTaskDispatcher with 18 workers.
[PhysX] Initialized MultithreadedTaskDispatcher with 18 workers.
[PhysX] Initialized MultithreadedTaskDispatcher with 18 workers.
[PhysX] Initialized MultithreadedTaskDispatcher with 18 workers.
[PhysX] Initialized MultithreadedTaskDispatcher with 18 workers.
[PhysX] Initialized MultithreadedTaskDispatcher with 18 workers.
[PhysX] Initialized MultithreadedTaskDispatcher with 18 workers.
[PhysX] Initialized MultithreadedTaskDispatcher with 18 workers.
[PhysX] Initialized MultithreadedTaskDispatcher with 18 workers.
[PhysX] Initialized MultithreadedTaskDispatcher with 18 workers.
[PhysX] Initialized MultithreadedTaskDispatcher with 18 workers.
[PhysX] Initialized MultithreadedTaskDispatcher with 18 workers.
[PhysX] Initialized MultithreadedTaskDispatcher with 18 workers.
[PhysX] Initialized MultithreadedTaskDispatcher with 18 workers.
[PhysX] Initialized MultithreadedTaskDispatcher with 18 workers.
[PhysX] Initialized MultithreadedTaskDispatcher with 18 workers.
[PhysX] Initialized MultithreadedTaskDispatcher with 18 workers.
[PhysX] Initialized MultithreadedTaskDispatcher with 18 workers.
[PhysX] Initialized MultithreadedTaskDispatcher with 18 workers.
[PhysX] Initialized MultithreadedTaskDispatcher with 18 workers.
[PhysX] Initialized MultithreadedTaskDispatcher with 18 workers.
[PhysX] Initialized MultithreadedTaskDispatcher with 18 workers.
[PhysX] Initialized MultithreadedTaskDispatcher with 18 workers.
[PhysX] Initialized MultithreadedTaskDispatcher with 18 workers.
[PhysX] Initialized MultithreadedTaskDispatcher with 18 workers.
[PhysX] Initialized MultithreadedTaskDispatcher with 18 workers.
[PhysX] Initialized MultithreadedTaskDispatcher with 18 workers.
[PhysX] Initialized MultithreadedTaskDispatcher with 18 workers.
[PhysX] Initialized MultithreadedTaskDispatcher with 18 workers.
[PhysX] Initialized MultithreadedTaskDispatcher with 18 workers.
[PhysX] Initialized MultithreadedTaskDispatcher with 18 workers.
[PhysX] Initialized MultithreadedTaskDispatcher with 18 workers.
[PhysX] Initialized MultithreadedTaskDispatcher with 18 workers.
[PhysX] Initialized MultithreadedTaskDispatcher with 18 workers.
[PhysX] Initialized MultithreadedTaskDispatcher with 18 workers.
[PhysX] Initialized MultithreadedTaskDispatcher with 18 workers.
[PhysX] Initialized MultithreadedTaskDispatcher with 18 workers.
[PhysX] Initialized MultithreadedTaskDispatcher with 18 workers.
[PhysX] Initialized MultithreadedTaskDispatcher with 18 workers.
[PhysX] Initialized MultithreadedTaskDispatcher with 18 workers.
[PhysX] Initialized MultithreadedTaskDispatcher with 18 workers.
[PhysX] Initialized MultithreadedTaskDispatcher with 18 workers.
[PhysX] Initialized MultithreadedTaskDispatcher with 18 workers.
[PhysX] Initialized MultithreadedTaskDispatcher with 18 workers.
[PhysX] Initialized MultithreadedTaskDispatcher with 18 workers.
[PhysX] Initialized MultithreadedTaskDispatcher with 18 workers.
[PhysX] Initialized MultithreadedTaskDispatcher with 18 workers.
[PhysX] Initialized MultithreadedTaskDispatcher with 18 workers.
[PhysX] Initialized MultithreadedTaskDispatcher with 18 workers.
[PhysX] Initialized MultithreadedTaskDispatcher with 18 workers.
[PhysX] Initialized MultithreadedTaskDispatcher with 18 workers.
[PhysX] Initialized MultithreadedTaskDispatcher with 18 workers.
[PhysX] Initialized MultithreadedTaskDispatcher with 18 workers.
[PhysX] Initialized MultithreadedTaskDispatcher with 18 workers.
[PhysX] Initialized MultithreadedTaskDispatcher with 18 workers.
[PhysX] Initialized MultithreadedTaskDispatcher with 18 workers.
[PhysX] Initialized MultithreadedTaskDispatcher with 18 workers.
[PhysX] Initialized MultithreadedTaskDispatcher with 18 workers.
[PhysX] Initialized MultithreadedTaskDispatcher with 18 workers.
[PhysX] Initialized MultithreadedTaskDispatcher with 18 workers.
[PhysX] Initialized MultithreadedTaskDispatcher with 18 workers.
[PhysX] Initialized MultithreadedTaskDispatcher with 18 workers.
[PhysX] Initialized MultithreadedTaskDispatcher with 18 workers.
[PhysX] Initialized MultithreadedTaskDispatcher with 18 workers.
[PhysX] Initialized MultithreadedTaskDispatcher with 18 workers.
[PhysX] Initialized MultithreadedTaskDispatcher with 18 workers.
[PhysX] Initialized MultithreadedTaskDispatcher with 18 workers.
[PhysX] Initialized MultithreadedTaskDispatcher with 18 workers.
[PhysX] Initialized MultithreadedTaskDispatcher with 18 workers.
[PhysX] Initialized MultithreadedTaskDispatcher with 18 workers.
[PhysX] Initialized MultithreadedTaskDispatcher with 18 workers.
[PhysX] Initialized MultithreadedTaskDispatcher with 18 workers.
[PhysX] Initialized MultithreadedTaskDispatcher with 18 workers.
[PhysX] Initialized MultithreadedTaskDispatcher with 18 workers.
[PhysX] Initialized MultithreadedTaskDispatcher with 18 workers.
[PhysX] Initialized MultithreadedTaskDispatcher with 18 workers.
[PhysX] Initialized MultithreadedTaskDispatcher with 18 workers.
[PhysX] Initialized MultithreadedTaskDispatcher with 18 workers.
[PhysX] Initialized MultithreadedTaskDispatcher with 18 workers.
[PhysX] Initialized MultithreadedTaskDispatcher with 18 workers.
[PhysX] Initialized MultithreadedTaskDispatcher with 18 workers.
[PhysX] Initialized MultithreadedTaskDispatcher with 18 workers.
[PhysX] Initialized MultithreadedTaskDispatcher with 18 workers.
[PhysX] Initialized MultithreadedTaskDispatcher with 18 workers.
[PhysX] Initialized MultithreadedTaskDispatcher with 18 workers.
[PhysX] Initialized MultithreadedTaskDispatcher with 18 workers.
[PhysX] Initialized MultithreadedTaskDispatcher with 18 workers.
[PhysX] Initialized MultithreadedTaskDispatcher with 18 workers.
[PhysX] Initialized MultithreadedTaskDispatcher with 18 workers.
[PhysX] Initialized MultithreadedTaskDispatcher with 18 workers.
[PhysX] Initialized MultithreadedTaskDispatcher with 18 workers.
[PhysX] Initialized MultithreadedTaskDispatcher with 18 workers.
[PhysX] Initialized MultithreadedTaskDispatcher with 18 workers.
[PhysX] Initialized MultithreadedTaskDispatcher with 18 workers.
[PhysX] Initialized MultithreadedTaskDispatcher with 18 workers.
[PhysX] Initialized MultithreadedTaskDispatcher with 18 workers.
[PhysX] Initialized MultithreadedTaskDispatcher with 18 workers.
[PhysX] Initialized MultithreadedTaskDispatcher with 18 workers.
[PhysX] Initialized MultithreadedTaskDispatcher with 18 workers.
[PhysX] Initialized MultithreadedTaskDispatcher with 18 workers.
[PhysX] Initialized MultithreadedTaskDispatcher with 18 workers.
[PhysX] Initialized MultithreadedTaskDispatcher with 18 workers.
[PhysX] Initialized MultithreadedTaskDispatcher with 18 workers.
[PhysX] Initialized MultithreadedTaskDispatcher with 18 workers.
[PhysX] Initialized MultithreadedTaskDispatcher with 18 workers.
[PhysX] Initialized MultithreadedTaskDispatcher with 18 workers.
[PhysX] Initialized MultithreadedTaskDispatcher with 18 workers.
[PhysX] Initialized MultithreadedTaskDispatcher with 18 workers.
[PhysX] Initialized MultithreadedTaskDispatcher with 18 workers.
[PhysX] Initialized MultithreadedTaskDispatcher with 18 workers.
[PhysX] Initialized MultithreadedTaskDispatcher with 18 workers.
[PhysX] Initialized MultithreadedTaskDispatcher with 18 workers.
[PhysX] Initialized MultithreadedTaskDispatcher with 18 workers.
[PhysX] Initialized MultithreadedTaskDispatcher with 18 workers.
[PhysX] Initialized MultithreadedTaskDispatcher with 18 workers.
[PhysX] Initialized MultithreadedTaskDispatcher with 18 workers.
[PhysX] Initialized MultithreadedTaskDispatcher with 18 workers.
[PhysX] Initialized MultithreadedTaskDispatcher with 18 workers.
[PhysX] Initialized MultithreadedTaskDispatcher with 18 workers.
[PhysX] Initialized MultithreadedTaskDispatcher with 18 workers.
[PhysX] Initialized MultithreadedTaskDispatcher with 18 workers.
[PhysX] Initialized MultithreadedTaskDispatcher with 18 workers.
[PhysX] Initialized MultithreadedTaskDispatcher with 18 workers.
[PhysX] Initialized MultithreadedTaskDispatcher with 18 workers.
[PhysX] Initialized MultithreadedTaskDispatcher with 18 workers.
[PhysX] Initialized MultithreadedTaskDispatcher with 18 workers.
[PhysX] Initialized MultithreadedTaskDispatcher with 18 workers.
[PhysX] Initialized MultithreadedTaskDispatcher with 18 workers.
[PhysX] Initialized MultithreadedTaskDispatcher with 18 workers.
[PhysX] Initialized MultithreadedTaskDispatcher with 18 workers.
[PhysX] Initialized MultithreadedTaskDispatcher with 18 workers.
[PhysX] Initialized MultithreadedTaskDispatcher with 18 workers.
[PhysX] Initialized MultithreadedTaskDispatcher with 18 workers.
[PhysX] Initialized MultithreadedTaskDispatcher with 18 workers.
[PhysX] Initialized MultithreadedTaskDispatcher with 18 workers.
[PhysX] Initialized MultithreadedTaskDispatcher with 18 workers.
[PhysX] Initialized MultithreadedTaskDispatcher with 18 workers.
[PhysX] Initialized MultithreadedTaskDispatcher with 18 workers.
[PhysX] Initialized MultithreadedTaskDispatcher with 18 workers.
[PhysX] Initialized MultithreadedTaskDispatcher with 18 workers.
[PhysX] Initialized MultithreadedTaskDispatcher with 18 workers.
[PhysX] Initialized MultithreadedTaskDispatcher with 18 workers.
[PhysX] Initialized MultithreadedTaskDispatcher with 18 workers.
[PhysX] Initialized MultithreadedTaskDispatcher with 18 workers.
[PhysX] Initialized MultithreadedTaskDispatcher with 18 workers.
[PhysX] Initialized MultithreadedTaskDispatcher with 18 workers.
[PhysX] Initialized MultithreadedTaskDispatcher with 18 workers.
[PhysX] Initialized MultithreadedTaskDispatcher with 18 workers.
[PhysX] Initialized MultithreadedTaskDispatcher with 18 workers.
[PhysX] Initialized MultithreadedTaskDispatcher with 18 workers.
[PhysX] Initialized MultithreadedTaskDispatcher with 18 workers.
[PhysX] Initialized MultithreadedTaskDispatcher with 18 workers.
[PhysX] Initialized MultithreadedTaskDispatcher with 18 workers.
[PhysX] Initialized MultithreadedTaskDispatcher with 18 workers.
[PhysX] Initialized MultithreadedTaskDispatcher with 18 workers.
[PhysX] Initialized MultithreadedTaskDispatcher with 18 workers.
 -> (artifact id: '8eeebfeae45dada4e6cfdde79e8065cc') in 1.227834 seconds
Number of updated asset objects reloaded before import = 0
Number of asset objects unloaded after import = 956
========================================================================
Received Import Request.
  Time since last request: 0.028324 seconds.
  path: Assets/npc_casual_set_00/Textures/npc_hair_01_n.tif
  artifactKey: Guid(8588daa8d3c8f3c40ad1c7c1b34b78d9) Importer(815301076,1909f56bfc062723c751e8b465ee728b)
Start importing Assets/npc_casual_set_00/Textures/npc_hair_01_n.tif using Guid(8588daa8d3c8f3c40ad1c7c1b34b78d9) Importer(815301076,1909f56bfc062723c751e8b465ee728b) [PhysX] Initialized MultithreadedTaskDispatcher with 18 workers.
[PhysX] Initialized MultithreadedTaskDispatcher with 18 workers.
 -> (artifact id: '9066d00ed940975322fa437ad0cb0bd4') in 0.030625 seconds
Number of updated asset objects reloaded before import = 0
Number of asset objects unloaded after import = 2
========================================================================
Received Import Request.
  Time since last request: 0.005582 seconds.
  path: Assets/npc_casual_set_00/Mesh/Mesh_Parts/npc_hmn_01f_lowerbody2.fbx
  artifactKey: Guid(8ddbdefa3c6b14842a684a568eb3e5f2) Importer(815301076,1909f56bfc062723c751e8b465ee728b)
Start importing Assets/npc_casual_set_00/Mesh/Mesh_Parts/npc_hmn_01f_lowerbody2.fbx using Guid(8ddbdefa3c6b14842a684a568eb3e5f2) Importer(815301076,1909f56bfc062723c751e8b465ee728b) [PhysX] Initialized MultithreadedTaskDispatcher with 18 workers.
[PhysX] Initialized MultithreadedTaskDispatcher with 18 workers.
[PhysX] Initialized MultithreadedTaskDispatcher with 18 workers.
[PhysX] Initialized MultithreadedTaskDispatcher with 18 workers.
[PhysX] Initialized MultithreadedTaskDispatcher with 18 workers.
[PhysX] Initialized MultithreadedTaskDispatcher with 18 workers.
[PhysX] Initialized MultithreadedTaskDispatcher with 18 workers.
[PhysX] Initialized MultithreadedTaskDispatcher with 18 workers.
[PhysX] Initialized MultithreadedTaskDispatcher with 18 workers.
[PhysX] Initialized MultithreadedTaskDispatcher with 18 workers.
[PhysX] Initialized MultithreadedTaskDispatcher with 18 workers.
[PhysX] Initialized MultithreadedTaskDispatcher with 18 workers.
 -> (artifact id: '9e6e1d12444a894b460a97f0b597ff8b') in 0.085775 seconds
Number of updated asset objects reloaded before import = 0
Number of asset objects unloaded after import = 149
========================================================================
Received Import Request.
  Time since last request: 0.014065 seconds.
  path: Assets/nappin/OfficeEssentialsPack/Prefabs/(Prb)BathroomSink.prefab
  artifactKey: Guid(fa3db0668a5ddff4c899e2c3fd2c0c72) Importer(815301076,1909f56bfc062723c751e8b465ee728b)
Start importing Assets/nappin/OfficeEssentialsPack/Prefabs/(Prb)BathroomSink.prefab using Guid(fa3db0668a5ddff4c899e2c3fd2c0c72) Importer(815301076,1909f56bfc062723c751e8b465ee728b) [PhysX] Initialized MultithreadedTaskDispatcher with 18 workers.
[PhysX] Initialized MultithreadedTaskDispatcher with 18 workers.
 -> (artifact id: '5c60ab637984fe2f6f97ef7d972a016b') in 0.038233 seconds
Number of updated asset objects reloaded before import = 0
Number of asset objects unloaded after import = 51
========================================================================
Received Import Request.
  Time since last request: 0.014580 seconds.
  path: Assets/HorrorPuzzleItems/Card/Prefabs/Card_GateRed.prefab
  artifactKey: Guid(5bbc0ec83dface3418b0ae505a847eb0) Importer(815301076,1909f56bfc062723c751e8b465ee728b)
Start importing Assets/HorrorPuzzleItems/Card/Prefabs/Card_GateRed.prefab using Guid(5bbc0ec83dface3418b0ae505a847eb0) Importer(815301076,1909f56bfc062723c751e8b465ee728b) [PhysX] Initialized MultithreadedTaskDispatcher with 18 workers.
[PhysX] Initialized MultithreadedTaskDispatcher with 18 workers.
 -> (artifact id: 'f64c5603c987f16becbdced2cbe196fb') in 0.026060 seconds
Number of updated asset objects reloaded before import = 0
Number of asset objects unloaded after import = 17
========================================================================
Received Import Request.
  Time since last request: 0.003099 seconds.
  path: Assets/npc_casual_set_00/Prefabs/Prefabs_Parts/npc_hmn_01m_torso5.prefab
  artifactKey: Guid(4a5cbad2e4f5fa64cae1b9cbcc0a0e3e) Importer(815301076,1909f56bfc062723c751e8b465ee728b)
Start importing Assets/npc_casual_set_00/Prefabs/Prefabs_Parts/npc_hmn_01m_torso5.prefab using Guid(4a5cbad2e4f5fa64cae1b9cbcc0a0e3e) Importer(815301076,1909f56bfc062723c751e8b465ee728b) [PhysX] Initialized MultithreadedTaskDispatcher with 18 workers.
[PhysX] Initialized MultithreadedTaskDispatcher with 18 workers.
 -> (artifact id: '5f906808a441049ba36e2693f32012a5') in 0.040192 seconds
Number of updated asset objects reloaded before import = 0
Number of asset objects unloaded after import = 289
========================================================================
Received Import Request.
  Time since last request: 0.020452 seconds.
  path: Assets/npc_casual_set_00/Prefabs/Prefabs_Parts/npc_hmn_01m_lowerbody6.prefab
  artifactKey: Guid(fe071456d6179ed42a71dd4fb561114e) Importer(815301076,1909f56bfc062723c751e8b465ee728b)
Start importing Assets/npc_casual_set_00/Prefabs/Prefabs_Parts/npc_hmn_01m_lowerbody6.prefab using Guid(fe071456d6179ed42a71dd4fb561114e) Importer(815301076,1909f56bfc062723c751e8b465ee728b) [PhysX] Initialized MultithreadedTaskDispatcher with 18 workers.
[PhysX] Initialized MultithreadedTaskDispatcher with 18 workers.
 -> (artifact id: 'bf31794e5d3de002379ef899da25ea08') in 0.036742 seconds
Number of updated asset objects reloaded before import = 0
Number of asset objects unloaded after import = 289
========================================================================
Received Import Request.
  Time since last request: 0.019071 seconds.
  path: Assets/npc_casual_set_00/Textures/npc_csl_tshirt_00f_01_02_c.tif
  artifactKey: Guid(63fc59bb28f4b3a438cc5e4bcd55b1a8) Importer(815301076,1909f56bfc062723c751e8b465ee728b)
Start importing Assets/npc_casual_set_00/Textures/npc_csl_tshirt_00f_01_02_c.tif using Guid(63fc59bb28f4b3a438cc5e4bcd55b1a8) Importer(815301076,1909f56bfc062723c751e8b465ee728b) [PhysX] Initialized MultithreadedTaskDispatcher with 18 workers.
[PhysX] Initialized MultithreadedTaskDispatcher with 18 workers.
 -> (artifact id: '473fbbbb8493a1e31d57839110052a97') in 0.028921 seconds
Number of updated asset objects reloaded before import = 0
Number of asset objects unloaded after import = 2
========================================================================
Received Import Request.
  Time since last request: 0.013249 seconds.
  path: Assets/npc_casual_set_00/Mesh/Mesh_Parts/npc_hmn_01m_upperbody6.fbx
  artifactKey: Guid(a0ec0fd65dc7a954b95deb05e25cd6d2) Importer(815301076,1909f56bfc062723c751e8b465ee728b)
Start importing Assets/npc_casual_set_00/Mesh/Mesh_Parts/npc_hmn_01m_upperbody6.fbx using Guid(a0ec0fd65dc7a954b95deb05e25cd6d2) Importer(815301076,1909f56bfc062723c751e8b465ee728b) [PhysX] Initialized MultithreadedTaskDispatcher with 18 workers.
[PhysX] Initialized MultithreadedTaskDispatcher with 18 workers.
[PhysX] Initialized MultithreadedTaskDispatcher with 18 workers.
[PhysX] Initialized MultithreadedTaskDispatcher with 18 workers.
[PhysX] Initialized MultithreadedTaskDispatcher with 18 workers.
[PhysX] Initialized MultithreadedTaskDispatcher with 18 workers.
[PhysX] Initialized MultithreadedTaskDispatcher with 18 workers.
[PhysX] Initialized MultithreadedTaskDispatcher with 18 workers.
[PhysX] Initialized MultithreadedTaskDispatcher with 18 workers.
[PhysX] Initialized MultithreadedTaskDispatcher with 18 workers.
[PhysX] Initialized MultithreadedTaskDispatcher with 18 workers.
[PhysX] Initialized MultithreadedTaskDispatcher with 18 workers.
 -> (artifact id: 'fdf80387f9a97382e857d8e65714313b') in 0.090315 seconds
Number of updated asset objects reloaded before import = 0
Number of asset objects unloaded after import = 154
========================================================================
Received Import Request.
  Time since last request: 0.005225 seconds.
  path: Assets/npc_casual_set_00/Mesh/npc_csl_shoe_01.fbx
  artifactKey: Guid(b7af57783c52b324facb78f371ecbb7e) Importer(815301076,1909f56bfc062723c751e8b465ee728b)
Start importing Assets/npc_casual_set_00/Mesh/npc_csl_shoe_01.fbx using Guid(b7af57783c52b324facb78f371ecbb7e) Importer(815301076,1909f56bfc062723c751e8b465ee728b) [PhysX] Initialized MultithreadedTaskDispatcher with 18 workers.
[PhysX] Initialized MultithreadedTaskDispatcher with 18 workers.
[PhysX] Initialized MultithreadedTaskDispatcher with 18 workers.
[PhysX] Initialized MultithreadedTaskDispatcher with 18 workers.
[PhysX] Initialized MultithreadedTaskDispatcher with 18 workers.
[PhysX] Initialized MultithreadedTaskDispatcher with 18 workers.
[PhysX] Initialized MultithreadedTaskDispatcher with 18 workers.
[PhysX] Initialized MultithreadedTaskDispatcher with 18 workers.
[PhysX] Initialized MultithreadedTaskDispatcher with 18 workers.
[PhysX] Initialized MultithreadedTaskDispatcher with 18 workers.
[PhysX] Initialized MultithreadedTaskDispatcher with 18 workers.
[PhysX] Initialized MultithreadedTaskDispatcher with 18 workers.
 -> (artifact id: '0690e8b9cf66fa84ae8c31ba7b28fd31') in 0.076017 seconds
Number of updated asset objects reloaded before import = 0
Number of asset objects unloaded after import = 145
========================================================================
Received Import Request.
  Time since last request: 0.011603 seconds.
  path: Assets/nappin/OfficeEssentialsPack/Prefabs/(Prb)WaterGarden.prefab
  artifactKey: Guid(2d96fb7ed786a5646a75d8a849edc8f4) Importer(815301076,1909f56bfc062723c751e8b465ee728b)
Start importing Assets/nappin/OfficeEssentialsPack/Prefabs/(Prb)WaterGarden.prefab using Guid(2d96fb7ed786a5646a75d8a849edc8f4) Importer(815301076,1909f56bfc062723c751e8b465ee728b) [PhysX] Initialized MultithreadedTaskDispatcher with 18 workers.
[PhysX] Initialized MultithreadedTaskDispatcher with 18 workers.
 -> (artifact id: 'dce0be81e96a4ce2275d3d837a6f1a8b') in 0.031117 seconds
Number of updated asset objects reloaded before import = 0
Number of asset objects unloaded after import = 22
========================================================================
Received Import Request.
  Time since last request: 0.008538 seconds.
  path: Assets/npc_casual_set_00/Mesh/Mesh_Parts/npc_hmn_01m_fingers2.fbx
  artifactKey: Guid(7a4a9f05ca90cf44db3bb857c3df0be9) Importer(815301076,1909f56bfc062723c751e8b465ee728b)
Start importing Assets/npc_casual_set_00/Mesh/Mesh_Parts/npc_hmn_01m_fingers2.fbx using Guid(7a4a9f05ca90cf44db3bb857c3df0be9) Importer(815301076,1909f56bfc062723c751e8b465ee728b) [PhysX] Initialized MultithreadedTaskDispatcher with 18 workers.
[PhysX] Initialized MultithreadedTaskDispatcher with 18 workers.
[PhysX] Initialized MultithreadedTaskDispatcher with 18 workers.
[PhysX] Initialized MultithreadedTaskDispatcher with 18 workers.
[PhysX] Initialized MultithreadedTaskDispatcher with 18 workers.
[PhysX] Initialized MultithreadedTaskDispatcher with 18 workers.
[PhysX] Initialized MultithreadedTaskDispatcher with 18 workers.
[PhysX] Initialized MultithreadedTaskDispatcher with 18 workers.
[PhysX] Initialized MultithreadedTaskDispatcher with 18 workers.
[PhysX] Initialized MultithreadedTaskDispatcher with 18 workers.
[PhysX] Initialized MultithreadedTaskDispatcher with 18 workers.
[PhysX] Initialized MultithreadedTaskDispatcher with 18 workers.
 -> (artifact id: '986236f9ca9b1eca76ea1e6978254c83') in 0.081843 seconds
Number of updated asset objects reloaded before import = 0
Number of asset objects unloaded after import = 145
========================================================================
Received Import Request.
  Time since last request: 0.004198 seconds.
  path: Assets/npc_casual_set_00/Prefabs/Prefabs_Parts/npc_hmn_01m_head3.prefab
  artifactKey: Guid(bf55304692ce8294c901447814700bfe) Importer(815301076,1909f56bfc062723c751e8b465ee728b)
Start importing Assets/npc_casual_set_00/Prefabs/Prefabs_Parts/npc_hmn_01m_head3.prefab using Guid(bf55304692ce8294c901447814700bfe) Importer(815301076,1909f56bfc062723c751e8b465ee728b) [PhysX] Initialized MultithreadedTaskDispatcher with 18 workers.
[PhysX] Initialized MultithreadedTaskDispatcher with 18 workers.
 -> (artifact id: '3b907213005f003c4d6f9db77e9b0737') in 0.039392 seconds
Number of updated asset objects reloaded before import = 0
Number of asset objects unloaded after import = 294
========================================================================
Received Import Request.
  Time since last request: 0.003643 seconds.
  path: Assets/npc_casual_set_00/Prefabs/Prefabs_Parts/npc_hmn_01f_lowerbody6.prefab
  artifactKey: Guid(487be0c9c75090e4cbb4ff4d6cf4a54a) Importer(815301076,1909f56bfc062723c751e8b465ee728b)
Start importing Assets/npc_casual_set_00/Prefabs/Prefabs_Parts/npc_hmn_01f_lowerbody6.prefab using Guid(487be0c9c75090e4cbb4ff4d6cf4a54a) Importer(815301076,1909f56bfc062723c751e8b465ee728b) [PhysX] Initialized MultithreadedTaskDispatcher with 18 workers.
[PhysX] Initialized MultithreadedTaskDispatcher with 18 workers.
 -> (artifact id: '64d89a6e086e771228fb678758215500') in 0.036890 seconds
Number of updated asset objects reloaded before import = 0
Number of asset objects unloaded after import = 289
========================================================================
Received Import Request.
  Time since last request: 0.015606 seconds.
  path: Assets/npc_casual_set_00/Prefabs/Prefabs_Parts/npc_hmn_01f_head3.prefab
  artifactKey: Guid(006e91bfc2594bc439c80ec7c07de2d3) Importer(815301076,1909f56bfc062723c751e8b465ee728b)
Start importing Assets/npc_casual_set_00/Prefabs/Prefabs_Parts/npc_hmn_01f_head3.prefab using Guid(006e91bfc2594bc439c80ec7c07de2d3) Importer(815301076,1909f56bfc062723c751e8b465ee728b) [PhysX] Initialized MultithreadedTaskDispatcher with 18 workers.
[PhysX] Initialized MultithreadedTaskDispatcher with 18 workers.
 -> (artifact id: 'a6c5440415bbf925985fe98b43ed917b') in 0.047420 seconds
Number of updated asset objects reloaded before import = 0
Number of asset objects unloaded after import = 294
========================================================================
Received Import Request.
  Time since last request: 0.004212 seconds.
  path: Assets/nappin/HouseInteriorPack/Models/(Msh)Wardrobe.fbx
  artifactKey: Guid(5d9ec12203f3d1940acfb05dfc342016) Importer(815301076,1909f56bfc062723c751e8b465ee728b)
Start importing Assets/nappin/HouseInteriorPack/Models/(Msh)Wardrobe.fbx using Guid(5d9ec12203f3d1940acfb05dfc342016) Importer(815301076,1909f56bfc062723c751e8b465ee728b) [PhysX] Initialized MultithreadedTaskDispatcher with 18 workers.
[PhysX] Initialized MultithreadedTaskDispatcher with 18 workers.
[PhysX] Initialized MultithreadedTaskDispatcher with 18 workers.
[PhysX] Initialized MultithreadedTaskDispatcher with 18 workers.
[PhysX] Initialized MultithreadedTaskDispatcher with 18 workers.
[PhysX] Initialized MultithreadedTaskDispatcher with 18 workers.
[PhysX] Initialized MultithreadedTaskDispatcher with 18 workers.
[PhysX] Initialized MultithreadedTaskDispatcher with 18 workers.
[PhysX] Initialized MultithreadedTaskDispatcher with 18 workers.
[PhysX] Initialized MultithreadedTaskDispatcher with 18 workers.
[PhysX] Initialized MultithreadedTaskDispatcher with 18 workers.
[PhysX] Initialized MultithreadedTaskDispatcher with 18 workers.
[PhysX] Initialized MultithreadedTaskDispatcher with 18 workers.
[PhysX] Initialized MultithreadedTaskDispatcher with 18 workers.
 -> (artifact id: 'f792f524b8f81ad5f5555c2b59dc3768') in 0.078003 seconds
Number of updated asset objects reloaded before import = 0
Number of asset objects unloaded after import = 61
========================================================================
Received Import Request.
  Time since last request: 0.007555 seconds.
  path: Assets/npc_casual_set_00/Prefabs/Prefabs_Parts/npc_hmn_01f_lowerbody4.prefab
  artifactKey: Guid(1f931ecdaa400274fa0fe1c7efb1084a) Importer(815301076,1909f56bfc062723c751e8b465ee728b)
Start importing Assets/npc_casual_set_00/Prefabs/Prefabs_Parts/npc_hmn_01f_lowerbody4.prefab using Guid(1f931ecdaa400274fa0fe1c7efb1084a) Importer(815301076,1909f56bfc062723c751e8b465ee728b) [PhysX] Initialized MultithreadedTaskDispatcher with 18 workers.
[PhysX] Initialized MultithreadedTaskDispatcher with 18 workers.
 -> (artifact id: '6adb320a1e28db8b083ec8f320922761') in 0.037092 seconds
Number of updated asset objects reloaded before import = 0
Number of asset objects unloaded after import = 289
========================================================================
Received Import Request.
  Time since last request: 0.025184 seconds.
  path: Assets/npc_casual_set_00/Mesh/Mesh_Parts/npc_hmn_01m_upperbody5.fbx
  artifactKey: Guid(89a2a3df410681740a55b429f12cf5b8) Importer(815301076,1909f56bfc062723c751e8b465ee728b)
Start importing Assets/npc_casual_set_00/Mesh/Mesh_Parts/npc_hmn_01m_upperbody5.fbx using Guid(89a2a3df410681740a55b429f12cf5b8) Importer(815301076,1909f56bfc062723c751e8b465ee728b) [PhysX] Initialized MultithreadedTaskDispatcher with 18 workers.
[PhysX] Initialized MultithreadedTaskDispatcher with 18 workers.
[PhysX] Initialized MultithreadedTaskDispatcher with 18 workers.
[PhysX] Initialized MultithreadedTaskDispatcher with 18 workers.
[PhysX] Initialized MultithreadedTaskDispatcher with 18 workers.
[PhysX] Initialized MultithreadedTaskDispatcher with 18 workers.
[PhysX] Initialized MultithreadedTaskDispatcher with 18 workers.
[PhysX] Initialized MultithreadedTaskDispatcher with 18 workers.
[PhysX] Initialized MultithreadedTaskDispatcher with 18 workers.
[PhysX] Initialized MultithreadedTaskDispatcher with 18 workers.
[PhysX] Initialized MultithreadedTaskDispatcher with 18 workers.
[PhysX] Initialized MultithreadedTaskDispatcher with 18 workers.
 -> (artifact id: 'c655a75a923a2353971ddbd06cc8b01d') in 0.090407 seconds
Number of updated asset objects reloaded before import = 0
Number of asset objects unloaded after import = 154
========================================================================
Received Import Request.
  Time since last request: 0.025771 seconds.
  path: Assets/JustPlay/Сomputer devices/Objects/Monitor 2/Textures/Normal.png
  artifactKey: Guid(b1de0e2d2bae02a46a0321c85cf0ed6b) Importer(815301076,1909f56bfc062723c751e8b465ee728b)
Start importing Assets/JustPlay/Сomputer devices/Objects/Monitor 2/Textures/Normal.png using Guid(b1de0e2d2bae02a46a0321c85cf0ed6b) Importer(815301076,1909f56bfc062723c751e8b465ee728b) [PhysX] Initialized MultithreadedTaskDispatcher with 18 workers.
[PhysX] Initialized MultithreadedTaskDispatcher with 18 workers.
 -> (artifact id: '5fe7011687fe5eb145dbba12564093ce') in 0.028322 seconds
Number of updated asset objects reloaded before import = 0
Number of asset objects unloaded after import = 2
========================================================================
Received Import Request.
  Time since last request: 0.014830 seconds.
  path: Assets/HorrorPuzzleItems/Gem/Prefabs/Gem_Red.prefab
  artifactKey: Guid(66593823cd17b4d4ab2ff2ae726e4c5f) Importer(815301076,1909f56bfc062723c751e8b465ee728b)
Start importing Assets/HorrorPuzzleItems/Gem/Prefabs/Gem_Red.prefab using Guid(66593823cd17b4d4ab2ff2ae726e4c5f) Importer(815301076,1909f56bfc062723c751e8b465ee728b) [PhysX] Initialized MultithreadedTaskDispatcher with 18 workers.
[PhysX] Initialized MultithreadedTaskDispatcher with 18 workers.
 -> (artifact id: 'cd6ca84a94e7dc6f6c8cce1623993a91') in 0.025217 seconds
Number of updated asset objects reloaded before import = 0
Number of asset objects unloaded after import = 17
========================================================================
Received Import Request.
  Time since last request: 0.012891 seconds.
  path: Assets/JustPlay/Сomputer devices/Objects/Monitor/Textures/Emiss.png
  artifactKey: Guid(edf7b033123f96b45a46ba445caa503e) Importer(815301076,1909f56bfc062723c751e8b465ee728b)
Start importing Assets/JustPlay/Сomputer devices/Objects/Monitor/Textures/Emiss.png using Guid(edf7b033123f96b45a46ba445caa503e) Importer(815301076,1909f56bfc062723c751e8b465ee728b) [PhysX] Initialized MultithreadedTaskDispatcher with 18 workers.
[PhysX] Initialized MultithreadedTaskDispatcher with 18 workers.
 -> (artifact id: 'e44e472aa456614c91ff4c7c22437f02') in 0.023880 seconds
Number of updated asset objects reloaded before import = 0
Number of asset objects unloaded after import = 2
========================================================================
Received Import Request.
  Time since last request: 0.007794 seconds.
  path: Assets/npc_casual_set_00/Textures/npc_hmn_body_01f_01_01_n_Raw_scene-linear Rec 709_sRGB.tif.tx
  artifactKey: Guid(e34320497e5fa2947b1b7a5397e357d5) Importer(815301076,1909f56bfc062723c751e8b465ee728b)
Start importing Assets/npc_casual_set_00/Textures/npc_hmn_body_01f_01_01_n_Raw_scene-linear Rec 709_sRGB.tif.tx using Guid(e34320497e5fa2947b1b7a5397e357d5) Importer(815301076,1909f56bfc062723c751e8b465ee728b) [PhysX] Initialized MultithreadedTaskDispatcher with 18 workers.
 -> (artifact id: '9d572d0147305eccf0045b496057ae2d') in 0.000988 seconds
Number of updated asset objects reloaded before import = 0
Number of asset objects unloaded after import = 1
========================================================================
Received Import Request.
  Time since last request: 0.005111 seconds.
  path: Assets/nappin/OfficeEssentialsPack/Prefabs/(Prb)SmokeDetector.prefab
  artifactKey: Guid(76a7e6c2e588e024d85efa115fe688c2) Importer(815301076,1909f56bfc062723c751e8b465ee728b)
Start importing Assets/nappin/OfficeEssentialsPack/Prefabs/(Prb)SmokeDetector.prefab using Guid(76a7e6c2e588e024d85efa115fe688c2) Importer(815301076,1909f56bfc062723c751e8b465ee728b) [PhysX] Initialized MultithreadedTaskDispatcher with 18 workers.
[PhysX] Initialized MultithreadedTaskDispatcher with 18 workers.
 -> (artifact id: '56bb23029d7188f20a7d3625f945db3a') in 0.024677 seconds
Number of updated asset objects reloaded before import = 0
Number of asset objects unloaded after import = 12
========================================================================
Received Import Request.
  Time since last request: 0.014855 seconds.
  path: Assets/HorrorPuzzleItems/Battery/Prefabs/BatteryC.prefab
  artifactKey: Guid(2d6867d6e54753f449d2768e3269e3a9) Importer(815301076,1909f56bfc062723c751e8b465ee728b)
Start importing Assets/HorrorPuzzleItems/Battery/Prefabs/BatteryC.prefab using Guid(2d6867d6e54753f449d2768e3269e3a9) Importer(815301076,1909f56bfc062723c751e8b465ee728b) [PhysX] Initialized MultithreadedTaskDispatcher with 18 workers.
[PhysX] Initialized MultithreadedTaskDispatcher with 18 workers.
 -> (artifact id: 'e6fe65f7a60194d1c41a58dc605b5488') in 0.026633 seconds
Number of updated asset objects reloaded before import = 0
Number of asset objects unloaded after import = 17
========================================================================
Received Import Request.
  Time since last request: 0.003741 seconds.
  path: Assets/npc_casual_set_00/Prefabs/Prefabs_Parts/npc_hmn_01f_upperbody4.prefab
  artifactKey: Guid(40187411f621a344b9f697847fd318dd) Importer(815301076,1909f56bfc062723c751e8b465ee728b)
Start importing Assets/npc_casual_set_00/Prefabs/Prefabs_Parts/npc_hmn_01f_upperbody4.prefab using Guid(40187411f621a344b9f697847fd318dd) Importer(815301076,1909f56bfc062723c751e8b465ee728b) [PhysX] Initialized MultithreadedTaskDispatcher with 18 workers.
[PhysX] Initialized MultithreadedTaskDispatcher with 18 workers.
 -> (artifact id: 'b06881d3746220fce497a609bb2484e4') in 0.042880 seconds
Number of updated asset objects reloaded before import = 0
Number of asset objects unloaded after import = 294
========================================================================
Received Import Request.
  Time since last request: 0.001919 seconds.
  path: Assets/JustPlay/Сomputer devices
  artifactKey: Guid(824820601a2b61d40b8a4037bb62b3c1) Importer(815301076,1909f56bfc062723c751e8b465ee728b)
Start importing Assets/JustPlay/Сomputer devices using Guid(824820601a2b61d40b8a4037bb62b3c1) Importer(815301076,1909f56bfc062723c751e8b465ee728b) [PhysX] Initialized MultithreadedTaskDispatcher with 18 workers.
 -> (artifact id: 'b163431253da1c496ec8000a2d2787f4') in 0.000967 seconds
Number of updated asset objects reloaded before import = 0
Number of asset objects unloaded after import = 0
========================================================================
Received Import Request.
  Time since last request: 0.005741 seconds.
  path: Assets/npc_casual_set_00/Textures/npc_hmn_face_01m_02_01_m.tif
  artifactKey: Guid(402a99ac41d6dfb4cb5d4da4db32d3d3) Importer(815301076,1909f56bfc062723c751e8b465ee728b)
Start importing Assets/npc_casual_set_00/Textures/npc_hmn_face_01m_02_01_m.tif using Guid(402a99ac41d6dfb4cb5d4da4db32d3d3) Importer(815301076,1909f56bfc062723c751e8b465ee728b) [PhysX] Initialized MultithreadedTaskDispatcher with 18 workers.
[PhysX] Initialized MultithreadedTaskDispatcher with 18 workers.
 -> (artifact id: '05caaf5bc138820e71830e38ee165ae4') in 0.007181 seconds
Number of updated asset objects reloaded before import = 0
Number of asset objects unloaded after import = 2
========================================================================
Received Import Request.
  Time since last request: 0.004743 seconds.
  path: Assets/npc_casual_set_00/Prefabs/Prefabs_Parts/npc_hmn_01m_head1.prefab
  artifactKey: Guid(872deb1d20d16f241848550ea3659e7d) Importer(815301076,1909f56bfc062723c751e8b465ee728b)
Start importing Assets/npc_casual_set_00/Prefabs/Prefabs_Parts/npc_hmn_01m_head1.prefab using Guid(872deb1d20d16f241848550ea3659e7d) Importer(815301076,1909f56bfc062723c751e8b465ee728b) [PhysX] Initialized MultithreadedTaskDispatcher with 18 workers.
[PhysX] Initialized MultithreadedTaskDispatcher with 18 workers.
 -> (artifact id: '4263a80b45f4ab599da057f06d2a2485') in 0.035743 seconds
Number of updated asset objects reloaded before import = 0
Number of asset objects unloaded after import = 289
========================================================================
Received Import Request.
  Time since last request: 0.005470 seconds.
  path: Assets/npc_casual_set_00/Textures/npc_csl_tshirt_00m_01_01_c.tif
  artifactKey: Guid(a39f9526d30a1b14c8348071a87496d8) Importer(815301076,1909f56bfc062723c751e8b465ee728b)
Start importing Assets/npc_casual_set_00/Textures/npc_csl_tshirt_00m_01_01_c.tif using Guid(a39f9526d30a1b14c8348071a87496d8) Importer(815301076,1909f56bfc062723c751e8b465ee728b) [PhysX] Initialized MultithreadedTaskDispatcher with 18 workers.
[PhysX] Initialized MultithreadedTaskDispatcher with 18 workers.
 -> (artifact id: '39b590812013bb77ef72de34cd4545c8') in 0.026288 seconds
Number of updated asset objects reloaded before import = 0
Number of asset objects unloaded after import = 2
========================================================================
Received Import Request.
  Time since last request: 0.007838 seconds.
  path: Assets/nappin/OfficeEssentialsPack/Prefabs/(Prb)Drawer3.prefab
  artifactKey: Guid(1eba6e825e1b0ba4db1d042de5c08e44) Importer(815301076,1909f56bfc062723c751e8b465ee728b)
Start importing Assets/nappin/OfficeEssentialsPack/Prefabs/(Prb)Drawer3.prefab using Guid(1eba6e825e1b0ba4db1d042de5c08e44) Importer(815301076,1909f56bfc062723c751e8b465ee728b) [PhysX] Initialized MultithreadedTaskDispatcher with 18 workers.
[PhysX] Initialized MultithreadedTaskDispatcher with 18 workers.
 -> (artifact id: 'a88478cc88a430bf219249e838812763') in 0.031020 seconds
Number of updated asset objects reloaded before import = 0
Number of asset objects unloaded after import = 30
========================================================================
Received Import Request.
  Time since last request: 0.010244 seconds.
  path: Assets/npc_casual_set_00/Textures/npc_hmn_face_01f_01_01_c.tif
  artifactKey: Guid(b7ce1e5d2bfb2a04384eb6b1c2e8166e) Importer(815301076,1909f56bfc062723c751e8b465ee728b)
Start importing Assets/npc_casual_set_00/Textures/npc_hmn_face_01f_01_01_c.tif using Guid(b7ce1e5d2bfb2a04384eb6b1c2e8166e) Importer(815301076,1909f56bfc062723c751e8b465ee728b) [PhysX] Initialized MultithreadedTaskDispatcher with 18 workers.
[PhysX] Initialized MultithreadedTaskDispatcher with 18 workers.
 -> (artifact id: '49d96fabd9f0fb0aa89f8b3b05ec2acc') in 0.025184 seconds
Number of updated asset objects reloaded before import = 0
Number of asset objects unloaded after import = 2
========================================================================
Received Import Request.
  Time since last request: 0.005091 seconds.
  path: Assets/HorrorPuzzleItems/Gem/Icons/Icon_Gem_Blue.png
  artifactKey: Guid(bcf0d4e599365974f9c5b39f75340e07) Importer(815301076,1909f56bfc062723c751e8b465ee728b)
Start importing Assets/HorrorPuzzleItems/Gem/Icons/Icon_Gem_Blue.png using Guid(bcf0d4e599365974f9c5b39f75340e07) Importer(815301076,1909f56bfc062723c751e8b465ee728b) [PhysX] Initialized MultithreadedTaskDispatcher with 18 workers.
[PhysX] Initialized MultithreadedTaskDispatcher with 18 workers.
 -> (artifact id: '74287af5058d8749a8211dd61310a93f') in 0.028107 seconds
Number of updated asset objects reloaded before import = 0
Number of asset objects unloaded after import = 3
========================================================================
Received Import Request.
  Time since last request: 0.010850 seconds.
  path: Assets/JustPlay/Сomputer devices/Objects/Speakers/Textures/Normal.png
  artifactKey: Guid(9826b8e677931154e9d29c67a07aa67d) Importer(815301076,1909f56bfc062723c751e8b465ee728b)
Start importing Assets/JustPlay/Сomputer devices/Objects/Speakers/Textures/Normal.png using Guid(9826b8e677931154e9d29c67a07aa67d) Importer(815301076,1909f56bfc062723c751e8b465ee728b) [PhysX] Initialized MultithreadedTaskDispatcher with 18 workers.
[PhysX] Initialized MultithreadedTaskDispatcher with 18 workers.
 -> (artifact id: 'f04cd35c68f9aba95a587dbdfc376693') in 0.030011 seconds
Number of updated asset objects reloaded before import = 0
Number of asset objects unloaded after import = 2
========================================================================
Received Import Request.
  Time since last request: 0.003030 seconds.
  path: Assets/nappin/OfficeEssentialsPack/Materials/(Mat)GradientDarkRed.mat
  artifactKey: Guid(11ed21415b661da499e94e4e9e5c47f4) Importer(815301076,1909f56bfc062723c751e8b465ee728b)
Start importing Assets/nappin/OfficeEssentialsPack/Materials/(Mat)GradientDarkRed.mat using Guid(11ed21415b661da499e94e4e9e5c47f4) Importer(815301076,1909f56bfc062723c751e8b465ee728b) [PhysX] Initialized MultithreadedTaskDispatcher with 18 workers.
[PhysX] Initialized MultithreadedTaskDispatcher with 18 workers.
 -> (artifact id: '5e68c47ad0cd2012ceb387916b384396') in 0.025410 seconds
Number of updated asset objects reloaded before import = 0
Number of asset objects unloaded after import = 2
========================================================================
Received Import Request.
  Time since last request: 0.011391 seconds.
  path: Assets/JustPlay/Demo/Set appliances/ReflectionProbe-0.exr
  artifactKey: Guid(4f43e0ea9d6cded4598734bbe06820fe) Importer(815301076,1909f56bfc062723c751e8b465ee728b)
Start importing Assets/JustPlay/Demo/Set appliances/ReflectionProbe-0.exr using Guid(4f43e0ea9d6cded4598734bbe06820fe) Importer(815301076,1909f56bfc062723c751e8b465ee728b) [PhysX] Initialized MultithreadedTaskDispatcher with 18 workers.
[PhysX] Initialized MultithreadedTaskDispatcher with 18 workers.
[PhysX] Initialized MultithreadedTaskDispatcher with 18 workers.
 -> (artifact id: '6d3ac4149684e9a76c1ddc440317f937') in 0.033458 seconds
Number of updated asset objects reloaded before import = 0
Number of asset objects unloaded after import = 1
========================================================================
Received Import Request.
  Time since last request: 0.015321 seconds.
  path: Assets/Scenes/ZNS3D/Vintage Living Room Game Pack/Textures
  artifactKey: Guid(8e545ff410a44b745b050fd844744ea1) Importer(815301076,1909f56bfc062723c751e8b465ee728b)
Start importing Assets/Scenes/ZNS3D/Vintage Living Room Game Pack/Textures using Guid(8e545ff410a44b745b050fd844744ea1) Importer(815301076,1909f56bfc062723c751e8b465ee728b) [PhysX] Initialized MultithreadedTaskDispatcher with 18 workers.
 -> (artifact id: '81c6844541eabe391227ef17e0c5b739') in 0.000743 seconds
Number of updated asset objects reloaded before import = 0
Number of asset objects unloaded after import = 0
========================================================================
Received Import Request.
  Time since last request: 0.002204 seconds.
  path: Assets/HorrorPuzzleItems/Gear/Materials
  artifactKey: Guid(efa94549f84c17249b4bdf58b4d9d0f9) Importer(815301076,1909f56bfc062723c751e8b465ee728b)
Start importing Assets/HorrorPuzzleItems/Gear/Materials using Guid(efa94549f84c17249b4bdf58b4d9d0f9) Importer(815301076,1909f56bfc062723c751e8b465ee728b) [PhysX] Initialized MultithreadedTaskDispatcher with 18 workers.
 -> (artifact id: '57b0053cb506ad9f637af92797cf251d') in 0.000654 seconds
Number of updated asset objects reloaded before import = 0
Number of asset objects unloaded after import = 0
========================================================================
Received Import Request.
  Time since last request: 0.002897 seconds.
  path: Assets/JustPlay/Сomputer devices/Objects
  artifactKey: Guid(46a3220f66c0a934da1a58079a00a9f8) Importer(815301076,1909f56bfc062723c751e8b465ee728b)
Start importing Assets/JustPlay/Сomputer devices/Objects using Guid(46a3220f66c0a934da1a58079a00a9f8) Importer(815301076,1909f56bfc062723c751e8b465ee728b) [PhysX] Initialized MultithreadedTaskDispatcher with 18 workers.
 -> (artifact id: '15f8e56e1a18100240f98500648d4c8e') in 0.000631 seconds
Number of updated asset objects reloaded before import = 0
Number of asset objects unloaded after import = 0
========================================================================
Received Import Request.
  Time since last request: 0.016875 seconds.
  path: Assets/npc_casual_set_00/Mesh/Mesh_Parts/npc_hmn_01f_torso5.fbx
  artifactKey: Guid(ea4011f6a5d86a04fabf84836706c3d2) Importer(815301076,1909f56bfc062723c751e8b465ee728b)
Start importing Assets/npc_casual_set_00/Mesh/Mesh_Parts/npc_hmn_01f_torso5.fbx using Guid(ea4011f6a5d86a04fabf84836706c3d2) Importer(815301076,1909f56bfc062723c751e8b465ee728b) [PhysX] Initialized MultithreadedTaskDispatcher with 18 workers.
[PhysX] Initialized MultithreadedTaskDispatcher with 18 workers.
[PhysX] Initialized MultithreadedTaskDispatcher with 18 workers.
[PhysX] Initialized MultithreadedTaskDispatcher with 18 workers.
[PhysX] Initialized MultithreadedTaskDispatcher with 18 workers.
[PhysX] Initialized MultithreadedTaskDispatcher with 18 workers.
[PhysX] Initialized MultithreadedTaskDispatcher with 18 workers.
[PhysX] Initialized MultithreadedTaskDispatcher with 18 workers.
[PhysX] Initialized MultithreadedTaskDispatcher with 18 workers.
[PhysX] Initialized MultithreadedTaskDispatcher with 18 workers.
[PhysX] Initialized MultithreadedTaskDispatcher with 18 workers.
[PhysX] Initialized MultithreadedTaskDispatcher with 18 workers.
 -> (artifact id: '5efe80cd938e2bd413ea9daa4df2e5a3') in 0.085286 seconds
Number of updated asset objects reloaded before import = 0
Number of asset objects unloaded after import = 149
========================================================================
Received Import Request.
  Time since last request: 0.012594 seconds.
  path: Assets/npc_casual_set_00/Mesh/Mesh_Parts/npc_hmn_01m_lowerbody3.fbx
  artifactKey: Guid(d12b223708226884383dc8134eb1b06d) Importer(815301076,1909f56bfc062723c751e8b465ee728b)
Start importing Assets/npc_casual_set_00/Mesh/Mesh_Parts/npc_hmn_01m_lowerbody3.fbx using Guid(d12b223708226884383dc8134eb1b06d) Importer(815301076,1909f56bfc062723c751e8b465ee728b) [PhysX] Initialized MultithreadedTaskDispatcher with 18 workers.
[PhysX] Initialized MultithreadedTaskDispatcher with 18 workers.
[PhysX] Initialized MultithreadedTaskDispatcher with 18 workers.
[PhysX] Initialized MultithreadedTaskDispatcher with 18 workers.
[PhysX] Initialized MultithreadedTaskDispatcher with 18 workers.
[PhysX] Initialized MultithreadedTaskDispatcher with 18 workers.
[PhysX] Initialized MultithreadedTaskDispatcher with 18 workers.
[PhysX] Initialized MultithreadedTaskDispatcher with 18 workers.
[PhysX] Initialized MultithreadedTaskDispatcher with 18 workers.
[PhysX] Initialized MultithreadedTaskDispatcher with 18 workers.
[PhysX] Initialized MultithreadedTaskDispatcher with 18 workers.
[PhysX] Initialized MultithreadedTaskDispatcher with 18 workers.
 -> (artifact id: '4c2556f6ce7d16e40671e12d370589f4') in 0.084485 seconds
Number of updated asset objects reloaded before import = 0
Number of asset objects unloaded after import = 149
========================================================================
Received Import Request.
  Time since last request: 0.006501 seconds.
  path: Assets/JustPlay/Сomputer devices/Objects/Mouse from pc/Textures
  artifactKey: Guid(e9a0ed3889062df4fb1c3fdfa55958c7) Importer(815301076,1909f56bfc062723c751e8b465ee728b)
Start importing Assets/JustPlay/Сomputer devices/Objects/Mouse from pc/Textures using Guid(e9a0ed3889062df4fb1c3fdfa55958c7) Importer(815301076,1909f56bfc062723c751e8b465ee728b) [PhysX] Initialized MultithreadedTaskDispatcher with 18 workers.
 -> (artifact id: 'ab614dee19421a3ce817efd222cfd253') in 0.001116 seconds
Number of updated asset objects reloaded before import = 0
Number of asset objects unloaded after import = 0
========================================================================
Received Import Request.
  Time since last request: 0.004912 seconds.
  path: Assets/HorrorPuzzleItems/Battery/Materials
  artifactKey: Guid(a33f2b1a21435944fa41df3646f55579) Importer(815301076,1909f56bfc062723c751e8b465ee728b)
Start importing Assets/HorrorPuzzleItems/Battery/Materials using Guid(a33f2b1a21435944fa41df3646f55579) Importer(815301076,1909f56bfc062723c751e8b465ee728b) [PhysX] Initialized MultithreadedTaskDispatcher with 18 workers.
 -> (artifact id: '44fce664fb824226fc08bed03dc5de42') in 0.000780 seconds
Number of updated asset objects reloaded before import = 0
Number of asset objects unloaded after import = 0
========================================================================
Received Import Request.
  Time since last request: 0.002210 seconds.
  path: Assets/HorrorPuzzleItems/Cable/Models
  artifactKey: Guid(44a8cad8ad4dd19428efb3df987ad48f) Importer(815301076,1909f56bfc062723c751e8b465ee728b)
Start importing Assets/HorrorPuzzleItems/Cable/Models using Guid(44a8cad8ad4dd19428efb3df987ad48f) Importer(815301076,1909f56bfc062723c751e8b465ee728b) [PhysX] Initialized MultithreadedTaskDispatcher with 18 workers.
 -> (artifact id: '19f53bdbadd42002798301f29df3d679') in 0.000443 seconds
Number of updated asset objects reloaded before import = 0
Number of asset objects unloaded after import = 0
========================================================================
Received Import Request.
  Time since last request: 0.003306 seconds.
  path: Assets/npc_casual_set_00/Prefabs/npc_csl_tshirt_00f_01_03.prefab
  artifactKey: Guid(8c96ef8f2ad32a740a2e4bca7ed8ea84) Importer(815301076,1909f56bfc062723c751e8b465ee728b)
Start importing Assets/npc_casual_set_00/Prefabs/npc_csl_tshirt_00f_01_03.prefab using Guid(8c96ef8f2ad32a740a2e4bca7ed8ea84) Importer(815301076,1909f56bfc062723c751e8b465ee728b) [PhysX] Initialized MultithreadedTaskDispatcher with 18 workers.
[PhysX] Initialized MultithreadedTaskDispatcher with 18 workers.
 -> (artifact id: '1abed05598b7da5dce0b008ac89fe373') in 0.032739 seconds
Number of updated asset objects reloaded before import = 0
Number of asset objects unloaded after import = 291
========================================================================
Received Import Request.
  Time since last request: 0.002561 seconds.
  path: Assets/HorrorPuzzleItems/SmallKey/Textures
  artifactKey: Guid(b8fc54cdb65c1fd47999d4898192d3b9) Importer(815301076,1909f56bfc062723c751e8b465ee728b)
Start importing Assets/HorrorPuzzleItems/SmallKey/Textures using Guid(b8fc54cdb65c1fd47999d4898192d3b9) Importer(815301076,1909f56bfc062723c751e8b465ee728b) [PhysX] Initialized MultithreadedTaskDispatcher with 18 workers.
 -> (artifact id: '6add4dc1fb92b1aa8df38ee668f59b09') in 0.001182 seconds
Number of updated asset objects reloaded before import = 0
Number of asset objects unloaded after import = 0
========================================================================
Received Import Request.
  Time since last request: 0.029531 seconds.
  path: Assets/npc_casual_set_00/Mesh/Mesh_Parts/npc_csl_tshirt_00f_sleeves.fbx
  artifactKey: Guid(58f49653c99648646877cef9bb4efb9b) Importer(815301076,1909f56bfc062723c751e8b465ee728b)
Start importing Assets/npc_casual_set_00/Mesh/Mesh_Parts/npc_csl_tshirt_00f_sleeves.fbx using Guid(58f49653c99648646877cef9bb4efb9b) Importer(815301076,1909f56bfc062723c751e8b465ee728b) [PhysX] Initialized MultithreadedTaskDispatcher with 18 workers.
[PhysX] Initialized MultithreadedTaskDispatcher with 18 workers.
[PhysX] Initialized MultithreadedTaskDispatcher with 18 workers.
[PhysX] Initialized MultithreadedTaskDispatcher with 18 workers.
[PhysX] Initialized MultithreadedTaskDispatcher with 18 workers.
[PhysX] Initialized MultithreadedTaskDispatcher with 18 workers.
[PhysX] Initialized MultithreadedTaskDispatcher with 18 workers.
[PhysX] Initialized MultithreadedTaskDispatcher with 18 workers.
[PhysX] Initialized MultithreadedTaskDispatcher with 18 workers.
[PhysX] Initialized MultithreadedTaskDispatcher with 18 workers.
[PhysX] Initialized MultithreadedTaskDispatcher with 18 workers.
[PhysX] Initialized MultithreadedTaskDispatcher with 18 workers.
 -> (artifact id: 'ca59e6ae116d17cb984a8275cdc28419') in 0.083228 seconds
Number of updated asset objects reloaded before import = 0
Number of asset objects unloaded after import = 149
========================================================================
Received Import Request.
  Time since last request: 0.009830 seconds.
  path: Assets/npc_casual_set_00/Mesh/Mesh_Parts/npc_hmn_01f_arms2.fbx
  artifactKey: Guid(06856ec0f8dac7f4ebac851640e0daf4) Importer(815301076,1909f56bfc062723c751e8b465ee728b)
Start importing Assets/npc_casual_set_00/Mesh/Mesh_Parts/npc_hmn_01f_arms2.fbx using Guid(06856ec0f8dac7f4ebac851640e0daf4) Importer(815301076,1909f56bfc062723c751e8b465ee728b) [PhysX] Initialized MultithreadedTaskDispatcher with 18 workers.
[PhysX] Initialized MultithreadedTaskDispatcher with 18 workers.
[PhysX] Initialized MultithreadedTaskDispatcher with 18 workers.
[PhysX] Initialized MultithreadedTaskDispatcher with 18 workers.
[PhysX] Initialized MultithreadedTaskDispatcher with 18 workers.
[PhysX] Initialized MultithreadedTaskDispatcher with 18 workers.
[PhysX] Initialized MultithreadedTaskDispatcher with 18 workers.
[PhysX] Initialized MultithreadedTaskDispatcher with 18 workers.
[PhysX] Initialized MultithreadedTaskDispatcher with 18 workers.
[PhysX] Initialized MultithreadedTaskDispatcher with 18 workers.
[PhysX] Initialized MultithreadedTaskDispatcher with 18 workers.
[PhysX] Initialized MultithreadedTaskDispatcher with 18 workers.
 -> (artifact id: 'a4bab509a2856aa1c5984ffad4bfd134') in 0.092595 seconds
Number of updated asset objects reloaded before import = 0
Number of asset objects unloaded after import = 149
========================================================================
Received Import Request.
  Time since last request: 0.004363 seconds.
  path: Assets/npc_casual_set_00/Mesh/Mesh_Parts/npc_csl_shirtopenrolled_00m_sleeves.fbx
  artifactKey: Guid(ea15e3bc19ae80c4a86ee5381839f2fa) Importer(815301076,1909f56bfc062723c751e8b465ee728b)
Start importing Assets/npc_casual_set_00/Mesh/Mesh_Parts/npc_csl_shirtopenrolled_00m_sleeves.fbx using Guid(ea15e3bc19ae80c4a86ee5381839f2fa) Importer(815301076,1909f56bfc062723c751e8b465ee728b) [PhysX] Initialized MultithreadedTaskDispatcher with 18 workers.
[PhysX] Initialized MultithreadedTaskDispatcher with 18 workers.
[PhysX] Initialized MultithreadedTaskDispatcher with 18 workers.
[PhysX] Initialized MultithreadedTaskDispatcher with 18 workers.
[PhysX] Initialized MultithreadedTaskDispatcher with 18 workers.
[PhysX] Initialized MultithreadedTaskDispatcher with 18 workers.
[PhysX] Initialized MultithreadedTaskDispatcher with 18 workers.
[PhysX] Initialized MultithreadedTaskDispatcher with 18 workers.
[PhysX] Initialized MultithreadedTaskDispatcher with 18 workers.
[PhysX] Initialized MultithreadedTaskDispatcher with 18 workers.
[PhysX] Initialized MultithreadedTaskDispatcher with 18 workers.
[PhysX] Initialized MultithreadedTaskDispatcher with 18 workers.
 -> (artifact id: 'b9215e7d6dea0844691645fb77056a32') in 0.083306 seconds
Number of updated asset objects reloaded before import = 0
Number of asset objects unloaded after import = 149
========================================================================
Received Import Request.
  Time since last request: 0.008848 seconds.
  path: Assets/npc_casual_set_00/Prefabs/npc_haircut_d_01.prefab
  artifactKey: Guid(90ff1d82f648f9c4bbe5c38b8d9c1da1) Importer(815301076,1909f56bfc062723c751e8b465ee728b)
Start importing Assets/npc_casual_set_00/Prefabs/npc_haircut_d_01.prefab using Guid(90ff1d82f648f9c4bbe5c38b8d9c1da1) Importer(815301076,1909f56bfc062723c751e8b465ee728b) [PhysX] Initialized MultithreadedTaskDispatcher with 18 workers.
[PhysX] Initialized MultithreadedTaskDispatcher with 18 workers.
 -> (artifact id: '1e5150f902b373735a4cb240b30f8a3f') in 0.030506 seconds
Number of updated asset objects reloaded before import = 0
Number of asset objects unloaded after import = 281
========================================================================
Received Import Request.
  Time since last request: 0.027643 seconds.
  path: Assets/npc_casual_set_00/Prefabs/npc_csl_tshirt_00m_01_01bw.prefab
  artifactKey: Guid(3b56fb19f3e36b5408b0235c2cb1849e) Importer(815301076,1909f56bfc062723c751e8b465ee728b)
Start importing Assets/npc_casual_set_00/Prefabs/npc_csl_tshirt_00m_01_01bw.prefab using Guid(3b56fb19f3e36b5408b0235c2cb1849e) Importer(815301076,1909f56bfc062723c751e8b465ee728b) [PhysX] Initialized MultithreadedTaskDispatcher with 18 workers.
[PhysX] Initialized MultithreadedTaskDispatcher with 18 workers.
 -> (artifact id: 'b164a189f1f35802f9be4ae23bab2116') in 0.031116 seconds
Number of updated asset objects reloaded before import = 0
Number of asset objects unloaded after import = 289
========================================================================
Received Import Request.
  Time since last request: 0.004898 seconds.
  path: Assets/npc_casual_set_00/Mesh/npc_hmn_01f.fbx
  artifactKey: Guid(07cfd655bf23cbc409ab05c4e0d2d549) Importer(815301076,1909f56bfc062723c751e8b465ee728b)
Start importing Assets/npc_casual_set_00/Mesh/npc_hmn_01f.fbx using Guid(07cfd655bf23cbc409ab05c4e0d2d549) Importer(815301076,1909f56bfc062723c751e8b465ee728b) [PhysX] Initialized MultithreadedTaskDispatcher with 18 workers.
[PhysX] Initialized MultithreadedTaskDispatcher with 18 workers.
[PhysX] Initialized MultithreadedTaskDispatcher with 18 workers.
[PhysX] Initialized MultithreadedTaskDispatcher with 18 workers.
[PhysX] Initialized MultithreadedTaskDispatcher with 18 workers.
[PhysX] Initialized MultithreadedTaskDispatcher with 18 workers.
[PhysX] Initialized MultithreadedTaskDispatcher with 18 workers.
[PhysX] Initialized MultithreadedTaskDispatcher with 18 workers.
[PhysX] Initialized MultithreadedTaskDispatcher with 18 workers.
[PhysX] Initialized MultithreadedTaskDispatcher with 18 workers.
[PhysX] Initialized MultithreadedTaskDispatcher with 18 workers.
[PhysX] Initialized MultithreadedTaskDispatcher with 18 workers.
 -> (artifact id: 'fffea4a6266eb4e4619e2cc169e964a1') in 0.096863 seconds
Number of updated asset objects reloaded before import = 0
Number of asset objects unloaded after import = 156
========================================================================
Received Import Request.
  Time since last request: 0.009759 seconds.
  path: Assets/HorrorPuzzleItems/Gem/Textures/Gem_Yellow.png
  artifactKey: Guid(09644756d2d7a48418223666cd574ece) Importer(815301076,1909f56bfc062723c751e8b465ee728b)
Start importing Assets/HorrorPuzzleItems/Gem/Textures/Gem_Yellow.png using Guid(09644756d2d7a48418223666cd574ece) Importer(815301076,1909f56bfc062723c751e8b465ee728b) [PhysX] Initialized MultithreadedTaskDispatcher with 18 workers.
[PhysX] Initialized MultithreadedTaskDispatcher with 18 workers.
 -> (artifact id: 'd3c0f74c5e782a7ee1592b9cdc93c9a3') in 0.023812 seconds
Number of updated asset objects reloaded before import = 0
Number of asset objects unloaded after import = 2
========================================================================
Received Import Request.
  Time since last request: 0.003900 seconds.
  path: Assets/npc_casual_set_00/Prefabs/Prefabs_Parts/npc_hmn_01f_lowerbody1.prefab
  artifactKey: Guid(e1106fc64947c4d47b17361ae15332d7) Importer(815301076,1909f56bfc062723c751e8b465ee728b)
Start importing Assets/npc_casual_set_00/Prefabs/Prefabs_Parts/npc_hmn_01f_lowerbody1.prefab using Guid(e1106fc64947c4d47b17361ae15332d7) Importer(815301076,1909f56bfc062723c751e8b465ee728b) [PhysX] Initialized MultithreadedTaskDispatcher with 18 workers.
[PhysX] Initialized MultithreadedTaskDispatcher with 18 workers.
 -> (artifact id: 'f36c2aeceac3412078de767815fa61e4') in 0.035886 seconds
Number of updated asset objects reloaded before import = 0
Number of asset objects unloaded after import = 289
========================================================================
Received Import Request.
  Time since last request: 0.002125 seconds.
  path: Assets/HorrorPuzzleItems/Gem/Icons
  artifactKey: Guid(85e24c448f5890146b4e0ce411a7da42) Importer(815301076,1909f56bfc062723c751e8b465ee728b)
Start importing Assets/HorrorPuzzleItems/Gem/Icons using Guid(85e24c448f5890146b4e0ce411a7da42) Importer(815301076,1909f56bfc062723c751e8b465ee728b) [PhysX] Initialized MultithreadedTaskDispatcher with 18 workers.
 -> (artifact id: 'c76259782bd41dcd161e2c5bd8c03843') in 0.000761 seconds
Number of updated asset objects reloaded before import = 0
Number of asset objects unloaded after import = 0
========================================================================
Received Import Request.
  Time since last request: 0.016538 seconds.
  path: Assets/npc_casual_set_00/Mesh/npc_haircut_a_01.fbx
  artifactKey: Guid(1d35e4ca5cce84c489209a330c303156) Importer(815301076,1909f56bfc062723c751e8b465ee728b)
Start importing Assets/npc_casual_set_00/Mesh/npc_haircut_a_01.fbx using Guid(1d35e4ca5cce84c489209a330c303156) Importer(815301076,1909f56bfc062723c751e8b465ee728b) [PhysX] Initialized MultithreadedTaskDispatcher with 18 workers.
[PhysX] Initialized MultithreadedTaskDispatcher with 18 workers.
[PhysX] Initialized MultithreadedTaskDispatcher with 18 workers.
[PhysX] Initialized MultithreadedTaskDispatcher with 18 workers.
[PhysX] Initialized MultithreadedTaskDispatcher with 18 workers.
[PhysX] Initialized MultithreadedTaskDispatcher with 18 workers.
[PhysX] Initialized MultithreadedTaskDispatcher with 18 workers.
[PhysX] Initialized MultithreadedTaskDispatcher with 18 workers.
[PhysX] Initialized MultithreadedTaskDispatcher with 18 workers.
[PhysX] Initialized MultithreadedTaskDispatcher with 18 workers.
[PhysX] Initialized MultithreadedTaskDispatcher with 18 workers.
[PhysX] Initialized MultithreadedTaskDispatcher with 18 workers.
 -> (artifact id: 'd63887c5969164de739125219b492c41') in 0.078739 seconds
Number of updated asset objects reloaded before import = 0
Number of asset objects unloaded after import = 145
========================================================================
Received Import Request.
  Time since last request: 0.020600 seconds.
  path: Assets/npc_casual_set_00/Textures/npc_hmn_face_01m_04_01_m.tif
  artifactKey: Guid(d8c6f6134792f4a4b9e78b9f4258c180) Importer(815301076,1909f56bfc062723c751e8b465ee728b)
Start importing Assets/npc_casual_set_00/Textures/npc_hmn_face_01m_04_01_m.tif using Guid(d8c6f6134792f4a4b9e78b9f4258c180) Importer(815301076,1909f56bfc062723c751e8b465ee728b) [PhysX] Initialized MultithreadedTaskDispatcher with 18 workers.
[PhysX] Initialized MultithreadedTaskDispatcher with 18 workers.
 -> (artifact id: '47ff51ae9e971516e189f4b13101aaa4') in 0.007876 seconds
Number of updated asset objects reloaded before import = 0
Number of asset objects unloaded after import = 2
========================================================================
Received Import Request.
  Time since last request: 0.003354 seconds.
  path: Assets/npc_casual_set_00/Mesh/Mesh_Parts/npc_csl_tshirt_00m_sleeves.fbx
  artifactKey: Guid(5ba48d2dc704b3e45bfd5a3bf024be59) Importer(815301076,1909f56bfc062723c751e8b465ee728b)
Start importing Assets/npc_casual_set_00/Mesh/Mesh_Parts/npc_csl_tshirt_00m_sleeves.fbx using Guid(5ba48d2dc704b3e45bfd5a3bf024be59) Importer(815301076,1909f56bfc062723c751e8b465ee728b) [PhysX] Initialized MultithreadedTaskDispatcher with 18 workers.
[PhysX] Initialized MultithreadedTaskDispatcher with 18 workers.
[PhysX] Initialized MultithreadedTaskDispatcher with 18 workers.
[PhysX] Initialized MultithreadedTaskDispatcher with 18 workers.
[PhysX] Initialized MultithreadedTaskDispatcher with 18 workers.
[PhysX] Initialized MultithreadedTaskDispatcher with 18 workers.
[PhysX] Initialized MultithreadedTaskDispatcher with 18 workers.
[PhysX] Initialized MultithreadedTaskDispatcher with 18 workers.
[PhysX] Initialized MultithreadedTaskDispatcher with 18 workers.
[PhysX] Initialized MultithreadedTaskDispatcher with 18 workers.
[PhysX] Initialized MultithreadedTaskDispatcher with 18 workers.
[PhysX] Initialized MultithreadedTaskDispatcher with 18 workers.
[PhysX] Initialized MultithreadedTaskDispatcher with 18 workers.
 -> (artifact id: '5631e44a5a657214fd8d68fdeef929d0') in 0.079363 seconds
Number of updated asset objects reloaded before import = 0
Number of asset objects unloaded after import = 145
========================================================================
Received Import Request.
  Time since last request: 0.003045 seconds.
  path: Assets/JustPlay/Demo/Set appliances
  artifactKey: Guid(d33d3d56a8fce7d488ba5be7ae4862cf) Importer(815301076,1909f56bfc062723c751e8b465ee728b)
Start importing Assets/JustPlay/Demo/Set appliances using Guid(d33d3d56a8fce7d488ba5be7ae4862cf) Importer(815301076,1909f56bfc062723c751e8b465ee728b) [PhysX] Initialized MultithreadedTaskDispatcher with 18 workers.
 -> (artifact id: '6359c7cc99b0a122fff9cdc98a85c4ea') in 0.001083 seconds
Number of updated asset objects reloaded before import = 0
Number of asset objects unloaded after import = 0
========================================================================
Received Import Request.
  Time since last request: 0.002984 seconds.
  path: Assets/nappin/OfficeEssentialsPack/Materials
  artifactKey: Guid(8346b0716c35bf246987d3dd20022f13) Importer(815301076,1909f56bfc062723c751e8b465ee728b)
Start importing Assets/nappin/OfficeEssentialsPack/Materials using Guid(8346b0716c35bf246987d3dd20022f13) Importer(815301076,1909f56bfc062723c751e8b465ee728b) [PhysX] Initialized MultithreadedTaskDispatcher with 18 workers.
 -> (artifact id: 'd03adaa5a56b06d516a66710113aa050') in 0.000661 seconds
Number of updated asset objects reloaded before import = 0
Number of asset objects unloaded after import = 0
========================================================================
Received Import Request.
  Time since last request: 0.003816 seconds.
  path: Assets/HorrorPuzzleItems/Floppy/Models
  artifactKey: Guid(faca70d7dbe4b70409044dd6e1f3b7eb) Importer(815301076,1909f56bfc062723c751e8b465ee728b)
Start importing Assets/HorrorPuzzleItems/Floppy/Models using Guid(faca70d7dbe4b70409044dd6e1f3b7eb) Importer(815301076,1909f56bfc062723c751e8b465ee728b) [PhysX] Initialized MultithreadedTaskDispatcher with 18 workers.
 -> (artifact id: '94fcb866f9070dc3e98dac641db02495') in 0.001080 seconds
Number of updated asset objects reloaded before import = 0
Number of asset objects unloaded after import = 0
========================================================================
Received Import Request.
  Time since last request: 0.004380 seconds.
  path: Assets/npc_casual_set_00/Textures/npc_hmn_face_01m_01_01_n.tif
  artifactKey: Guid(05d1b45559398ff43aed0941795db866) Importer(815301076,1909f56bfc062723c751e8b465ee728b)
Start importing Assets/npc_casual_set_00/Textures/npc_hmn_face_01m_01_01_n.tif using Guid(05d1b45559398ff43aed0941795db866) Importer(815301076,1909f56bfc062723c751e8b465ee728b) [PhysX] Initialized MultithreadedTaskDispatcher with 18 workers.
[PhysX] Initialized MultithreadedTaskDispatcher with 18 workers.
 -> (artifact id: '41337b3860ddb077d6fee7d4e041844f') in 0.023688 seconds
Number of updated asset objects reloaded before import = 0
Number of asset objects unloaded after import = 2
========================================================================
Received Import Request.
  Time since last request: 0.005354 seconds.
  path: Assets/npc_casual_set_00/Textures/npc_csl_pants_00m_01_01_n.tif
  artifactKey: Guid(74cd5b2609e30324eb45a50f5e087b7d) Importer(815301076,1909f56bfc062723c751e8b465ee728b)
Start importing Assets/npc_casual_set_00/Textures/npc_csl_pants_00m_01_01_n.tif using Guid(74cd5b2609e30324eb45a50f5e087b7d) Importer(815301076,1909f56bfc062723c751e8b465ee728b) [PhysX] Initialized MultithreadedTaskDispatcher with 18 workers.
[PhysX] Initialized MultithreadedTaskDispatcher with 18 workers.
 -> (artifact id: '38acace6ac16d4f3db8146361113f5da') in 0.024867 seconds
Number of updated asset objects reloaded before import = 0
Number of asset objects unloaded after import = 2
========================================================================
Received Import Request.
  Time since last request: 0.044011 seconds.
  path: Assets/JustPlay/Сomputer devices/Objects/Keyboard/Textures
  artifactKey: Guid(a39e407d757f8b14ca9ffc1648c63f43) Importer(815301076,1909f56bfc062723c751e8b465ee728b)
Start importing Assets/JustPlay/Сomputer devices/Objects/Keyboard/Textures using Guid(a39e407d757f8b14ca9ffc1648c63f43) Importer(815301076,1909f56bfc062723c751e8b465ee728b) [PhysX] Initialized MultithreadedTaskDispatcher with 18 workers.
 -> (artifact id: 'd36516781ead9fd382da9a956bbf9774') in 0.001289 seconds
Number of updated asset objects reloaded before import = 0
Number of asset objects unloaded after import = 0
========================================================================
Received Import Request.
  Time since last request: 0.008312 seconds.
  path: Assets/npc_casual_set_00/Mesh/Mesh_Parts/npc_hmn_01m_head2.fbx
  artifactKey: Guid(7c47e66c2bc5f8c40a885370adf714a1) Importer(815301076,1909f56bfc062723c751e8b465ee728b)
Start importing Assets/npc_casual_set_00/Mesh/Mesh_Parts/npc_hmn_01m_head2.fbx using Guid(7c47e66c2bc5f8c40a885370adf714a1) Importer(815301076,1909f56bfc062723c751e8b465ee728b) [PhysX] Initialized MultithreadedTaskDispatcher with 18 workers.
[PhysX] Initialized MultithreadedTaskDispatcher with 18 workers.
[PhysX] Initialized MultithreadedTaskDispatcher with 18 workers.
[PhysX] Initialized MultithreadedTaskDispatcher with 18 workers.
[PhysX] Initialized MultithreadedTaskDispatcher with 18 workers.
[PhysX] Initialized MultithreadedTaskDispatcher with 18 workers.
[PhysX] Initialized MultithreadedTaskDispatcher with 18 workers.
[PhysX] Initialized MultithreadedTaskDispatcher with 18 workers.
[PhysX] Initialized MultithreadedTaskDispatcher with 18 workers.
[PhysX] Initialized MultithreadedTaskDispatcher with 18 workers.
[PhysX] Initialized MultithreadedTaskDispatcher with 18 workers.
[PhysX] Initialized MultithreadedTaskDispatcher with 18 workers.
 -> (artifact id: '60c54240ed4994463975f50473d347ba') in 0.085075 seconds
Number of updated asset objects reloaded before import = 0
Number of asset objects unloaded after import = 154
========================================================================
Received Import Request.
  Time since last request: 0.003049 seconds.
  path: Assets/nappin/OfficeEssentialsPack/Prefabs
  artifactKey: Guid(bb1ccfd70f690b8419e4e6b9d65f678a) Importer(815301076,1909f56bfc062723c751e8b465ee728b)
Start importing Assets/nappin/OfficeEssentialsPack/Prefabs using Guid(bb1ccfd70f690b8419e4e6b9d65f678a) Importer(815301076,1909f56bfc062723c751e8b465ee728b) [PhysX] Initialized MultithreadedTaskDispatcher with 18 workers.
 -> (artifact id: 'f2a7d13df8af4d5712e5330c98110850') in 0.001051 seconds
Number of updated asset objects reloaded before import = 0
Number of asset objects unloaded after import = 0
========================================================================
Received Import Request.
  Time since last request: 0.003922 seconds.
  path: Assets/npc_casual_set_00/Prefabs/Prefabs_Parts/npc_hmn_01f_arms5.prefab
  artifactKey: Guid(3b0ff9f50bcd624489df55f3b8e3eb67) Importer(815301076,1909f56bfc062723c751e8b465ee728b)
Start importing Assets/npc_casual_set_00/Prefabs/Prefabs_Parts/npc_hmn_01f_arms5.prefab using Guid(3b0ff9f50bcd624489df55f3b8e3eb67) Importer(815301076,1909f56bfc062723c751e8b465ee728b) [PhysX] Initialized MultithreadedTaskDispatcher with 18 workers.
[PhysX] Initialized MultithreadedTaskDispatcher with 18 workers.
 -> (artifact id: '1f4e88014a148b8bda038cb803e24aef') in 0.037285 seconds
Number of updated asset objects reloaded before import = 0
Number of asset objects unloaded after import = 289
========================================================================
Received Import Request.
  Time since last request: 0.002162 seconds.
  path: Assets/HorrorPuzzleItems/SmallKey/Materials
  artifactKey: Guid(8c66dc2a1678a5d478a2b8fcfd75916b) Importer(815301076,1909f56bfc062723c751e8b465ee728b)
Start importing Assets/HorrorPuzzleItems/SmallKey/Materials using Guid(8c66dc2a1678a5d478a2b8fcfd75916b) Importer(815301076,1909f56bfc062723c751e8b465ee728b) [PhysX] Initialized MultithreadedTaskDispatcher with 18 workers.
 -> (artifact id: '9a9b3ba697173ef1dfac23be3ceb9383') in 0.000998 seconds
Number of updated asset objects reloaded before import = 0
Number of asset objects unloaded after import = 0
========================================================================
Received Import Request.
  Time since last request: 0.038061 seconds.
  path: Assets/HorrorPuzzleItems/Floppy/Materials
  artifactKey: Guid(748829e638722f849a676e163f8cec86) Importer(815301076,1909f56bfc062723c751e8b465ee728b)
Start importing Assets/HorrorPuzzleItems/Floppy/Materials using Guid(748829e638722f849a676e163f8cec86) Importer(815301076,1909f56bfc062723c751e8b465ee728b) [PhysX] Initialized MultithreadedTaskDispatcher with 18 workers.
 -> (artifact id: 'd049b91bd9c3fdb2ff742dbcf791c6db') in 0.000582 seconds
Number of updated asset objects reloaded before import = 0
Number of asset objects unloaded after import = 0
========================================================================
Received Import Request.
  Time since last request: 0.019056 seconds.
  path: Assets/nappin/HouseInteriorPack/Models/(Msh)Drawer3.fbx
  artifactKey: Guid(673ac7f73d1850e41b12db0a6bbe30c4) Importer(815301076,1909f56bfc062723c751e8b465ee728b)
Start importing Assets/nappin/HouseInteriorPack/Models/(Msh)Drawer3.fbx using Guid(673ac7f73d1850e41b12db0a6bbe30c4) Importer(815301076,1909f56bfc062723c751e8b465ee728b) [PhysX] Initialized MultithreadedTaskDispatcher with 18 workers.
[PhysX] Initialized MultithreadedTaskDispatcher with 18 workers.
[PhysX] Initialized MultithreadedTaskDispatcher with 18 workers.
[PhysX] Initialized MultithreadedTaskDispatcher with 18 workers.
[PhysX] Initialized MultithreadedTaskDispatcher with 18 workers.
[PhysX] Initialized MultithreadedTaskDispatcher with 18 workers.
 -> (artifact id: '5daa93fad9d2cb61b3d09086246c2efe') in 0.051585 seconds
Number of updated asset objects reloaded before import = 0
Number of asset objects unloaded after import = 21
========================================================================
Received Import Request.
  Time since last request: 0.007598 seconds.
  path: Assets/npc_casual_set_00/Mesh/Mesh_Parts
  artifactKey: Guid(89c357888edccb048800f1c49c2871e6) Importer(815301076,1909f56bfc062723c751e8b465ee728b)
Start importing Assets/npc_casual_set_00/Mesh/Mesh_Parts using Guid(89c357888edccb048800f1c49c2871e6) Importer(815301076,1909f56bfc062723c751e8b465ee728b) [PhysX] Initialized MultithreadedTaskDispatcher with 18 workers.
 -> (artifact id: '45b71ff084d79cbca9130b7d3e4c0f6f') in 0.001075 seconds
Number of updated asset objects reloaded before import = 0
Number of asset objects unloaded after import = 0
========================================================================
Received Import Request.
  Time since last request: 0.008981 seconds.
  path: Assets/npc_casual_set_00/Prefabs/Prefabs_Parts/npc_hmn_01m_arms6.prefab
  artifactKey: Guid(7ed574b1552b29e4fa1b0f8a5eb90183) Importer(815301076,1909f56bfc062723c751e8b465ee728b)
Start importing Assets/npc_casual_set_00/Prefabs/Prefabs_Parts/npc_hmn_01m_arms6.prefab using Guid(7ed574b1552b29e4fa1b0f8a5eb90183) Importer(815301076,1909f56bfc062723c751e8b465ee728b) [PhysX] Initialized MultithreadedTaskDispatcher with 18 workers.
[PhysX] Initialized MultithreadedTaskDispatcher with 18 workers.
 -> (artifact id: 'c899518ffe23a126a2b9e1cd1308d842') in 0.044648 seconds
Number of updated asset objects reloaded before import = 0
Number of asset objects unloaded after import = 289
========================================================================
Received Import Request.
  Time since last request: 0.008562 seconds.
  path: Assets/HorrorPuzzleItems/Card
  artifactKey: Guid(af12e3ff39d4b6d4e9dd0178fd4976cb) Importer(815301076,1909f56bfc062723c751e8b465ee728b)
Start importing Assets/HorrorPuzzleItems/Card using Guid(af12e3ff39d4b6d4e9dd0178fd4976cb) Importer(815301076,1909f56bfc062723c751e8b465ee728b) [PhysX] Initialized MultithreadedTaskDispatcher with 18 workers.
 -> (artifact id: 'ccd6013c22501251c8767da917c983a5') in 0.002373 seconds
Number of updated asset objects reloaded before import = 0
Number of asset objects unloaded after import = 0
========================================================================
Received Import Request.
  Time since last request: 0.008943 seconds.
  path: Assets/npc_casual_set_00/Prefabs/npc_csl_tshirt_00m_01_03.prefab
  artifactKey: Guid(2e0cd28df1f2cce4e8143adea2c9de91) Importer(815301076,1909f56bfc062723c751e8b465ee728b)
Start importing Assets/npc_casual_set_00/Prefabs/npc_csl_tshirt_00m_01_03.prefab using Guid(2e0cd28df1f2cce4e8143adea2c9de91) Importer(815301076,1909f56bfc062723c751e8b465ee728b) [PhysX] Initialized MultithreadedTaskDispatcher with 18 workers.
[PhysX] Initialized MultithreadedTaskDispatcher with 18 workers.
 -> (artifact id: 'faa73865ddd1fc3967e65d7e6eaf3531') in 0.035243 seconds
Number of updated asset objects reloaded before import = 0
Number of asset objects unloaded after import = 291
========================================================================
Received Import Request.
  Time since last request: 0.011682 seconds.
  path: Assets/npc_casual_set_00/Prefabs/npc_haircut_c_01.prefab
  artifactKey: Guid(561b9ba52fe98a644b6d5de9e1fdcd83) Importer(815301076,1909f56bfc062723c751e8b465ee728b)
Start importing Assets/npc_casual_set_00/Prefabs/npc_haircut_c_01.prefab using Guid(561b9ba52fe98a644b6d5de9e1fdcd83) Importer(815301076,1909f56bfc062723c751e8b465ee728b) [PhysX] Initialized MultithreadedTaskDispatcher with 18 workers.
[PhysX] Initialized MultithreadedTaskDispatcher with 18 workers.
 -> (artifact id: '90a15c0ebf43e09f4b2db2c9a5ebd242') in 0.027632 seconds
Number of updated asset objects reloaded before import = 0
Number of asset objects unloaded after import = 281
========================================================================
Received Import Request.
  Time since last request: 0.003418 seconds.
  path: Assets/JustPlay/Demo/Set appliances.unity
  artifactKey: Guid(b619aec2020270a45917c2579d252f47) Importer(815301076,1909f56bfc062723c751e8b465ee728b)
Start importing Assets/JustPlay/Demo/Set appliances.unity using Guid(b619aec2020270a45917c2579d252f47) Importer(815301076,1909f56bfc062723c751e8b465ee728b) [PhysX] Initialized MultithreadedTaskDispatcher with 18 workers.
 -> (artifact id: '51281c081656e354473f6c2cbd63bbac') in 0.001301 seconds
Number of updated asset objects reloaded before import = 0
Number of asset objects unloaded after import = 0
========================================================================
Received Import Request.
  Time since last request: 0.016102 seconds.
  path: Assets/JustPlay/Сomputer devices/Objects/Speakers/Textures
  artifactKey: Guid(4164cd0f34c7e964b9674e9196a8f1cd) Importer(815301076,1909f56bfc062723c751e8b465ee728b)
Start importing Assets/JustPlay/Сomputer devices/Objects/Speakers/Textures using Guid(4164cd0f34c7e964b9674e9196a8f1cd) Importer(815301076,1909f56bfc062723c751e8b465ee728b) [PhysX] Initialized MultithreadedTaskDispatcher with 18 workers.
 -> (artifact id: '46e6424c279d59a4bd78c72d71e83229') in 0.000489 seconds
Number of updated asset objects reloaded before import = 0
Number of asset objects unloaded after import = 0
========================================================================
Received Import Request.
  Time since last request: 0.012117 seconds.
  path: Assets/npc_casual_set_00/Textures/npc_hmn_body_01m_01_01_m.tif
  artifactKey: Guid(5318d4e633efc354383bdee78243d714) Importer(815301076,1909f56bfc062723c751e8b465ee728b)
Start importing Assets/npc_casual_set_00/Textures/npc_hmn_body_01m_01_01_m.tif using Guid(5318d4e633efc354383bdee78243d714) Importer(815301076,1909f56bfc062723c751e8b465ee728b) [PhysX] Initialized MultithreadedTaskDispatcher with 18 workers.
[PhysX] Initialized MultithreadedTaskDispatcher with 18 workers.
 -> (artifact id: '7926377d6178d62e7f3fb4170e52335a') in 0.009620 seconds
Number of updated asset objects reloaded before import = 0
Number of asset objects unloaded after import = 2
========================================================================
Received Import Request.
  Time since last request: 0.010661 seconds.
  path: Assets/npc_casual_set_00/Mesh/Mesh_Parts/npc_hmn_01f_lowerbody3.fbx
  artifactKey: Guid(963f89164fa63b643813ea91382caabe) Importer(815301076,1909f56bfc062723c751e8b465ee728b)
Start importing Assets/npc_casual_set_00/Mesh/Mesh_Parts/npc_hmn_01f_lowerbody3.fbx using Guid(963f89164fa63b643813ea91382caabe) Importer(815301076,1909f56bfc062723c751e8b465ee728b) [PhysX] Initialized MultithreadedTaskDispatcher with 18 workers.
[PhysX] Initialized MultithreadedTaskDispatcher with 18 workers.
[PhysX] Initialized MultithreadedTaskDispatcher with 18 workers.
[PhysX] Initialized MultithreadedTaskDispatcher with 18 workers.
[PhysX] Initialized MultithreadedTaskDispatcher with 18 workers.
[PhysX] Initialized MultithreadedTaskDispatcher with 18 workers.
[PhysX] Initialized MultithreadedTaskDispatcher with 18 workers.
[PhysX] Initialized MultithreadedTaskDispatcher with 18 workers.
[PhysX] Initialized MultithreadedTaskDispatcher with 18 workers.
[PhysX] Initialized MultithreadedTaskDispatcher with 18 workers.
[PhysX] Initialized MultithreadedTaskDispatcher with 18 workers.
[PhysX] Initialized MultithreadedTaskDispatcher with 18 workers.
 -> (artifact id: '7da8548699b3cfc161e9038826cfbdbc') in 0.094021 seconds
Number of updated asset objects reloaded before import = 0
Number of asset objects unloaded after import = 149
========================================================================
Received Import Request.
  Time since last request: 0.005385 seconds.
  path: Assets/npc_casual_set_00/Mesh/Mesh_Parts/npc_hmn_01f_upperbody3.fbx
  artifactKey: Guid(b80fa321e8327bd408fc7d571ba05c3a) Importer(815301076,1909f56bfc062723c751e8b465ee728b)
Start importing Assets/npc_casual_set_00/Mesh/Mesh_Parts/npc_hmn_01f_upperbody3.fbx using Guid(b80fa321e8327bd408fc7d571ba05c3a) Importer(815301076,1909f56bfc062723c751e8b465ee728b) [PhysX] Initialized MultithreadedTaskDispatcher with 18 workers.
[PhysX] Initialized MultithreadedTaskDispatcher with 18 workers.
[PhysX] Initialized MultithreadedTaskDispatcher with 18 workers.
[PhysX] Initialized MultithreadedTaskDispatcher with 18 workers.
[PhysX] Initialized MultithreadedTaskDispatcher with 18 workers.
[PhysX] Initialized MultithreadedTaskDispatcher with 18 workers.
[PhysX] Initialized MultithreadedTaskDispatcher with 18 workers.
[PhysX] Initialized MultithreadedTaskDispatcher with 18 workers.
[PhysX] Initialized MultithreadedTaskDispatcher with 18 workers.
[PhysX] Initialized MultithreadedTaskDispatcher with 18 workers.
[PhysX] Initialized MultithreadedTaskDispatcher with 18 workers.
[PhysX] Initialized MultithreadedTaskDispatcher with 18 workers.
 -> (artifact id: '3d7d204b5c545b227c22d65029a46dba') in 0.087115 seconds
Number of updated asset objects reloaded before import = 0
Number of asset objects unloaded after import = 154
========================================================================
Received Import Request.
  Time since last request: 0.032304 seconds.
  path: Assets/npc_casual_set_00/Mesh/npc_haircut_c_01.fbx
  artifactKey: Guid(6557d655a9330134a90a21ea4f272d76) Importer(815301076,1909f56bfc062723c751e8b465ee728b)
Start importing Assets/npc_casual_set_00/Mesh/npc_haircut_c_01.fbx using Guid(6557d655a9330134a90a21ea4f272d76) Importer(815301076,1909f56bfc062723c751e8b465ee728b) [PhysX] Initialized MultithreadedTaskDispatcher with 18 workers.
[PhysX] Initialized MultithreadedTaskDispatcher with 18 workers.
[PhysX] Initialized MultithreadedTaskDispatcher with 18 workers.
[PhysX] Initialized MultithreadedTaskDispatcher with 18 workers.
[PhysX] Initialized MultithreadedTaskDispatcher with 18 workers.
[PhysX] Initialized MultithreadedTaskDispatcher with 18 workers.
[PhysX] Initialized MultithreadedTaskDispatcher with 18 workers.
[PhysX] Initialized MultithreadedTaskDispatcher with 18 workers.
[PhysX] Initialized MultithreadedTaskDispatcher with 18 workers.
[PhysX] Initialized MultithreadedTaskDispatcher with 18 workers.
[PhysX] Initialized MultithreadedTaskDispatcher with 18 workers.
[PhysX] Initialized MultithreadedTaskDispatcher with 18 workers.
 -> (artifact id: 'a6c6986712e0a904b26a6bebb0b87540') in 0.078053 seconds
Number of updated asset objects reloaded before import = 0
Number of asset objects unloaded after import = 145
========================================================================
Received Import Request.
  Time since last request: 0.010000 seconds.
  path: Assets/npc_casual_set_00/Textures/npc_hmn_face_01m_01_01_c.tif
  artifactKey: Guid(dd60e79af5639a6419d1788edef2c78f) Importer(815301076,1909f56bfc062723c751e8b465ee728b)
Start importing Assets/npc_casual_set_00/Textures/npc_hmn_face_01m_01_01_c.tif using Guid(dd60e79af5639a6419d1788edef2c78f) Importer(815301076,1909f56bfc062723c751e8b465ee728b) [PhysX] Initialized MultithreadedTaskDispatcher with 18 workers.
[PhysX] Initialized MultithreadedTaskDispatcher with 18 workers.
 -> (artifact id: 'bdec43af6b6b4709c16f1cfc0d9f9ed7') in 0.025215 seconds
Number of updated asset objects reloaded before import = 0
Number of asset objects unloaded after import = 2
========================================================================
Received Import Request.
  Time since last request: 0.004172 seconds.
  path: Assets/nappin/OfficeEssentialsPack/Prefabs/(Prb)SingleBed.prefab
  artifactKey: Guid(1cc7753ad8e096d4c8b059687625cdfa) Importer(815301076,1909f56bfc062723c751e8b465ee728b)
Start importing Assets/nappin/OfficeEssentialsPack/Prefabs/(Prb)SingleBed.prefab using Guid(1cc7753ad8e096d4c8b059687625cdfa) Importer(815301076,1909f56bfc062723c751e8b465ee728b) [PhysX] Initialized MultithreadedTaskDispatcher with 18 workers.
[PhysX] Initialized MultithreadedTaskDispatcher with 18 workers.
 -> (artifact id: '7bb4e2e0c471160ca8d175f0bde71a6c') in 0.040136 seconds
Number of updated asset objects reloaded before import = 0
Number of asset objects unloaded after import = 59
========================================================================
Received Import Request.
  Time since last request: 0.012219 seconds.
  path: Assets/npc_casual_set_00/Prefabs/npc_csl_shirtopenrolled_00m_01_02.prefab
  artifactKey: Guid(fd2fbe6df2866274ea11cbb31446e614) Importer(815301076,1909f56bfc062723c751e8b465ee728b)
Start importing Assets/npc_casual_set_00/Prefabs/npc_csl_shirtopenrolled_00m_01_02.prefab using Guid(fd2fbe6df2866274ea11cbb31446e614) Importer(815301076,1909f56bfc062723c751e8b465ee728b) [PhysX] Initialized MultithreadedTaskDispatcher with 18 workers.
[PhysX] Initialized MultithreadedTaskDispatcher with 18 workers.
 -> (artifact id: '3cfe03a03cde522802eb6f0cd94e4572') in 0.035393 seconds
Number of updated asset objects reloaded before import = 0
Number of asset objects unloaded after import = 291
========================================================================
Received Import Request.
  Time since last request: 0.002505 seconds.
  path: Assets/npc_casual_set_00/Prefabs/Prefabs_Parts/npc_hmn_01m_arms2.prefab
  artifactKey: Guid(609a91458841e284289709fcd83716e9) Importer(815301076,1909f56bfc062723c751e8b465ee728b)
Start importing Assets/npc_casual_set_00/Prefabs/Prefabs_Parts/npc_hmn_01m_arms2.prefab using Guid(609a91458841e284289709fcd83716e9) Importer(815301076,1909f56bfc062723c751e8b465ee728b) [PhysX] Initialized MultithreadedTaskDispatcher with 18 workers.
[PhysX] Initialized MultithreadedTaskDispatcher with 18 workers.
 -> (artifact id: 'b062977ba15645f10ddb8999bd669336') in 0.036673 seconds
Number of updated asset objects reloaded before import = 0
Number of asset objects unloaded after import = 289
========================================================================
Received Import Request.
  Time since last request: 0.009883 seconds.
  path: Assets/npc_casual_set_00/Textures/npc_hmn_face_01f_02_01_n.tif
  artifactKey: Guid(c2464b8cafb769648b515529b7109892) Importer(815301076,1909f56bfc062723c751e8b465ee728b)
Start importing Assets/npc_casual_set_00/Textures/npc_hmn_face_01f_02_01_n.tif using Guid(c2464b8cafb769648b515529b7109892) Importer(815301076,1909f56bfc062723c751e8b465ee728b) [PhysX] Initialized MultithreadedTaskDispatcher with 18 workers.
[PhysX] Initialized MultithreadedTaskDispatcher with 18 workers.
 -> (artifact id: 'db3a00f5e23e6778287cb94b79efdb2b') in 0.025917 seconds
Number of updated asset objects reloaded before import = 0
Number of asset objects unloaded after import = 2
========================================================================
Received Import Request.
  Time since last request: 0.038574 seconds.
  path: Assets/npc_casual_set_00/Textures/npc_hmn_face_01m_05_01_o.tif
  artifactKey: Guid(f54ca2dff1e418d4f919cb553e0e7b75) Importer(815301076,1909f56bfc062723c751e8b465ee728b)
Start importing Assets/npc_casual_set_00/Textures/npc_hmn_face_01m_05_01_o.tif using Guid(f54ca2dff1e418d4f919cb553e0e7b75) Importer(815301076,1909f56bfc062723c751e8b465ee728b) [PhysX] Initialized MultithreadedTaskDispatcher with 18 workers.
[PhysX] Initialized MultithreadedTaskDispatcher with 18 workers.
 -> (artifact id: 'a5ca34846ffa9cadfa351dc32d73f924') in 0.022930 seconds
Number of updated asset objects reloaded before import = 0
Number of asset objects unloaded after import = 2
========================================================================
Received Import Request.
  Time since last request: 0.003291 seconds.
  path: Assets/npc_casual_set_00/Prefabs/Prefabs_Parts/npc_hmn_01f_arms2.prefab
  artifactKey: Guid(7664ba4cf5ccb8a4fbe06043eb43c3a9) Importer(815301076,1909f56bfc062723c751e8b465ee728b)
Start importing Assets/npc_casual_set_00/Prefabs/Prefabs_Parts/npc_hmn_01f_arms2.prefab using Guid(7664ba4cf5ccb8a4fbe06043eb43c3a9) Importer(815301076,1909f56bfc062723c751e8b465ee728b) [PhysX] Initialized MultithreadedTaskDispatcher with 18 workers.
[PhysX] Initialized MultithreadedTaskDispatcher with 18 workers.
 -> (artifact id: '275c1f9c52202b3f1aa3bc067acf0b2c') in 0.036295 seconds
Number of updated asset objects reloaded before import = 0
Number of asset objects unloaded after import = 289
========================================================================
Received Import Request.
  Time since last request: 0.005093 seconds.
  path: Assets/npc_casual_set_00/Mesh/Mesh_Parts/npc_hmn_01m_torso1.fbx
  artifactKey: Guid(f158f80d476896043aae58550576d463) Importer(815301076,1909f56bfc062723c751e8b465ee728b)
Start importing Assets/npc_casual_set_00/Mesh/Mesh_Parts/npc_hmn_01m_torso1.fbx using Guid(f158f80d476896043aae58550576d463) Importer(815301076,1909f56bfc062723c751e8b465ee728b) [PhysX] Initialized MultithreadedTaskDispatcher with 18 workers.
[PhysX] Initialized MultithreadedTaskDispatcher with 18 workers.
[PhysX] Initialized MultithreadedTaskDispatcher with 18 workers.
[PhysX] Initialized MultithreadedTaskDispatcher with 18 workers.
[PhysX] Initialized MultithreadedTaskDispatcher with 18 workers.
[PhysX] Initialized MultithreadedTaskDispatcher with 18 workers.
[PhysX] Initialized MultithreadedTaskDispatcher with 18 workers.
[PhysX] Initialized MultithreadedTaskDispatcher with 18 workers.
[PhysX] Initialized MultithreadedTaskDispatcher with 18 workers.
[PhysX] Initialized MultithreadedTaskDispatcher with 18 workers.
[PhysX] Initialized MultithreadedTaskDispatcher with 18 workers.
[PhysX] Initialized MultithreadedTaskDispatcher with 18 workers.
 -> (artifact id: '031fd9be04fdffd8324ae97870e804db') in 0.085509 seconds
Number of updated asset objects reloaded before import = 0
Number of asset objects unloaded after import = 149
========================================================================
Received Import Request.
  Time since last request: 0.006287 seconds.
  path: Assets/npc_casual_set_00/Prefabs/Prefabs_Parts/npc_csl_shirtopenrolled_00f_torso.prefab
  artifactKey: Guid(ad02c73362510f54f9f44fad5a08d832) Importer(815301076,1909f56bfc062723c751e8b465ee728b)
Start importing Assets/npc_casual_set_00/Prefabs/Prefabs_Parts/npc_csl_shirtopenrolled_00f_torso.prefab using Guid(ad02c73362510f54f9f44fad5a08d832) Importer(815301076,1909f56bfc062723c751e8b465ee728b) [PhysX] Initialized MultithreadedTaskDispatcher with 18 workers.
[PhysX] Initialized MultithreadedTaskDispatcher with 18 workers.
 -> (artifact id: '1c4b2d4d600d2e759c8e57d1583e9a13') in 0.031720 seconds
Number of updated asset objects reloaded before import = 0
Number of asset objects unloaded after import = 289
========================================================================
Received Import Request.
  Time since last request: 0.007859 seconds.
  path: Assets/npc_casual_set_00/Prefabs/Prefabs_Parts/npc_hmn_01m_parts.prefab
  artifactKey: Guid(acb4144492eeb3947936336874ceb7bc) Importer(815301076,1909f56bfc062723c751e8b465ee728b)
Start importing Assets/npc_casual_set_00/Prefabs/Prefabs_Parts/npc_hmn_01m_parts.prefab using Guid(acb4144492eeb3947936336874ceb7bc) Importer(815301076,1909f56bfc062723c751e8b465ee728b) [PhysX] Initialized MultithreadedTaskDispatcher with 18 workers.
[PhysX] Initialized MultithreadedTaskDispatcher with 18 workers.
 -> (artifact id: '3948d8b9ecc19c4367be7e8ccdb42bde') in 0.081764 seconds
Number of updated asset objects reloaded before import = 0
Number of asset objects unloaded after import = 1763
========================================================================
Received Import Request.
  Time since last request: 0.000031 seconds.
  path: Assets/HorrorPuzzleItems/Valve/Icons
  artifactKey: Guid(fc46929268819e642857f60714a49994) Importer(815301076,1909f56bfc062723c751e8b465ee728b)
Start importing Assets/HorrorPuzzleItems/Valve/Icons using Guid(fc46929268819e642857f60714a49994) Importer(815301076,1909f56bfc062723c751e8b465ee728b) [PhysX] Initialized MultithreadedTaskDispatcher with 18 workers.
 -> (artifact id: '42c6e0d1c21b64a422d2ce29fa95462e') in 0.002343 seconds
Number of updated asset objects reloaded before import = 0
Number of asset objects unloaded after import = 0
========================================================================
Received Import Request.
  Time since last request: 0.002799 seconds.
  path: Assets/nappin/OfficeEssentialsPack/Prefabs/(Prb)DoubleBed.prefab
  artifactKey: Guid(2223fa9f01f9e4745bcd93ad2fd7f5cd) Importer(815301076,1909f56bfc062723c751e8b465ee728b)
Start importing Assets/nappin/OfficeEssentialsPack/Prefabs/(Prb)DoubleBed.prefab using Guid(2223fa9f01f9e4745bcd93ad2fd7f5cd) Importer(815301076,1909f56bfc062723c751e8b465ee728b) [PhysX] Initialized MultithreadedTaskDispatcher with 18 workers.
[PhysX] Initialized MultithreadedTaskDispatcher with 18 workers.
 -> (artifact id: 'b1403cd4dbacdea64e1bac91b5225509') in 0.043646 seconds
Number of updated asset objects reloaded before import = 0
Number of asset objects unloaded after import = 63
========================================================================
Received Import Request.
  Time since last request: 0.003156 seconds.
  path: Assets/npc_casual_set_00/Prefabs/Prefabs_Parts/npc_hmn_01f_fingers2.prefab
  artifactKey: Guid(f9bc0da6043e6d246a5d5574be42775b) Importer(815301076,1909f56bfc062723c751e8b465ee728b)
Start importing Assets/npc_casual_set_00/Prefabs/Prefabs_Parts/npc_hmn_01f_fingers2.prefab using Guid(f9bc0da6043e6d246a5d5574be42775b) Importer(815301076,1909f56bfc062723c751e8b465ee728b) [PhysX] Initialized MultithreadedTaskDispatcher with 18 workers.
[PhysX] Initialized MultithreadedTaskDispatcher with 18 workers.
 -> (artifact id: '78b0731d612f628550a45ab4407b4413') in 0.037871 seconds
Number of updated asset objects reloaded before import = 0
Number of asset objects unloaded after import = 281
========================================================================
Received Import Request.
  Time since last request: 0.009188 seconds.
  path: Assets/npc_casual_set_00/Textures/npc_hmn_face_01m_05_01_c.tif
  artifactKey: Guid(93d957030c3ca944298c5b35b21b367f) Importer(815301076,1909f56bfc062723c751e8b465ee728b)
Start importing Assets/npc_casual_set_00/Textures/npc_hmn_face_01m_05_01_c.tif using Guid(93d957030c3ca944298c5b35b21b367f) Importer(815301076,1909f56bfc062723c751e8b465ee728b) [PhysX] Initialized MultithreadedTaskDispatcher with 18 workers.
[PhysX] Initialized MultithreadedTaskDispatcher with 18 workers.
 -> (artifact id: '69a068c09e4e6332fcd3d534f014a7b2') in 0.023796 seconds
Number of updated asset objects reloaded before import = 0
Number of asset objects unloaded after import = 2
========================================================================
Received Import Request.
  Time since last request: 0.014270 seconds.
  path: Assets/npc_casual_set_00/Mesh/Mesh_Parts/npc_hmn_01f_parts.fbx
  artifactKey: Guid(359497813aa7a4c4aae41f7dc0f2ce2f) Importer(815301076,1909f56bfc062723c751e8b465ee728b)
Start importing Assets/npc_casual_set_00/Mesh/Mesh_Parts/npc_hmn_01f_parts.fbx using Guid(359497813aa7a4c4aae41f7dc0f2ce2f) Importer(815301076,1909f56bfc062723c751e8b465ee728b) [PhysX] Initialized MultithreadedTaskDispatcher with 18 workers.
[PhysX] Initialized MultithreadedTaskDispatcher with 18 workers.
[PhysX] Initialized MultithreadedTaskDispatcher with 18 workers.
[PhysX] Initialized MultithreadedTaskDispatcher with 18 workers.
[PhysX] Initialized MultithreadedTaskDispatcher with 18 workers.
[PhysX] Initialized MultithreadedTaskDispatcher with 18 workers.
[PhysX] Initialized MultithreadedTaskDispatcher with 18 workers.
[PhysX] Initialized MultithreadedTaskDispatcher with 18 workers.
[PhysX] Initialized MultithreadedTaskDispatcher with 18 workers.
[PhysX] Initialized MultithreadedTaskDispatcher with 18 workers.
[PhysX] Initialized MultithreadedTaskDispatcher with 18 workers.
[PhysX] Initialized MultithreadedTaskDispatcher with 18 workers.
[PhysX] Initialized MultithreadedTaskDispatcher with 18 workers.
[PhysX] Initialized MultithreadedTaskDispatcher with 18 workers.
[PhysX] Initialized MultithreadedTaskDispatcher with 18 workers.
[PhysX] Initialized MultithreadedTaskDispatcher with 18 workers.
[PhysX] Initialized MultithreadedTaskDispatcher with 18 workers.
[PhysX] Initialized MultithreadedTaskDispatcher with 18 workers.
[PhysX] Initialized MultithreadedTaskDispatcher with 18 workers.
[PhysX] Initialized MultithreadedTaskDispatcher with 18 workers.
[PhysX] Initialized MultithreadedTaskDispatcher with 18 workers.
[PhysX] Initialized MultithreadedTaskDispatcher with 18 workers.
[PhysX] Initialized MultithreadedTaskDispatcher with 18 workers.
[PhysX] Initialized MultithreadedTaskDispatcher with 18 workers.
[PhysX] Initialized MultithreadedTaskDispatcher with 18 workers.
[PhysX] Initialized MultithreadedTaskDispatcher with 18 workers.
[PhysX] Initialized MultithreadedTaskDispatcher with 18 workers.
[PhysX] Initialized MultithreadedTaskDispatcher with 18 workers.
[PhysX] Initialized MultithreadedTaskDispatcher with 18 workers.
[PhysX] Initialized MultithreadedTaskDispatcher with 18 workers.
[PhysX] Initialized MultithreadedTaskDispatcher with 18 workers.
[PhysX] Initialized MultithreadedTaskDispatcher with 18 workers.
[PhysX] Initialized MultithreadedTaskDispatcher with 18 workers.
[PhysX] Initialized MultithreadedTaskDispatcher with 18 workers.
[PhysX] Initialized MultithreadedTaskDispatcher with 18 workers.
[PhysX] Initialized MultithreadedTaskDispatcher with 18 workers.
[PhysX] Initialized MultithreadedTaskDispatcher with 18 workers.
[PhysX] Initialized MultithreadedTaskDispatcher with 18 workers.
[PhysX] Initialized MultithreadedTaskDispatcher with 18 workers.
[PhysX] Initialized MultithreadedTaskDispatcher with 18 workers.
[PhysX] Initialized MultithreadedTaskDispatcher with 18 workers.
[PhysX] Initialized MultithreadedTaskDispatcher with 18 workers.
[PhysX] Initialized MultithreadedTaskDispatcher with 18 workers.
[PhysX] Initialized MultithreadedTaskDispatcher with 18 workers.
[PhysX] Initialized MultithreadedTaskDispatcher with 18 workers.
[PhysX] Initialized MultithreadedTaskDispatcher with 18 workers.
[PhysX] Initialized MultithreadedTaskDispatcher with 18 workers.
[PhysX] Initialized MultithreadedTaskDispatcher with 18 workers.
[PhysX] Initialized MultithreadedTaskDispatcher with 18 workers.
[PhysX] Initialized MultithreadedTaskDispatcher with 18 workers.
[PhysX] Initialized MultithreadedTaskDispatcher with 18 workers.
[PhysX] Initialized MultithreadedTaskDispatcher with 18 workers.
[PhysX] Initialized MultithreadedTaskDispatcher with 18 workers.
[PhysX] Initialized MultithreadedTaskDispatcher with 18 workers.
[PhysX] Initialized MultithreadedTaskDispatcher with 18 workers.
[PhysX] Initialized MultithreadedTaskDispatcher with 18 workers.
[PhysX] Initialized MultithreadedTaskDispatcher with 18 workers.
[PhysX] Initialized MultithreadedTaskDispatcher with 18 workers.
[PhysX] Initialized MultithreadedTaskDispatcher with 18 workers.
[PhysX] Initialized MultithreadedTaskDispatcher with 18 workers.
[PhysX] Initialized MultithreadedTaskDispatcher with 18 workers.
[PhysX] Initialized MultithreadedTaskDispatcher with 18 workers.
[PhysX] Initialized MultithreadedTaskDispatcher with 18 workers.
[PhysX] Initialized MultithreadedTaskDispatcher with 18 workers.
[PhysX] Initialized MultithreadedTaskDispatcher with 18 workers.
[PhysX] Initialized MultithreadedTaskDispatcher with 18 workers.
[PhysX] Initialized MultithreadedTaskDispatcher with 18 workers.
[PhysX] Initialized MultithreadedTaskDispatcher with 18 workers.
[PhysX] Initialized MultithreadedTaskDispatcher with 18 workers.
[PhysX] Initialized MultithreadedTaskDispatcher with 18 workers.
[PhysX] Initialized MultithreadedTaskDispatcher with 18 workers.
[PhysX] Initialized MultithreadedTaskDispatcher with 18 workers.
[PhysX] Initialized MultithreadedTaskDispatcher with 18 workers.
[PhysX] Initialized MultithreadedTaskDispatcher with 18 workers.
[PhysX] Initialized MultithreadedTaskDispatcher with 18 workers.
[PhysX] Initialized MultithreadedTaskDispatcher with 18 workers.
[PhysX] Initialized MultithreadedTaskDispatcher with 18 workers.
[PhysX] Initialized MultithreadedTaskDispatcher with 18 workers.
[PhysX] Initialized MultithreadedTaskDispatcher with 18 workers.
[PhysX] Initialized MultithreadedTaskDispatcher with 18 workers.
[PhysX] Initialized MultithreadedTaskDispatcher with 18 workers.
[PhysX] Initialized MultithreadedTaskDispatcher with 18 workers.
[PhysX] Initialized MultithreadedTaskDispatcher with 18 workers.
[PhysX] Initialized MultithreadedTaskDispatcher with 18 workers.
[PhysX] Initialized MultithreadedTaskDispatcher with 18 workers.
[PhysX] Initialized MultithreadedTaskDispatcher with 18 workers.
[PhysX] Initialized MultithreadedTaskDispatcher with 18 workers.
[PhysX] Initialized MultithreadedTaskDispatcher with 18 workers.
[PhysX] Initialized MultithreadedTaskDispatcher with 18 workers.
[PhysX] Initialized MultithreadedTaskDispatcher with 18 workers.
[PhysX] Initialized MultithreadedTaskDispatcher with 18 workers.
[PhysX] Initialized MultithreadedTaskDispatcher with 18 workers.
[PhysX] Initialized MultithreadedTaskDispatcher with 18 workers.
[PhysX] Initialized MultithreadedTaskDispatcher with 18 workers.
[PhysX] Initialized MultithreadedTaskDispatcher with 18 workers.
[PhysX] Initialized MultithreadedTaskDispatcher with 18 workers.
[PhysX] Initialized MultithreadedTaskDispatcher with 18 workers.
[PhysX] Initialized MultithreadedTaskDispatcher with 18 workers.
[PhysX] Initialized MultithreadedTaskDispatcher with 18 workers.
[PhysX] Initialized MultithreadedTaskDispatcher with 18 workers.
[PhysX] Initialized MultithreadedTaskDispatcher with 18 workers.
[PhysX] Initialized MultithreadedTaskDispatcher with 18 workers.
[PhysX] Initialized MultithreadedTaskDispatcher with 18 workers.
[PhysX] Initialized MultithreadedTaskDispatcher with 18 workers.
[PhysX] Initialized MultithreadedTaskDispatcher with 18 workers.
[PhysX] Initialized MultithreadedTaskDispatcher with 18 workers.
[PhysX] Initialized MultithreadedTaskDispatcher with 18 workers.
[PhysX] Initialized MultithreadedTaskDispatcher with 18 workers.
[PhysX] Initialized MultithreadedTaskDispatcher with 18 workers.
[PhysX] Initialized MultithreadedTaskDispatcher with 18 workers.
[PhysX] Initialized MultithreadedTaskDispatcher with 18 workers.
[PhysX] Initialized MultithreadedTaskDispatcher with 18 workers.
[PhysX] Initialized MultithreadedTaskDispatcher with 18 workers.
[PhysX] Initialized MultithreadedTaskDispatcher with 18 workers.
[PhysX] Initialized MultithreadedTaskDispatcher with 18 workers.
[PhysX] Initialized MultithreadedTaskDispatcher with 18 workers.
[PhysX] Initialized MultithreadedTaskDispatcher with 18 workers.
[PhysX] Initialized MultithreadedTaskDispatcher with 18 workers.
[PhysX] Initialized MultithreadedTaskDispatcher with 18 workers.
[PhysX] Initialized MultithreadedTaskDispatcher with 18 workers.
[PhysX] Initialized MultithreadedTaskDispatcher with 18 workers.
[PhysX] Initialized MultithreadedTaskDispatcher with 18 workers.
[PhysX] Initialized MultithreadedTaskDispatcher with 18 workers.
[PhysX] Initialized MultithreadedTaskDispatcher with 18 workers.
[PhysX] Initialized MultithreadedTaskDispatcher with 18 workers.
[PhysX] Initialized MultithreadedTaskDispatcher with 18 workers.
[PhysX] Initialized MultithreadedTaskDispatcher with 18 workers.
[PhysX] Initialized MultithreadedTaskDispatcher with 18 workers.
[PhysX] Initialized MultithreadedTaskDispatcher with 18 workers.
[PhysX] Initialized MultithreadedTaskDispatcher with 18 workers.
[PhysX] Initialized MultithreadedTaskDispatcher with 18 workers.
[PhysX] Initialized MultithreadedTaskDispatcher with 18 workers.
[PhysX] Initialized MultithreadedTaskDispatcher with 18 workers.
[PhysX] Initialized MultithreadedTaskDispatcher with 18 workers.
[PhysX] Initialized MultithreadedTaskDispatcher with 18 workers.
[PhysX] Initialized MultithreadedTaskDispatcher with 18 workers.
[PhysX] Initialized MultithreadedTaskDispatcher with 18 workers.
[PhysX] Initialized MultithreadedTaskDispatcher with 18 workers.
[PhysX] Initialized MultithreadedTaskDispatcher with 18 workers.
[PhysX] Initialized MultithreadedTaskDispatcher with 18 workers.
[PhysX] Initialized MultithreadedTaskDispatcher with 18 workers.
[PhysX] Initialized MultithreadedTaskDispatcher with 18 workers.
[PhysX] Initialized MultithreadedTaskDispatcher with 18 workers.
[PhysX] Initialized MultithreadedTaskDispatcher with 18 workers.
[PhysX] Initialized MultithreadedTaskDispatcher with 18 workers.
[PhysX] Initialized MultithreadedTaskDispatcher with 18 workers.
[PhysX] Initialized MultithreadedTaskDispatcher with 18 workers.
[PhysX] Initialized MultithreadedTaskDispatcher with 18 workers.
[PhysX] Initialized MultithreadedTaskDispatcher with 18 workers.
[PhysX] Initialized MultithreadedTaskDispatcher with 18 workers.
[PhysX] Initialized MultithreadedTaskDispatcher with 18 workers.
[PhysX] Initialized MultithreadedTaskDispatcher with 18 workers.
[PhysX] Initialized MultithreadedTaskDispatcher with 18 workers.
[PhysX] Initialized MultithreadedTaskDispatcher with 18 workers.
[PhysX] Initialized MultithreadedTaskDispatcher with 18 workers.
[PhysX] Initialized MultithreadedTaskDispatcher with 18 workers.
[PhysX] Initialized MultithreadedTaskDispatcher with 18 workers.
[PhysX] Initialized MultithreadedTaskDispatcher with 18 workers.
[PhysX] Initialized MultithreadedTaskDispatcher with 18 workers.
[PhysX] Initialized MultithreadedTaskDispatcher with 18 workers.
[PhysX] Initialized MultithreadedTaskDispatcher with 18 workers.
[PhysX] Initialized MultithreadedTaskDispatcher with 18 workers.
[PhysX] Initialized MultithreadedTaskDispatcher with 18 workers.
[PhysX] Initialized MultithreadedTaskDispatcher with 18 workers.
[PhysX] Initialized MultithreadedTaskDispatcher with 18 workers.
[PhysX] Initialized MultithreadedTaskDispatcher with 18 workers.
[PhysX] Initialized MultithreadedTaskDispatcher with 18 workers.
[PhysX] Initialized MultithreadedTaskDispatcher with 18 workers.
[PhysX] Initialized MultithreadedTaskDispatcher with 18 workers.
[PhysX] Initialized MultithreadedTaskDispatcher with 18 workers.
[PhysX] Initialized MultithreadedTaskDispatcher with 18 workers.
[PhysX] Initialized MultithreadedTaskDispatcher with 18 workers.
[PhysX] Initialized MultithreadedTaskDispatcher with 18 workers.
[PhysX] Initialized MultithreadedTaskDispatcher with 18 workers.
[PhysX] Initialized MultithreadedTaskDispatcher with 18 workers.
[PhysX] Initialized MultithreadedTaskDispatcher with 18 workers.
[PhysX] Initialized MultithreadedTaskDispatcher with 18 workers.
[PhysX] Initialized MultithreadedTaskDispatcher with 18 workers.
[PhysX] Initialized MultithreadedTaskDispatcher with 18 workers.
[PhysX] Initialized MultithreadedTaskDispatcher with 18 workers.
[PhysX] Initialized MultithreadedTaskDispatcher with 18 workers.
[PhysX] Initialized MultithreadedTaskDispatcher with 18 workers.
[PhysX] Initialized MultithreadedTaskDispatcher with 18 workers.
[PhysX] Initialized MultithreadedTaskDispatcher with 18 workers.
[PhysX] Initialized MultithreadedTaskDispatcher with 18 workers.
[PhysX] Initialized MultithreadedTaskDispatcher with 18 workers.
[PhysX] Initialized MultithreadedTaskDispatcher with 18 workers.
[PhysX] Initialized MultithreadedTaskDispatcher with 18 workers.
[PhysX] Initialized MultithreadedTaskDispatcher with 18 workers.
[PhysX] Initialized MultithreadedTaskDispatcher with 18 workers.
[PhysX] Initialized MultithreadedTaskDispatcher with 18 workers.
[PhysX] Initialized MultithreadedTaskDispatcher with 18 workers.
[PhysX] Initialized MultithreadedTaskDispatcher with 18 workers.
[PhysX] Initialized MultithreadedTaskDispatcher with 18 workers.
[PhysX] Initialized MultithreadedTaskDispatcher with 18 workers.
[PhysX] Initialized MultithreadedTaskDispatcher with 18 workers.
[PhysX] Initialized MultithreadedTaskDispatcher with 18 workers.
[PhysX] Initialized MultithreadedTaskDispatcher with 18 workers.
[PhysX] Initialized MultithreadedTaskDispatcher with 18 workers.
[PhysX] Initialized MultithreadedTaskDispatcher with 18 workers.
[PhysX] Initialized MultithreadedTaskDispatcher with 18 workers.
[PhysX] Initialized MultithreadedTaskDispatcher with 18 workers.
[PhysX] Initialized MultithreadedTaskDispatcher with 18 workers.
[PhysX] Initialized MultithreadedTaskDispatcher with 18 workers.
[PhysX] Initialized MultithreadedTaskDispatcher with 18 workers.
[PhysX] Initialized MultithreadedTaskDispatcher with 18 workers.
[PhysX] Initialized MultithreadedTaskDispatcher with 18 workers.
[PhysX] Initialized MultithreadedTaskDispatcher with 18 workers.
[PhysX] Initialized MultithreadedTaskDispatcher with 18 workers.
[PhysX] Initialized MultithreadedTaskDispatcher with 18 workers.
[PhysX] Initialized MultithreadedTaskDispatcher with 18 workers.
[PhysX] Initialized MultithreadedTaskDispatcher with 18 workers.
[PhysX] Initialized MultithreadedTaskDispatcher with 18 workers.
[PhysX] Initialized MultithreadedTaskDispatcher with 18 workers.
[PhysX] Initialized MultithreadedTaskDispatcher with 18 workers.
[PhysX] Initialized MultithreadedTaskDispatcher with 18 workers.
[PhysX] Initialized MultithreadedTaskDispatcher with 18 workers.
[PhysX] Initialized MultithreadedTaskDispatcher with 18 workers.
[PhysX] Initialized MultithreadedTaskDispatcher with 18 workers.
[PhysX] Initialized MultithreadedTaskDispatcher with 18 workers.
[PhysX] Initialized MultithreadedTaskDispatcher with 18 workers.
[PhysX] Initialized MultithreadedTaskDispatcher with 18 workers.
[PhysX] Initialized MultithreadedTaskDispatcher with 18 workers.
[PhysX] Initialized MultithreadedTaskDispatcher with 18 workers.
[PhysX] Initialized MultithreadedTaskDispatcher with 18 workers.
[PhysX] Initialized MultithreadedTaskDispatcher with 18 workers.
[PhysX] Initialized MultithreadedTaskDispatcher with 18 workers.
[PhysX] Initialized MultithreadedTaskDispatcher with 18 workers.
[PhysX] Initialized MultithreadedTaskDispatcher with 18 workers.
[PhysX] Initialized MultithreadedTaskDispatcher with 18 workers.
[PhysX] Initialized MultithreadedTaskDispatcher with 18 workers.
[PhysX] Initialized MultithreadedTaskDispatcher with 18 workers.
[PhysX] Initialized MultithreadedTaskDispatcher with 18 workers.
[PhysX] Initialized MultithreadedTaskDispatcher with 18 workers.
[PhysX] Initialized MultithreadedTaskDispatcher with 18 workers.
[PhysX] Initialized MultithreadedTaskDispatcher with 18 workers.
[PhysX] Initialized MultithreadedTaskDispatcher with 18 workers.
[PhysX] Initialized MultithreadedTaskDispatcher with 18 workers.
[PhysX] Initialized MultithreadedTaskDispatcher with 18 workers.
[PhysX] Initialized MultithreadedTaskDispatcher with 18 workers.
[PhysX] Initialized MultithreadedTaskDispatcher with 18 workers.
[PhysX] Initialized MultithreadedTaskDispatcher with 18 workers.
[PhysX] Initialized MultithreadedTaskDispatcher with 18 workers.
[PhysX] Initialized MultithreadedTaskDispatcher with 18 workers.
[PhysX] Initialized MultithreadedTaskDispatcher with 18 workers.
[PhysX] Initialized MultithreadedTaskDispatcher with 18 workers.
[PhysX] Initialized MultithreadedTaskDispatcher with 18 workers.
[PhysX] Initialized MultithreadedTaskDispatcher with 18 workers.
[PhysX] Initialized MultithreadedTaskDispatcher with 18 workers.
[PhysX] Initialized MultithreadedTaskDispatcher with 18 workers.
[PhysX] Initialized MultithreadedTaskDispatcher with 18 workers.
[PhysX] Initialized MultithreadedTaskDispatcher with 18 workers.
[PhysX] Initialized MultithreadedTaskDispatcher with 18 workers.
[PhysX] Initialized MultithreadedTaskDispatcher with 18 workers.
[PhysX] Initialized MultithreadedTaskDispatcher with 18 workers.
[PhysX] Initialized MultithreadedTaskDispatcher with 18 workers.
[PhysX] Initialized MultithreadedTaskDispatcher with 18 workers.
[PhysX] Initialized MultithreadedTaskDispatcher with 18 workers.
[PhysX] Initialized MultithreadedTaskDispatcher with 18 workers.
[PhysX] Initialized MultithreadedTaskDispatcher with 18 workers.
[PhysX] Initialized MultithreadedTaskDispatcher with 18 workers.
[PhysX] Initialized MultithreadedTaskDispatcher with 18 workers.
[PhysX] Initialized MultithreadedTaskDispatcher with 18 workers.
[PhysX] Initialized MultithreadedTaskDispatcher with 18 workers.
[PhysX] Initialized MultithreadedTaskDispatcher with 18 workers.
[PhysX] Initialized MultithreadedTaskDispatcher with 18 workers.
[PhysX] Initialized MultithreadedTaskDispatcher with 18 workers.
[PhysX] Initialized MultithreadedTaskDispatcher with 18 workers.
[PhysX] Initialized MultithreadedTaskDispatcher with 18 workers.
[PhysX] Initialized MultithreadedTaskDispatcher with 18 workers.
[PhysX] Initialized MultithreadedTaskDispatcher with 18 workers.
[PhysX] Initialized MultithreadedTaskDispatcher with 18 workers.
[PhysX] Initialized MultithreadedTaskDispatcher with 18 workers.
[PhysX] Initialized MultithreadedTaskDispatcher with 18 workers.
[PhysX] Initialized MultithreadedTaskDispatcher with 18 workers.
[PhysX] Initialized MultithreadedTaskDispatcher with 18 workers.
[PhysX] Initialized MultithreadedTaskDispatcher with 18 workers.
[PhysX] Initialized MultithreadedTaskDispatcher with 18 workers.
[PhysX] Initialized MultithreadedTaskDispatcher with 18 workers.
[PhysX] Initialized MultithreadedTaskDispatcher with 18 workers.
[PhysX] Initialized MultithreadedTaskDispatcher with 18 workers.
[PhysX] Initialized MultithreadedTaskDispatcher with 18 workers.
 -> (artifact id: '06b573b148ee459a0ef128314043bc18') in 1.252751 seconds
Number of updated asset objects reloaded before import = 0
Number of asset objects unloaded after import = 956
========================================================================
Received Import Request.
  Time since last request: 0.000026 seconds.
  path: Assets/HorrorPuzzleItems/Valve/Prefabs
  artifactKey: Guid(386c0967f9bad9e45a01773ee1359450) Importer(815301076,1909f56bfc062723c751e8b465ee728b)
Start importing Assets/HorrorPuzzleItems/Valve/Prefabs using Guid(386c0967f9bad9e45a01773ee1359450) Importer(815301076,1909f56bfc062723c751e8b465ee728b) [PhysX] Initialized MultithreadedTaskDispatcher with 18 workers.
 -> (artifact id: '0d9f06e922b0bc5c2a7b273c0306a9f0') in 0.003796 seconds
Number of updated asset objects reloaded before import = 0
Number of asset objects unloaded after import = 0
========================================================================
Received Import Request.
  Time since last request: 0.019072 seconds.
  path: Assets/nappin/OfficeEssentialsPack/Prefabs/(Prb)Fridge.prefab
  artifactKey: Guid(5e5be735ac697564c9d232fa4619bcf9) Importer(815301076,1909f56bfc062723c751e8b465ee728b)
Start importing Assets/nappin/OfficeEssentialsPack/Prefabs/(Prb)Fridge.prefab using Guid(5e5be735ac697564c9d232fa4619bcf9) Importer(815301076,1909f56bfc062723c751e8b465ee728b) [PhysX] Initialized MultithreadedTaskDispatcher with 18 workers.
[PhysX] Initialized MultithreadedTaskDispatcher with 18 workers.
 -> (artifact id: '901c6791c5e9c9968452b9e8d24fa95b') in 0.031111 seconds
Number of updated asset objects reloaded before import = 0
Number of asset objects unloaded after import = 29
========================================================================
Received Import Request.
  Time since last request: 0.002326 seconds.
  path: Assets/HorrorPuzzleItems/Gear/Prefabs
  artifactKey: Guid(76acfac1b8ed6914a9186bb149744a00) Importer(815301076,1909f56bfc062723c751e8b465ee728b)
Start importing Assets/HorrorPuzzleItems/Gear/Prefabs using Guid(76acfac1b8ed6914a9186bb149744a00) Importer(815301076,1909f56bfc062723c751e8b465ee728b) [PhysX] Initialized MultithreadedTaskDispatcher with 18 workers.
 -> (artifact id: '4984d725ca8282aaf3daf0c28e2f7a45') in 0.001112 seconds
Number of updated asset objects reloaded before import = 0
Number of asset objects unloaded after import = 0
========================================================================
Received Import Request.
  Time since last request: 0.002501 seconds.
  path: Assets/HorrorPuzzleItems/Card/Prefabs
  artifactKey: Guid(3a5eb894ade7be248847af61137fcfe5) Importer(815301076,1909f56bfc062723c751e8b465ee728b)
Start importing Assets/HorrorPuzzleItems/Card/Prefabs using Guid(3a5eb894ade7be248847af61137fcfe5) Importer(815301076,1909f56bfc062723c751e8b465ee728b) [PhysX] Initialized MultithreadedTaskDispatcher with 18 workers.
 -> (artifact id: '770f4500fea348b1edee752b536b08e7') in 0.000700 seconds
Number of updated asset objects reloaded before import = 0
Number of asset objects unloaded after import = 0
========================================================================
Received Import Request.
  Time since last request: 0.029101 seconds.
  path: Assets/npc_casual_set_00/Textures/npc_hmn_body_01f_01_01_c.tif
  artifactKey: Guid(4f9edeb3f0d5a7c45b4488cc174760e2) Importer(815301076,1909f56bfc062723c751e8b465ee728b)
Start importing Assets/npc_casual_set_00/Textures/npc_hmn_body_01f_01_01_c.tif using Guid(4f9edeb3f0d5a7c45b4488cc174760e2) Importer(815301076,1909f56bfc062723c751e8b465ee728b) [PhysX] Initialized MultithreadedTaskDispatcher with 18 workers.
[PhysX] Initialized MultithreadedTaskDispatcher with 18 workers.
 -> (artifact id: 'be6217be73abb021da03b7c315f52836') in 0.025388 seconds
Number of updated asset objects reloaded before import = 0
Number of asset objects unloaded after import = 2
========================================================================
Received Import Request.
  Time since last request: 0.002742 seconds.
  path: Assets/HorrorPuzzleItems/Battery/Prefabs
  artifactKey: Guid(545e1fb2913420043b24cc92b19fe62d) Importer(815301076,1909f56bfc062723c751e8b465ee728b)
Start importing Assets/HorrorPuzzleItems/Battery/Prefabs using Guid(545e1fb2913420043b24cc92b19fe62d) Importer(815301076,1909f56bfc062723c751e8b465ee728b) [PhysX] Initialized MultithreadedTaskDispatcher with 18 workers.
 -> (artifact id: 'a8423ae533016e2a98bbe17438fb700c') in 0.000556 seconds
Number of updated asset objects reloaded before import = 0
Number of asset objects unloaded after import = 0
========================================================================
Received Import Request.
  Time since last request: 0.005160 seconds.
  path: Assets/npc_casual_set_00/Textures/npc_hmn_face_01m_03_01_c.tif
  artifactKey: Guid(58f79e8f349468440842f2954bb4e644) Importer(815301076,1909f56bfc062723c751e8b465ee728b)
Start importing Assets/npc_casual_set_00/Textures/npc_hmn_face_01m_03_01_c.tif using Guid(58f79e8f349468440842f2954bb4e644) Importer(815301076,1909f56bfc062723c751e8b465ee728b) [PhysX] Initialized MultithreadedTaskDispatcher with 18 workers.
[PhysX] Initialized MultithreadedTaskDispatcher with 18 workers.
 -> (artifact id: '3d78968239070ebbcf1f4d8af9a7bec0') in 0.022257 seconds
Number of updated asset objects reloaded before import = 0
Number of asset objects unloaded after import = 2
========================================================================
Received Import Request.
  Time since last request: 0.034702 seconds.
  path: Assets/JustPlay/Сomputer devices/Objects/Phone
  artifactKey: Guid(dfbc5a630fa55324492ebcd112cb87de) Importer(815301076,1909f56bfc062723c751e8b465ee728b)
Start importing Assets/JustPlay/Сomputer devices/Objects/Phone using Guid(dfbc5a630fa55324492ebcd112cb87de) Importer(815301076,1909f56bfc062723c751e8b465ee728b) [PhysX] Initialized MultithreadedTaskDispatcher with 18 workers.
 -> (artifact id: 'd76eaa8e2bde2ef5c09a62efc8ea4077') in 0.000841 seconds
Number of updated asset objects reloaded before import = 0
Number of asset objects unloaded after import = 0
========================================================================
Received Import Request.
  Time since last request: 0.049314 seconds.
  path: Assets/JustPlay/Сomputer devices/Objects/Speakers/Textures/AO.png
  artifactKey: Guid(7129710d281c2374f9543c6a29efdb9b) Importer(815301076,1909f56bfc062723c751e8b465ee728b)
Start importing Assets/JustPlay/Сomputer devices/Objects/Speakers/Textures/AO.png using Guid(7129710d281c2374f9543c6a29efdb9b) Importer(815301076,1909f56bfc062723c751e8b465ee728b) [PhysX] Initialized MultithreadedTaskDispatcher with 18 workers.
[PhysX] Initialized MultithreadedTaskDispatcher with 18 workers.
 -> (artifact id: '41d44b66f9ea078938b31bcbd4113b07') in 0.026443 seconds
Number of updated asset objects reloaded before import = 0
Number of asset objects unloaded after import = 2
========================================================================
Received Import Request.
  Time since last request: 0.002067 seconds.
  path: Assets/HorrorPuzzleItems/USBKey
  artifactKey: Guid(173539267529667489dca3cf2f284832) Importer(815301076,1909f56bfc062723c751e8b465ee728b)
Start importing Assets/HorrorPuzzleItems/USBKey using Guid(173539267529667489dca3cf2f284832) Importer(815301076,1909f56bfc062723c751e8b465ee728b) [PhysX] Initialized MultithreadedTaskDispatcher with 18 workers.
 -> (artifact id: '8c416f14b314703b1ac9ba6fb618ec18') in 0.000507 seconds
Number of updated asset objects reloaded before import = 0
Number of asset objects unloaded after import = 0
========================================================================
Received Import Request.
  Time since last request: 0.003221 seconds.
  path: Assets/HorrorPuzzleItems/Cable/Prefabs
  artifactKey: Guid(b60178535e3b06e459e082985cb2068e) Importer(815301076,1909f56bfc062723c751e8b465ee728b)
Start importing Assets/HorrorPuzzleItems/Cable/Prefabs using Guid(b60178535e3b06e459e082985cb2068e) Importer(815301076,1909f56bfc062723c751e8b465ee728b) [PhysX] Initialized MultithreadedTaskDispatcher with 18 workers.
 -> (artifact id: 'afe1c678f378ba03646a90fd8d4af637') in 0.000629 seconds
Number of updated asset objects reloaded before import = 0
Number of asset objects unloaded after import = 0
========================================================================
Received Import Request.
  Time since last request: 0.005818 seconds.
  path: Assets/nappin/OfficeEssentialsPack/Prefabs/(Prb)Shelf1.prefab
  artifactKey: Guid(706836d784292a74097d31519e9337fa) Importer(815301076,1909f56bfc062723c751e8b465ee728b)
Start importing Assets/nappin/OfficeEssentialsPack/Prefabs/(Prb)Shelf1.prefab using Guid(706836d784292a74097d31519e9337fa) Importer(815301076,1909f56bfc062723c751e8b465ee728b) [PhysX] Initialized MultithreadedTaskDispatcher with 18 workers.
[PhysX] Initialized MultithreadedTaskDispatcher with 18 workers.
 -> (artifact id: 'fe4c2b567491343af38bdc5407e6c28f') in 0.029056 seconds
Number of updated asset objects reloaded before import = 0
Number of asset objects unloaded after import = 15
========================================================================
Received Import Request.
  Time since last request: 0.022669 seconds.
  path: Assets/nappin/OfficeEssentialsPack/Textures
  artifactKey: Guid(2a0ec94554cb3e2428234720c5b19ea5) Importer(815301076,1909f56bfc062723c751e8b465ee728b)
Start importing Assets/nappin/OfficeEssentialsPack/Textures using Guid(2a0ec94554cb3e2428234720c5b19ea5) Importer(815301076,1909f56bfc062723c751e8b465ee728b) [PhysX] Initialized MultithreadedTaskDispatcher with 18 workers.
 -> (artifact id: '6bc9021bc5a9f7450009f3d0e4f9e180') in 0.000789 seconds
Number of updated asset objects reloaded before import = 0
Number of asset objects unloaded after import = 0
========================================================================
Received Import Request.
  Time since last request: 0.003685 seconds.
  path: Assets/npc_casual_set_00/Prefabs/npc_csl_shirtopenrolled_00m_01_02bw.prefab
  artifactKey: Guid(1e08b55909493934282316169118115f) Importer(815301076,1909f56bfc062723c751e8b465ee728b)
Start importing Assets/npc_casual_set_00/Prefabs/npc_csl_shirtopenrolled_00m_01_02bw.prefab using Guid(1e08b55909493934282316169118115f) Importer(815301076,1909f56bfc062723c751e8b465ee728b) [PhysX] Initialized MultithreadedTaskDispatcher with 18 workers.
[PhysX] Initialized MultithreadedTaskDispatcher with 18 workers.
 -> (artifact id: '7f80f5eb74836aefc437f32a6551a2dd') in 0.038098 seconds
Number of updated asset objects reloaded before import = 0
Number of asset objects unloaded after import = 291
========================================================================
Received Import Request.
  Time since last request: 0.012794 seconds.
  path: Assets/npc_casual_set_00/Textures/npc_hmn_face_01f_04_01_c.tif
  artifactKey: Guid(2b40322d9db08d4458063fc1ec3d0cbc) Importer(815301076,1909f56bfc062723c751e8b465ee728b)
Start importing Assets/npc_casual_set_00/Textures/npc_hmn_face_01f_04_01_c.tif using Guid(2b40322d9db08d4458063fc1ec3d0cbc) Importer(815301076,1909f56bfc062723c751e8b465ee728b) [PhysX] Initialized MultithreadedTaskDispatcher with 18 workers.
[PhysX] Initialized MultithreadedTaskDispatcher with 18 workers.
 -> (artifact id: '9a24576a777f93771f78dc977458caf9') in 0.025921 seconds
Number of updated asset objects reloaded before import = 0
Number of asset objects unloaded after import = 2
========================================================================
Received Import Request.
  Time since last request: 0.031026 seconds.
  path: Assets/npc_casual_set_00/Textures/npc_csl_tshirt_00m_01_01_n.tif
  artifactKey: Guid(91bb9c6f30ef1ac4b9430c2f8008dcc2) Importer(815301076,1909f56bfc062723c751e8b465ee728b)
Start importing Assets/npc_casual_set_00/Textures/npc_csl_tshirt_00m_01_01_n.tif using Guid(91bb9c6f30ef1ac4b9430c2f8008dcc2) Importer(815301076,1909f56bfc062723c751e8b465ee728b) [PhysX] Initialized MultithreadedTaskDispatcher with 18 workers.
[PhysX] Initialized MultithreadedTaskDispatcher with 18 workers.
 -> (artifact id: '062050aaa85fbe7f5c7cd89af30803c3') in 0.027432 seconds
Number of updated asset objects reloaded before import = 0
Number of asset objects unloaded after import = 2
========================================================================
Received Import Request.
  Time since last request: 0.005567 seconds.
  path: Assets/npc_casual_set_00/Textures/npc_hmn_face_01f_05_01_m.tif
  artifactKey: Guid(45e7a720c21a03d4ca3e3baa466626f0) Importer(815301076,1909f56bfc062723c751e8b465ee728b)
Start importing Assets/npc_casual_set_00/Textures/npc_hmn_face_01f_05_01_m.tif using Guid(45e7a720c21a03d4ca3e3baa466626f0) Importer(815301076,1909f56bfc062723c751e8b465ee728b) [PhysX] Initialized MultithreadedTaskDispatcher with 18 workers.
[PhysX] Initialized MultithreadedTaskDispatcher with 18 workers.
 -> (artifact id: '09f9f2d38a73f7a627fbdea71cb65ee8') in 0.007345 seconds
Number of updated asset objects reloaded before import = 0
Number of asset objects unloaded after import = 2
========================================================================
Received Import Request.
  Time since last request: 0.006068 seconds.
  path: Assets/nappin/OfficeEssentialsPack/Prefabs/(Prb)Mirror2.prefab
  artifactKey: Guid(bebe37461aa0901409254caebff7ac4e) Importer(815301076,1909f56bfc062723c751e8b465ee728b)
Start importing Assets/nappin/OfficeEssentialsPack/Prefabs/(Prb)Mirror2.prefab using Guid(bebe37461aa0901409254caebff7ac4e) Importer(815301076,1909f56bfc062723c751e8b465ee728b) [PhysX] Initialized MultithreadedTaskDispatcher with 18 workers.
[PhysX] Initialized MultithreadedTaskDispatcher with 18 workers.
 -> (artifact id: '6776e39078ba65ab9094883d415d8626') in 0.027514 seconds
Number of updated asset objects reloaded before import = 0
Number of asset objects unloaded after import = 13
========================================================================
Received Import Request.
  Time since last request: 0.023428 seconds.
  path: Assets/npc_casual_set_00/Textures/npc_csl_tshirt_00m_01_03_c.tif
  artifactKey: Guid(cd349288fe57cb441be377836f5b13c7) Importer(815301076,1909f56bfc062723c751e8b465ee728b)
Start importing Assets/npc_casual_set_00/Textures/npc_csl_tshirt_00m_01_03_c.tif using Guid(cd349288fe57cb441be377836f5b13c7) Importer(815301076,1909f56bfc062723c751e8b465ee728b) [PhysX] Initialized MultithreadedTaskDispatcher with 18 workers.
[PhysX] Initialized MultithreadedTaskDispatcher with 18 workers.
 -> (artifact id: '9cfe4a2f7db295f438a5e442d7cc638c') in 0.024901 seconds
Number of updated asset objects reloaded before import = 0
Number of asset objects unloaded after import = 2
========================================================================
Received Import Request.
  Time since last request: 0.004884 seconds.
  path: Assets/npc_casual_set_00/Textures/npc_hmn_face_01f_02_01_msk.tif
  artifactKey: Guid(dba67712479c2c74fabaa7ee3125f92d) Importer(815301076,1909f56bfc062723c751e8b465ee728b)
Start importing Assets/npc_casual_set_00/Textures/npc_hmn_face_01f_02_01_msk.tif using Guid(dba67712479c2c74fabaa7ee3125f92d) Importer(815301076,1909f56bfc062723c751e8b465ee728b) [PhysX] Initialized MultithreadedTaskDispatcher with 18 workers.
[PhysX] Initialized MultithreadedTaskDispatcher with 18 workers.
 -> (artifact id: '98861230033e1204c87d15400678d481') in 0.024422 seconds
Number of updated asset objects reloaded before import = 0
Number of asset objects unloaded after import = 2
========================================================================
Received Import Request.
  Time since last request: 0.004215 seconds.
  path: Assets/npc_casual_set_00/Mesh/npc_csl_tshirt_00m.fbx
  artifactKey: Guid(e8d832121b24ea64db8b58a1d228d7da) Importer(815301076,1909f56bfc062723c751e8b465ee728b)
Start importing Assets/npc_casual_set_00/Mesh/npc_csl_tshirt_00m.fbx using Guid(e8d832121b24ea64db8b58a1d228d7da) Importer(815301076,1909f56bfc062723c751e8b465ee728b) [PhysX] Initialized MultithreadedTaskDispatcher with 18 workers.
[PhysX] Initialized MultithreadedTaskDispatcher with 18 workers.
[PhysX] Initialized MultithreadedTaskDispatcher with 18 workers.
[PhysX] Initialized MultithreadedTaskDispatcher with 18 workers.
[PhysX] Initialized MultithreadedTaskDispatcher with 18 workers.
[PhysX] Initialized MultithreadedTaskDispatcher with 18 workers.
[PhysX] Initialized MultithreadedTaskDispatcher with 18 workers.
[PhysX] Initialized MultithreadedTaskDispatcher with 18 workers.
[PhysX] Initialized MultithreadedTaskDispatcher with 18 workers.
[PhysX] Initialized MultithreadedTaskDispatcher with 18 workers.
[PhysX] Initialized MultithreadedTaskDispatcher with 18 workers.
[PhysX] Initialized MultithreadedTaskDispatcher with 18 workers.
 -> (artifact id: '2e1107d97defaf0371275ecc2358946b') in 0.085460 seconds
Number of updated asset objects reloaded before import = 0
Number of asset objects unloaded after import = 149
========================================================================
Received Import Request.
  Time since last request: 0.003824 seconds.
  path: Assets/npc_casual_set_00/Mesh/Mesh_Parts/npc_hmn_01m_arms1.fbx
  artifactKey: Guid(c19d7b18254c9fe4f9bd5921c690326c) Importer(815301076,1909f56bfc062723c751e8b465ee728b)
Start importing Assets/npc_casual_set_00/Mesh/Mesh_Parts/npc_hmn_01m_arms1.fbx using Guid(c19d7b18254c9fe4f9bd5921c690326c) Importer(815301076,1909f56bfc062723c751e8b465ee728b) [PhysX] Initialized MultithreadedTaskDispatcher with 18 workers.
[PhysX] Initialized MultithreadedTaskDispatcher with 18 workers.
[PhysX] Initialized MultithreadedTaskDispatcher with 18 workers.
[PhysX] Initialized MultithreadedTaskDispatcher with 18 workers.
[PhysX] Initialized MultithreadedTaskDispatcher with 18 workers.
[PhysX] Initialized MultithreadedTaskDispatcher with 18 workers.
[PhysX] Initialized MultithreadedTaskDispatcher with 18 workers.
[PhysX] Initialized MultithreadedTaskDispatcher with 18 workers.
[PhysX] Initialized MultithreadedTaskDispatcher with 18 workers.
[PhysX] Initialized MultithreadedTaskDispatcher with 18 workers.
[PhysX] Initialized MultithreadedTaskDispatcher with 18 workers.
[PhysX] Initialized MultithreadedTaskDispatcher with 18 workers.
 -> (artifact id: '34f9cf48b263fd53ac2ff35fd3f52aa7') in 0.077887 seconds
Number of updated asset objects reloaded before import = 0
Number of asset objects unloaded after import = 149
========================================================================
Received Import Request.
  Time since last request: 0.043483 seconds.
  path: Assets/npc_casual_set_00/Prefabs/Prefabs_Parts/npc_hmn_01f_upperbody5.prefab
  artifactKey: Guid(96534580952d7f84d8cf87e558986473) Importer(815301076,1909f56bfc062723c751e8b465ee728b)
Start importing Assets/npc_casual_set_00/Prefabs/Prefabs_Parts/npc_hmn_01f_upperbody5.prefab using Guid(96534580952d7f84d8cf87e558986473) Importer(815301076,1909f56bfc062723c751e8b465ee728b) [PhysX] Initialized MultithreadedTaskDispatcher with 18 workers.
[PhysX] Initialized MultithreadedTaskDispatcher with 18 workers.
 -> (artifact id: 'c36a105d38e8c2b57140f7a1291fe87f') in 0.041504 seconds
Number of updated asset objects reloaded before import = 0
Number of asset objects unloaded after import = 294
========================================================================
Received Import Request.
  Time since last request: 0.011105 seconds.
  path: Assets/npc_casual_set_00/Mesh/Mesh_Parts/npc_hmn_01f_lowerbody5.fbx
  artifactKey: Guid(dde3aef5ea01fcf48842be78d9ed2dd7) Importer(815301076,1909f56bfc062723c751e8b465ee728b)
Start importing Assets/npc_casual_set_00/Mesh/Mesh_Parts/npc_hmn_01f_lowerbody5.fbx using Guid(dde3aef5ea01fcf48842be78d9ed2dd7) Importer(815301076,1909f56bfc062723c751e8b465ee728b) [PhysX] Initialized MultithreadedTaskDispatcher with 18 workers.
[PhysX] Initialized MultithreadedTaskDispatcher with 18 workers.
[PhysX] Initialized MultithreadedTaskDispatcher with 18 workers.
[PhysX] Initialized MultithreadedTaskDispatcher with 18 workers.
[PhysX] Initialized MultithreadedTaskDispatcher with 18 workers.
[PhysX] Initialized MultithreadedTaskDispatcher with 18 workers.
[PhysX] Initialized MultithreadedTaskDispatcher with 18 workers.
[PhysX] Initialized MultithreadedTaskDispatcher with 18 workers.
[PhysX] Initialized MultithreadedTaskDispatcher with 18 workers.
[PhysX] Initialized MultithreadedTaskDispatcher with 18 workers.
[PhysX] Initialized MultithreadedTaskDispatcher with 18 workers.
[PhysX] Initialized MultithreadedTaskDispatcher with 18 workers.
 -> (artifact id: 'a46ca673e7b98505c885e4feaf4396ed') in 0.088074 seconds
Number of updated asset objects reloaded before import = 0
Number of asset objects unloaded after import = 149
========================================================================
Received Import Request.
  Time since last request: 0.008154 seconds.
  path: Assets/nappin/HouseInteriorPack/Models/(Msh)Dresser.fbx
  artifactKey: Guid(d2aaa38de911d1e4eb3e208fd26f541d) Importer(815301076,1909f56bfc062723c751e8b465ee728b)
Start importing Assets/nappin/HouseInteriorPack/Models/(Msh)Dresser.fbx using Guid(d2aaa38de911d1e4eb3e208fd26f541d) Importer(815301076,1909f56bfc062723c751e8b465ee728b) [PhysX] Initialized MultithreadedTaskDispatcher with 18 workers.
[PhysX] Initialized MultithreadedTaskDispatcher with 18 workers.
[PhysX] Initialized MultithreadedTaskDispatcher with 18 workers.
[PhysX] Initialized MultithreadedTaskDispatcher with 18 workers.
[PhysX] Initialized MultithreadedTaskDispatcher with 18 workers.
[PhysX] Initialized MultithreadedTaskDispatcher with 18 workers.
[PhysX] Initialized MultithreadedTaskDispatcher with 18 workers.
 -> (artifact id: '2712498e3306a27789a1e248b33c4244') in 0.046289 seconds
Number of updated asset objects reloaded before import = 0
Number of asset objects unloaded after import = 26
========================================================================
Received Import Request.
  Time since last request: 0.023047 seconds.
  path: Assets/npc_casual_set_00/Mesh/Mesh_Parts/npc_hmn_01f_head3.fbx
  artifactKey: Guid(35380195983e69846b7a277a3f992c86) Importer(815301076,1909f56bfc062723c751e8b465ee728b)
Start importing Assets/npc_casual_set_00/Mesh/Mesh_Parts/npc_hmn_01f_head3.fbx using Guid(35380195983e69846b7a277a3f992c86) Importer(815301076,1909f56bfc062723c751e8b465ee728b) [PhysX] Initialized MultithreadedTaskDispatcher with 18 workers.
[PhysX] Initialized MultithreadedTaskDispatcher with 18 workers.
[PhysX] Initialized MultithreadedTaskDispatcher with 18 workers.
[PhysX] Initialized MultithreadedTaskDispatcher with 18 workers.
[PhysX] Initialized MultithreadedTaskDispatcher with 18 workers.
[PhysX] Initialized MultithreadedTaskDispatcher with 18 workers.
[PhysX] Initialized MultithreadedTaskDispatcher with 18 workers.
[PhysX] Initialized MultithreadedTaskDispatcher with 18 workers.
[PhysX] Initialized MultithreadedTaskDispatcher with 18 workers.
[PhysX] Initialized MultithreadedTaskDispatcher with 18 workers.
[PhysX] Initialized MultithreadedTaskDispatcher with 18 workers.
[PhysX] Initialized MultithreadedTaskDispatcher with 18 workers.
 -> (artifact id: 'c160d672bceff9479045da0cb8d38cfd') in 0.083863 seconds
Number of updated asset objects reloaded before import = 0
Number of asset objects unloaded after import = 154
========================================================================
Received Import Request.
  Time since last request: 0.028258 seconds.
  path: Assets/npc_casual_set_00/Textures/npc_csl_tshirt_00m_01_01_o.tif
  artifactKey: Guid(cc5a64fd001162a40b7d1cf27ac5652c) Importer(815301076,1909f56bfc062723c751e8b465ee728b)
Start importing Assets/npc_casual_set_00/Textures/npc_csl_tshirt_00m_01_01_o.tif using Guid(cc5a64fd001162a40b7d1cf27ac5652c) Importer(815301076,1909f56bfc062723c751e8b465ee728b) [PhysX] Initialized MultithreadedTaskDispatcher with 18 workers.
[PhysX] Initialized MultithreadedTaskDispatcher with 18 workers.
 -> (artifact id: '68ef5e79dce4da3cc4429126af3f0344') in 0.028967 seconds
Number of updated asset objects reloaded before import = 0
Number of asset objects unloaded after import = 2
========================================================================
Received Import Request.
  Time since last request: 0.008499 seconds.
  path: Assets/nappin/HouseInteriorPack
  artifactKey: Guid(b312f3958033d7e498348c6a858dc571) Importer(815301076,1909f56bfc062723c751e8b465ee728b)
Start importing Assets/nappin/HouseInteriorPack using Guid(b312f3958033d7e498348c6a858dc571) Importer(815301076,1909f56bfc062723c751e8b465ee728b) [PhysX] Initialized MultithreadedTaskDispatcher with 18 workers.
 -> (artifact id: '18d5dbe9cc9d13302d6f4c96f34ce668') in 0.001060 seconds
Number of updated asset objects reloaded before import = 0
Number of asset objects unloaded after import = 0
========================================================================
Received Import Request.
  Time since last request: 0.014217 seconds.
  path: Assets/npc_casual_set_00/Textures/npc_hmn_face_01f_02_01_o.tif
  artifactKey: Guid(6c9e94161883d2d4b90cfa37354ae6e7) Importer(815301076,1909f56bfc062723c751e8b465ee728b)
Start importing Assets/npc_casual_set_00/Textures/npc_hmn_face_01f_02_01_o.tif using Guid(6c9e94161883d2d4b90cfa37354ae6e7) Importer(815301076,1909f56bfc062723c751e8b465ee728b) [PhysX] Initialized MultithreadedTaskDispatcher with 18 workers.
[PhysX] Initialized MultithreadedTaskDispatcher with 18 workers.
 -> (artifact id: 'fec2cbc405c8f3b8902f95b81348f421') in 0.023740 seconds
Number of updated asset objects reloaded before import = 0
Number of asset objects unloaded after import = 2
========================================================================
Received Import Request.
  Time since last request: 0.016595 seconds.
  path: Assets/HorrorPuzzleItems/Card/Icons
  artifactKey: Guid(6bfe554ada871664ea49d9ae7ef8708b) Importer(815301076,1909f56bfc062723c751e8b465ee728b)
Start importing Assets/HorrorPuzzleItems/Card/Icons using Guid(6bfe554ada871664ea49d9ae7ef8708b) Importer(815301076,1909f56bfc062723c751e8b465ee728b) [PhysX] Initialized MultithreadedTaskDispatcher with 18 workers.
 -> (artifact id: '1b5d2af3d3c215db330cf15305820d26') in 0.000537 seconds
Number of updated asset objects reloaded before import = 0
Number of asset objects unloaded after import = 0
========================================================================
Received Import Request.
  Time since last request: 0.002761 seconds.
  path: Assets/npc_casual_set_00/Prefabs/Prefabs_Parts/npc_csl_tshirt_00f_sleeves.prefab
  artifactKey: Guid(108fac6e345c3294686d74d624d8475e) Importer(815301076,1909f56bfc062723c751e8b465ee728b)
Start importing Assets/npc_casual_set_00/Prefabs/Prefabs_Parts/npc_csl_tshirt_00f_sleeves.prefab using Guid(108fac6e345c3294686d74d624d8475e) Importer(815301076,1909f56bfc062723c751e8b465ee728b) [PhysX] Initialized MultithreadedTaskDispatcher with 18 workers.
[PhysX] Initialized MultithreadedTaskDispatcher with 18 workers.
 -> (artifact id: '3b505af092249ce00053b767203e2e46') in 0.030941 seconds
Number of updated asset objects reloaded before import = 0
Number of asset objects unloaded after import = 289
========================================================================
Received Import Request.
  Time since last request: 0.002540 seconds.
  path: Assets/npc_casual_set_00/Prefabs/npc_csl_tshirt_00m_01_02.prefab
  artifactKey: Guid(c816555d3af23c94ba857662b4e0f1bf) Importer(815301076,1909f56bfc062723c751e8b465ee728b)
Start importing Assets/npc_casual_set_00/Prefabs/npc_csl_tshirt_00m_01_02.prefab using Guid(c816555d3af23c94ba857662b4e0f1bf) Importer(815301076,1909f56bfc062723c751e8b465ee728b) [PhysX] Initialized MultithreadedTaskDispatcher with 18 workers.
[PhysX] Initialized MultithreadedTaskDispatcher with 18 workers.
 -> (artifact id: '5fe7f584004344c69ce54bd4c45442f3') in 0.030051 seconds
Number of updated asset objects reloaded before import = 0
Number of asset objects unloaded after import = 291
========================================================================
Received Import Request.
  Time since last request: 0.004107 seconds.
  path: Assets/npc_casual_set_00/Textures/npc_hair_01_o.tif
  artifactKey: Guid(0966cbf582069d44a90efdc982bc3858) Importer(815301076,1909f56bfc062723c751e8b465ee728b)
Start importing Assets/npc_casual_set_00/Textures/npc_hair_01_o.tif using Guid(0966cbf582069d44a90efdc982bc3858) Importer(815301076,1909f56bfc062723c751e8b465ee728b) [PhysX] Initialized MultithreadedTaskDispatcher with 18 workers.
[PhysX] Initialized MultithreadedTaskDispatcher with 18 workers.
 -> (artifact id: 'c555ef3b1e38dfc1d721f9385a14999e') in 0.027390 seconds
Number of updated asset objects reloaded before import = 0
Number of asset objects unloaded after import = 2
========================================================================
Received Import Request.
  Time since last request: 0.004150 seconds.
  path: Assets/nappin/OfficeEssentialsPack/Prefabs/(Prb)CornerSofa_pillowT.prefab
  artifactKey: Guid(138d0852e3d6a79458e885febb13bb03) Importer(815301076,1909f56bfc062723c751e8b465ee728b)
Start importing Assets/nappin/OfficeEssentialsPack/Prefabs/(Prb)CornerSofa_pillowT.prefab using Guid(138d0852e3d6a79458e885febb13bb03) Importer(815301076,1909f56bfc062723c751e8b465ee728b) [PhysX] Initialized MultithreadedTaskDispatcher with 18 workers.
[PhysX] Initialized MultithreadedTaskDispatcher with 18 workers.
 -> (artifact id: '46ee4e29a1854c944ec07bd4ef8be486') in 0.031233 seconds
Number of updated asset objects reloaded before import = 0
Number of asset objects unloaded after import = 13
========================================================================
Received Import Request.
  Time since last request: 0.045850 seconds.
  path: Assets/npc_casual_set_00/Prefabs/npc_haircut_c_03.prefab
  artifactKey: Guid(3584de8c08e4ca54aa287b14bcb0cb5f) Importer(815301076,1909f56bfc062723c751e8b465ee728b)
Start importing Assets/npc_casual_set_00/Prefabs/npc_haircut_c_03.prefab using Guid(3584de8c08e4ca54aa287b14bcb0cb5f) Importer(815301076,1909f56bfc062723c751e8b465ee728b) [PhysX] Initialized MultithreadedTaskDispatcher with 18 workers.
[PhysX] Initialized MultithreadedTaskDispatcher with 18 workers.
 -> (artifact id: '69b63b87441205fb2a73464d5498221d') in 0.033744 seconds
Number of updated asset objects reloaded before import = 0
Number of asset objects unloaded after import = 281
========================================================================
Received Import Request.
  Time since last request: 0.018931 seconds.
  path: Assets/npc_casual_set_00/Prefabs/Prefabs_Parts/npc_hmn_01f_lowerbody2.prefab
  artifactKey: Guid(7c4db68364110444daee01009088d2c2) Importer(815301076,1909f56bfc062723c751e8b465ee728b)
Start importing Assets/npc_casual_set_00/Prefabs/Prefabs_Parts/npc_hmn_01f_lowerbody2.prefab using Guid(7c4db68364110444daee01009088d2c2) Importer(815301076,1909f56bfc062723c751e8b465ee728b) [PhysX] Initialized MultithreadedTaskDispatcher with 18 workers.
[PhysX] Initialized MultithreadedTaskDispatcher with 18 workers.
 -> (artifact id: 'acc4a5fb914e81c93f9c31d6387b5c14') in 0.042619 seconds
Number of updated asset objects reloaded before import = 0
Number of asset objects unloaded after import = 289
========================================================================
Received Import Request.
  Time since last request: 0.009265 seconds.
  path: Assets/HorrorPuzzleItems/Crank/Icons
  artifactKey: Guid(4354f83c435513945b9ba13d373c1333) Importer(815301076,1909f56bfc062723c751e8b465ee728b)
Start importing Assets/HorrorPuzzleItems/Crank/Icons using Guid(4354f83c435513945b9ba13d373c1333) Importer(815301076,1909f56bfc062723c751e8b465ee728b) [PhysX] Initialized MultithreadedTaskDispatcher with 18 workers.
 -> (artifact id: 'a8bac745203a7c9dc4125059fda09db7') in 0.001273 seconds
Number of updated asset objects reloaded before import = 0
Number of asset objects unloaded after import = 0
========================================================================
Received Import Request.
  Time since last request: 0.016405 seconds.
  path: Assets/npc_casual_set_00/Mesh/Mesh_Parts/npc_hmn_01m_torso5.fbx
  artifactKey: Guid(bf79c012a7d348f42bc026d37047cd03) Importer(815301076,1909f56bfc062723c751e8b465ee728b)
Start importing Assets/npc_casual_set_00/Mesh/Mesh_Parts/npc_hmn_01m_torso5.fbx using Guid(bf79c012a7d348f42bc026d37047cd03) Importer(815301076,1909f56bfc062723c751e8b465ee728b) [PhysX] Initialized MultithreadedTaskDispatcher with 18 workers.
[PhysX] Initialized MultithreadedTaskDispatcher with 18 workers.
[PhysX] Initialized MultithreadedTaskDispatcher with 18 workers.
[PhysX] Initialized MultithreadedTaskDispatcher with 18 workers.
[PhysX] Initialized MultithreadedTaskDispatcher with 18 workers.
[PhysX] Initialized MultithreadedTaskDispatcher with 18 workers.
[PhysX] Initialized MultithreadedTaskDispatcher with 18 workers.
[PhysX] Initialized MultithreadedTaskDispatcher with 18 workers.
[PhysX] Initialized MultithreadedTaskDispatcher with 18 workers.
[PhysX] Initialized MultithreadedTaskDispatcher with 18 workers.
[PhysX] Initialized MultithreadedTaskDispatcher with 18 workers.
[PhysX] Initialized MultithreadedTaskDispatcher with 18 workers.
 -> (artifact id: 'd5dd7cca2e2999c248d7317c5f680062') in 0.087758 seconds
Number of updated asset objects reloaded before import = 0
Number of asset objects unloaded after import = 149
========================================================================
Received Import Request.
  Time since last request: 0.008816 seconds.
  path: Assets/npc_casual_set_00/Textures/npc_csl_tshirt_00m_01_01_m.tif
  artifactKey: Guid(f968756c6232f31428504a70021c2b47) Importer(815301076,1909f56bfc062723c751e8b465ee728b)
Start importing Assets/npc_casual_set_00/Textures/npc_csl_tshirt_00m_01_01_m.tif using Guid(f968756c6232f31428504a70021c2b47) Importer(815301076,1909f56bfc062723c751e8b465ee728b) [PhysX] Initialized MultithreadedTaskDispatcher with 18 workers.
[PhysX] Initialized MultithreadedTaskDispatcher with 18 workers.
 -> (artifact id: '3b7d3a53efda971e0800080595733ba3') in 0.011778 seconds
Number of updated asset objects reloaded before import = 0
Number of asset objects unloaded after import = 2
========================================================================
Received Import Request.
  Time since last request: 0.005281 seconds.
  path: Assets/npc_casual_set_00/Mesh/Mesh_Parts/npc_hmn_01f_arms5.fbx
  artifactKey: Guid(01493adb8bd274a4e9dcac3bfe3187b1) Importer(815301076,1909f56bfc062723c751e8b465ee728b)
Start importing Assets/npc_casual_set_00/Mesh/Mesh_Parts/npc_hmn_01f_arms5.fbx using Guid(01493adb8bd274a4e9dcac3bfe3187b1) Importer(815301076,1909f56bfc062723c751e8b465ee728b) [PhysX] Initialized MultithreadedTaskDispatcher with 18 workers.
[PhysX] Initialized MultithreadedTaskDispatcher with 18 workers.
[PhysX] Initialized MultithreadedTaskDispatcher with 18 workers.
[PhysX] Initialized MultithreadedTaskDispatcher with 18 workers.
[PhysX] Initialized MultithreadedTaskDispatcher with 18 workers.
[PhysX] Initialized MultithreadedTaskDispatcher with 18 workers.
[PhysX] Initialized MultithreadedTaskDispatcher with 18 workers.
[PhysX] Initialized MultithreadedTaskDispatcher with 18 workers.
[PhysX] Initialized MultithreadedTaskDispatcher with 18 workers.
[PhysX] Initialized MultithreadedTaskDispatcher with 18 workers.
[PhysX] Initialized MultithreadedTaskDispatcher with 18 workers.
[PhysX] Initialized MultithreadedTaskDispatcher with 18 workers.
 -> (artifact id: '341818ea6ef8903f52437ef6b75072e2') in 0.078347 seconds
Number of updated asset objects reloaded before import = 0
Number of asset objects unloaded after import = 149
========================================================================
Received Import Request.
  Time since last request: 0.012504 seconds.
  path: Assets/npc_casual_set_00/Textures/npc_hmn_face_01f_04_01_n.tif
  artifactKey: Guid(ce26369fe41f0534f86c3076767c01f8) Importer(815301076,1909f56bfc062723c751e8b465ee728b)
Start importing Assets/npc_casual_set_00/Textures/npc_hmn_face_01f_04_01_n.tif using Guid(ce26369fe41f0534f86c3076767c01f8) Importer(815301076,1909f56bfc062723c751e8b465ee728b) [PhysX] Initialized MultithreadedTaskDispatcher with 18 workers.
[PhysX] Initialized MultithreadedTaskDispatcher with 18 workers.
 -> (artifact id: '34d15b80d726d766fe7b3c732ffc0c25') in 0.026366 seconds
Number of updated asset objects reloaded before import = 0
Number of asset objects unloaded after import = 2
========================================================================
Received Import Request.
  Time since last request: 0.010025 seconds.
  path: Assets/npc_casual_set_00/Prefabs/Prefabs_Parts/npc_hmn_01f_upperbody1.prefab
  artifactKey: Guid(9a242b5b9738c3943b0ec64e6deb0f11) Importer(815301076,1909f56bfc062723c751e8b465ee728b)
Start importing Assets/npc_casual_set_00/Prefabs/Prefabs_Parts/npc_hmn_01f_upperbody1.prefab using Guid(9a242b5b9738c3943b0ec64e6deb0f11) Importer(815301076,1909f56bfc062723c751e8b465ee728b) [PhysX] Initialized MultithreadedTaskDispatcher with 18 workers.
[PhysX] Initialized MultithreadedTaskDispatcher with 18 workers.
 -> (artifact id: 'fb4c8a8aba4a64b15afab35aa187a309') in 0.043711 seconds
Number of updated asset objects reloaded before import = 0
Number of asset objects unloaded after import = 294
========================================================================
Received Import Request.
  Time since last request: 0.004624 seconds.
  path: Assets/npc_casual_set_00/Mesh/Mesh_Parts/npc_hmn_01f_arms3.fbx
  artifactKey: Guid(9a0fa468d1413c944868ccd85721dbb2) Importer(815301076,1909f56bfc062723c751e8b465ee728b)
Start importing Assets/npc_casual_set_00/Mesh/Mesh_Parts/npc_hmn_01f_arms3.fbx using Guid(9a0fa468d1413c944868ccd85721dbb2) Importer(815301076,1909f56bfc062723c751e8b465ee728b) [PhysX] Initialized MultithreadedTaskDispatcher with 18 workers.
[PhysX] Initialized MultithreadedTaskDispatcher with 18 workers.
[PhysX] Initialized MultithreadedTaskDispatcher with 18 workers.
[PhysX] Initialized MultithreadedTaskDispatcher with 18 workers.
[PhysX] Initialized MultithreadedTaskDispatcher with 18 workers.
[PhysX] Initialized MultithreadedTaskDispatcher with 18 workers.
[PhysX] Initialized MultithreadedTaskDispatcher with 18 workers.
[PhysX] Initialized MultithreadedTaskDispatcher with 18 workers.
[PhysX] Initialized MultithreadedTaskDispatcher with 18 workers.
[PhysX] Initialized MultithreadedTaskDispatcher with 18 workers.
[PhysX] Initialized MultithreadedTaskDispatcher with 18 workers.
[PhysX] Initialized MultithreadedTaskDispatcher with 18 workers.
 -> (artifact id: '8700681f39d280a85794dbb08e9e185b') in 0.078610 seconds
Number of updated asset objects reloaded before import = 0
Number of asset objects unloaded after import = 149
========================================================================
Received Import Request.
  Time since last request: 0.022033 seconds.
  path: Assets/HorrorPuzzleItems/SmallKey/Prefabs
  artifactKey: Guid(154e8449f51efab40a0d7c19ca8b329d) Importer(815301076,1909f56bfc062723c751e8b465ee728b)
Start importing Assets/HorrorPuzzleItems/SmallKey/Prefabs using Guid(154e8449f51efab40a0d7c19ca8b329d) Importer(815301076,1909f56bfc062723c751e8b465ee728b) [PhysX] Initialized MultithreadedTaskDispatcher with 18 workers.
 -> (artifact id: '516571c1028c63fcbe4e9b7ed2b0a697') in 0.002738 seconds
Number of updated asset objects reloaded before import = 0
Number of asset objects unloaded after import = 0
========================================================================
Received Import Request.
  Time since last request: 0.012283 seconds.
  path: Assets/npc_casual_set_00/Textures/npc_hmn_body_01f_01_01_n.tif
  artifactKey: Guid(742937975a0512143872e34a3129a006) Importer(815301076,1909f56bfc062723c751e8b465ee728b)
Start importing Assets/npc_casual_set_00/Textures/npc_hmn_body_01f_01_01_n.tif using Guid(742937975a0512143872e34a3129a006) Importer(815301076,1909f56bfc062723c751e8b465ee728b) [PhysX] Initialized MultithreadedTaskDispatcher with 18 workers.
[PhysX] Initialized MultithreadedTaskDispatcher with 18 workers.
 -> (artifact id: '93cc88022527140c5a30aea10419ace4') in 0.028837 seconds
Number of updated asset objects reloaded before import = 0
Number of asset objects unloaded after import = 2
========================================================================
Received Import Request.
  Time since last request: 0.021517 seconds.
  path: Assets/npc_casual_set_00/Res/npc_character_set.rar
  artifactKey: Guid(37e794bf31df89247844833be3161eac) Importer(815301076,1909f56bfc062723c751e8b465ee728b)
Start importing Assets/npc_casual_set_00/Res/npc_character_set.rar using Guid(37e794bf31df89247844833be3161eac) Importer(815301076,1909f56bfc062723c751e8b465ee728b) [PhysX] Initialized MultithreadedTaskDispatcher with 18 workers.
 -> (artifact id: '49b6cef16052b205b6c6c3a2bc25dc94') in 0.001382 seconds
Number of updated asset objects reloaded before import = 0
Number of asset objects unloaded after import = 1
========================================================================
Received Import Request.
  Time since last request: 0.015951 seconds.
  path: Assets/nappin/OfficeEssentialsPack/Prefabs/(Prb)Sofa3.prefab
  artifactKey: Guid(4c2b4033ea200a340bdf5dd2b0145174) Importer(815301076,1909f56bfc062723c751e8b465ee728b)
Start importing Assets/nappin/OfficeEssentialsPack/Prefabs/(Prb)Sofa3.prefab using Guid(4c2b4033ea200a340bdf5dd2b0145174) Importer(815301076,1909f56bfc062723c751e8b465ee728b) [PhysX] Initialized MultithreadedTaskDispatcher with 18 workers.
[PhysX] Initialized MultithreadedTaskDispatcher with 18 workers.
 -> (artifact id: 'e8015af5f66af884eabaa10884be3345') in 0.029290 seconds
Number of updated asset objects reloaded before import = 0
Number of asset objects unloaded after import = 14
========================================================================
Received Import Request.
  Time since last request: 0.026462 seconds.
  path: Assets/npc_casual_set_00/Textures/npc_csl_pants_00m_01_01_c.tif
  artifactKey: Guid(e873a228dc09b8f4794863d68722af4f) Importer(815301076,1909f56bfc062723c751e8b465ee728b)
Start importing Assets/npc_casual_set_00/Textures/npc_csl_pants_00m_01_01_c.tif using Guid(e873a228dc09b8f4794863d68722af4f) Importer(815301076,1909f56bfc062723c751e8b465ee728b) [PhysX] Initialized MultithreadedTaskDispatcher with 18 workers.
[PhysX] Initialized MultithreadedTaskDispatcher with 18 workers.
 -> (artifact id: 'd76aa12b26bf5fce9493645428c6f494') in 0.028296 seconds
Number of updated asset objects reloaded before import = 0
Number of asset objects unloaded after import = 2
========================================================================
Received Import Request.
  Time since last request: 0.016642 seconds.
  path: Assets/npc_casual_set_00/Textures/npc_hmn_face_01m_05_01_n.tif
  artifactKey: Guid(cc65c069ea459fb428dee8fa813868cd) Importer(815301076,1909f56bfc062723c751e8b465ee728b)
Start importing Assets/npc_casual_set_00/Textures/npc_hmn_face_01m_05_01_n.tif using Guid(cc65c069ea459fb428dee8fa813868cd) Importer(815301076,1909f56bfc062723c751e8b465ee728b) [PhysX] Initialized MultithreadedTaskDispatcher with 18 workers.
[PhysX] Initialized MultithreadedTaskDispatcher with 18 workers.
 -> (artifact id: '52bd3bcdb5af113d8b9fcdacd27e0cd8') in 0.025159 seconds
Number of updated asset objects reloaded before import = 0
Number of asset objects unloaded after import = 2
========================================================================
Received Import Request.
  Time since last request: 0.004398 seconds.
  path: Assets/npc_casual_set_00/Mesh/Mesh_Parts/npc_hmn_01m_head1.fbx
  artifactKey: Guid(81b155d179ca730419d7632a74441c7b) Importer(815301076,1909f56bfc062723c751e8b465ee728b)
Start importing Assets/npc_casual_set_00/Mesh/Mesh_Parts/npc_hmn_01m_head1.fbx using Guid(81b155d179ca730419d7632a74441c7b) Importer(815301076,1909f56bfc062723c751e8b465ee728b) [PhysX] Initialized MultithreadedTaskDispatcher with 18 workers.
[PhysX] Initialized MultithreadedTaskDispatcher with 18 workers.
[PhysX] Initialized MultithreadedTaskDispatcher with 18 workers.
[PhysX] Initialized MultithreadedTaskDispatcher with 18 workers.
[PhysX] Initialized MultithreadedTaskDispatcher with 18 workers.
[PhysX] Initialized MultithreadedTaskDispatcher with 18 workers.
[PhysX] Initialized MultithreadedTaskDispatcher with 18 workers.
[PhysX] Initialized MultithreadedTaskDispatcher with 18 workers.
[PhysX] Initialized MultithreadedTaskDispatcher with 18 workers.
[PhysX] Initialized MultithreadedTaskDispatcher with 18 workers.
[PhysX] Initialized MultithreadedTaskDispatcher with 18 workers.
[PhysX] Initialized MultithreadedTaskDispatcher with 18 workers.
 -> (artifact id: 'e80f18bdaba1acf2b41d55c044d4ca7d') in 0.078870 seconds
Number of updated asset objects reloaded before import = 0
Number of asset objects unloaded after import = 149
========================================================================
Received Import Request.
  Time since last request: 0.007622 seconds.
  path: Assets/HorrorPuzzleItems/SmallKey/Icons
  artifactKey: Guid(c5d13f4fd73b22343b942e604208b3b6) Importer(815301076,1909f56bfc062723c751e8b465ee728b)
Start importing Assets/HorrorPuzzleItems/SmallKey/Icons using Guid(c5d13f4fd73b22343b942e604208b3b6) Importer(815301076,1909f56bfc062723c751e8b465ee728b) [PhysX] Initialized MultithreadedTaskDispatcher with 18 workers.
 -> (artifact id: 'c26571dad390ac69e484e7527ffe0df6') in 0.001481 seconds
Number of updated asset objects reloaded before import = 0
Number of asset objects unloaded after import = 0
========================================================================
Received Import Request.
  Time since last request: 0.003122 seconds.
  path: Assets/npc_casual_set_00/Prefabs/Prefabs_Parts/npc_hmn_01m_arms4.prefab
  artifactKey: Guid(6399857de9d9acc49b6e17592f9af0af) Importer(815301076,1909f56bfc062723c751e8b465ee728b)
Start importing Assets/npc_casual_set_00/Prefabs/Prefabs_Parts/npc_hmn_01m_arms4.prefab using Guid(6399857de9d9acc49b6e17592f9af0af) Importer(815301076,1909f56bfc062723c751e8b465ee728b) [PhysX] Initialized MultithreadedTaskDispatcher with 18 workers.
[PhysX] Initialized MultithreadedTaskDispatcher with 18 workers.
 -> (artifact id: 'd5eb954b9360bec238e3d25d9f5e1341') in 0.038487 seconds
Number of updated asset objects reloaded before import = 0
Number of asset objects unloaded after import = 289
========================================================================
Received Import Request.
  Time since last request: 0.022820 seconds.
  path: Assets/HorrorPuzzleItems/Gear/Icons
  artifactKey: Guid(5d06d25f3871c1341b9a9d69366b83db) Importer(815301076,1909f56bfc062723c751e8b465ee728b)
Start importing Assets/HorrorPuzzleItems/Gear/Icons using Guid(5d06d25f3871c1341b9a9d69366b83db) Importer(815301076,1909f56bfc062723c751e8b465ee728b) [PhysX] Initialized MultithreadedTaskDispatcher with 18 workers.
 -> (artifact id: '27b4b70a66ef40be36a834faf066c0f9') in 0.001079 seconds
Number of updated asset objects reloaded before import = 0
Number of asset objects unloaded after import = 0
========================================================================
Received Import Request.
  Time since last request: 0.006858 seconds.
  path: Assets/JustPlay/Сomputer devices/Objects/Router/textures
  artifactKey: Guid(3ce7d25cc7282b8479820e9586edc15b) Importer(815301076,1909f56bfc062723c751e8b465ee728b)
Start importing Assets/JustPlay/Сomputer devices/Objects/Router/textures using Guid(3ce7d25cc7282b8479820e9586edc15b) Importer(815301076,1909f56bfc062723c751e8b465ee728b) [PhysX] Initialized MultithreadedTaskDispatcher with 18 workers.
 -> (artifact id: 'fba975bd7765b448882164749c58903f') in 0.000875 seconds
Number of updated asset objects reloaded before import = 0
Number of asset objects unloaded after import = 0
========================================================================
Received Import Request.
  Time since last request: 0.007964 seconds.
  path: Assets/npc_casual_set_00/Textures/npc_csl_shoe_01_00_02_c.tif
  artifactKey: Guid(517bfbbd9b6f6604db23221f81a5670e) Importer(815301076,1909f56bfc062723c751e8b465ee728b)
Start importing Assets/npc_casual_set_00/Textures/npc_csl_shoe_01_00_02_c.tif using Guid(517bfbbd9b6f6604db23221f81a5670e) Importer(815301076,1909f56bfc062723c751e8b465ee728b) [PhysX] Initialized MultithreadedTaskDispatcher with 18 workers.
[PhysX] Initialized MultithreadedTaskDispatcher with 18 workers.
 -> (artifact id: '58311a1bd458a05804c3ebe9e34d913d') in 0.025291 seconds
Number of updated asset objects reloaded before import = 0
Number of asset objects unloaded after import = 2
========================================================================
Received Import Request.
  Time since last request: 0.005195 seconds.
  path: Assets/npc_casual_set_00/Textures/npc_hmn_face_01f_05_01_msk.tif
  artifactKey: Guid(5501496bca0e23d4eaa2218024f64fd4) Importer(815301076,1909f56bfc062723c751e8b465ee728b)
Start importing Assets/npc_casual_set_00/Textures/npc_hmn_face_01f_05_01_msk.tif using Guid(5501496bca0e23d4eaa2218024f64fd4) Importer(815301076,1909f56bfc062723c751e8b465ee728b) [PhysX] Initialized MultithreadedTaskDispatcher with 18 workers.
[PhysX] Initialized MultithreadedTaskDispatcher with 18 workers.
 -> (artifact id: 'a2908b398c0a88df82b9aa2d5e713772') in 0.024796 seconds
Number of updated asset objects reloaded before import = 0
Number of asset objects unloaded after import = 2
========================================================================
Received Import Request.
  Time since last request: 0.004198 seconds.
  path: Assets/npc_casual_set_00/Textures/npc_csl_tshirt_00f_01_02bw.tif
  artifactKey: Guid(620a7179ed5ad8f4a8fe3e14cad67267) Importer(815301076,1909f56bfc062723c751e8b465ee728b)
Start importing Assets/npc_casual_set_00/Textures/npc_csl_tshirt_00f_01_02bw.tif using Guid(620a7179ed5ad8f4a8fe3e14cad67267) Importer(815301076,1909f56bfc062723c751e8b465ee728b) [PhysX] Initialized MultithreadedTaskDispatcher with 18 workers.
[PhysX] Initialized MultithreadedTaskDispatcher with 18 workers.
 -> (artifact id: '2857d6070201e2b00feb48d8b3de9c8b') in 0.023444 seconds
Number of updated asset objects reloaded before import = 0
Number of asset objects unloaded after import = 2
========================================================================
Received Import Request.
  Time since last request: 0.007529 seconds.
  path: Assets/JustPlay/Сomputer devices/Objects/Monitor 2
  artifactKey: Guid(540dca7d7cd2750468eb0484e8bb93ad) Importer(815301076,1909f56bfc062723c751e8b465ee728b)
Start importing Assets/JustPlay/Сomputer devices/Objects/Monitor 2 using Guid(540dca7d7cd2750468eb0484e8bb93ad) Importer(815301076,1909f56bfc062723c751e8b465ee728b) [PhysX] Initialized MultithreadedTaskDispatcher with 18 workers.
 -> (artifact id: 'd90e6f306480b7266cf20fbc9299d333') in 0.001150 seconds
Number of updated asset objects reloaded before import = 0
Number of asset objects unloaded after import = 0
========================================================================
Received Import Request.
  Time since last request: 0.021738 seconds.
  path: Assets/npc_casual_set_00/Mesh/Mesh_Parts/npc_hmn_01m_lowerbody1.fbx
  artifactKey: Guid(cb3a69b4b4271e341ba81b4a1ac77346) Importer(815301076,1909f56bfc062723c751e8b465ee728b)
Start importing Assets/npc_casual_set_00/Mesh/Mesh_Parts/npc_hmn_01m_lowerbody1.fbx using Guid(cb3a69b4b4271e341ba81b4a1ac77346) Importer(815301076,1909f56bfc062723c751e8b465ee728b) [PhysX] Initialized MultithreadedTaskDispatcher with 18 workers.
[PhysX] Initialized MultithreadedTaskDispatcher with 18 workers.
[PhysX] Initialized MultithreadedTaskDispatcher with 18 workers.
[PhysX] Initialized MultithreadedTaskDispatcher with 18 workers.
[PhysX] Initialized MultithreadedTaskDispatcher with 18 workers.
[PhysX] Initialized MultithreadedTaskDispatcher with 18 workers.
[PhysX] Initialized MultithreadedTaskDispatcher with 18 workers.
[PhysX] Initialized MultithreadedTaskDispatcher with 18 workers.
[PhysX] Initialized MultithreadedTaskDispatcher with 18 workers.
[PhysX] Initialized MultithreadedTaskDispatcher with 18 workers.
[PhysX] Initialized MultithreadedTaskDispatcher with 18 workers.
[PhysX] Initialized MultithreadedTaskDispatcher with 18 workers.
 -> (artifact id: 'c07d382faf883bc90e648cb67f9627c6') in 0.090514 seconds
Number of updated asset objects reloaded before import = 0
Number of asset objects unloaded after import = 149
========================================================================
Received Import Request.
  Time since last request: 0.003383 seconds.
  path: Assets/nappin/OfficeEssentialsPack/Prefabs/(Prb)Shelves3.prefab
  artifactKey: Guid(f149402989451fe4ab69bfd1ceb5124f) Importer(815301076,1909f56bfc062723c751e8b465ee728b)
Start importing Assets/nappin/OfficeEssentialsPack/Prefabs/(Prb)Shelves3.prefab using Guid(f149402989451fe4ab69bfd1ceb5124f) Importer(815301076,1909f56bfc062723c751e8b465ee728b) [PhysX] Initialized MultithreadedTaskDispatcher with 18 workers.
[PhysX] Initialized MultithreadedTaskDispatcher with 18 workers.
 -> (artifact id: '29ce2e950a385aa480fa7ef323c929b5') in 0.026609 seconds
Number of updated asset objects reloaded before import = 0
Number of asset objects unloaded after import = 12
========================================================================
Received Import Request.
  Time since last request: 0.025158 seconds.
  path: Assets/npc_casual_set_00/Prefabs/Prefabs_Parts/npc_csl_shirtopenrolled_00f_sleeves.prefab
  artifactKey: Guid(a05ff32f21ba11b4297aca2daca5ebc8) Importer(815301076,1909f56bfc062723c751e8b465ee728b)
Start importing Assets/npc_casual_set_00/Prefabs/Prefabs_Parts/npc_csl_shirtopenrolled_00f_sleeves.prefab using Guid(a05ff32f21ba11b4297aca2daca5ebc8) Importer(815301076,1909f56bfc062723c751e8b465ee728b) [PhysX] Initialized MultithreadedTaskDispatcher with 18 workers.
[PhysX] Initialized MultithreadedTaskDispatcher with 18 workers.
 -> (artifact id: '4b68439472511d9bbd17e4946ceb277c') in 0.033968 seconds
Number of updated asset objects reloaded before import = 0
Number of asset objects unloaded after import = 289
========================================================================
Received Import Request.
  Time since last request: 0.028412 seconds.
  path: Assets/npc_casual_set_00/Mesh/npc_csl_shirtopenrolled_00m.fbx
  artifactKey: Guid(842c11437b9150c4e9d09f1efd5e7340) Importer(815301076,1909f56bfc062723c751e8b465ee728b)
Start importing Assets/npc_casual_set_00/Mesh/npc_csl_shirtopenrolled_00m.fbx using Guid(842c11437b9150c4e9d09f1efd5e7340) Importer(815301076,1909f56bfc062723c751e8b465ee728b) [PhysX] Initialized MultithreadedTaskDispatcher with 18 workers.
[PhysX] Initialized MultithreadedTaskDispatcher with 18 workers.
[PhysX] Initialized MultithreadedTaskDispatcher with 18 workers.
[PhysX] Initialized MultithreadedTaskDispatcher with 18 workers.
[PhysX] Initialized MultithreadedTaskDispatcher with 18 workers.
[PhysX] Initialized MultithreadedTaskDispatcher with 18 workers.
[PhysX] Initialized MultithreadedTaskDispatcher with 18 workers.
[PhysX] Initialized MultithreadedTaskDispatcher with 18 workers.
[PhysX] Initialized MultithreadedTaskDispatcher with 18 workers.
[PhysX] Initialized MultithreadedTaskDispatcher with 18 workers.
[PhysX] Initialized MultithreadedTaskDispatcher with 18 workers.
[PhysX] Initialized MultithreadedTaskDispatcher with 18 workers.
 -> (artifact id: '2c96098f7da7e9a143a5f1fa26fbbef7') in 0.087768 seconds
Number of updated asset objects reloaded before import = 0
Number of asset objects unloaded after import = 149
========================================================================
Received Import Request.
  Time since last request: 0.005752 seconds.
  path: Assets/npc_casual_set_00/Textures/npc_csl_tshirt_00f_01_01bw_c.tif
  artifactKey: Guid(1ab49c87d694269479a867b29d3082b6) Importer(815301076,1909f56bfc062723c751e8b465ee728b)
Start importing Assets/npc_casual_set_00/Textures/npc_csl_tshirt_00f_01_01bw_c.tif using Guid(1ab49c87d694269479a867b29d3082b6) Importer(815301076,1909f56bfc062723c751e8b465ee728b) [PhysX] Initialized MultithreadedTaskDispatcher with 18 workers.
[PhysX] Initialized MultithreadedTaskDispatcher with 18 workers.
 -> (artifact id: 'a2c7e834116f995ffbbca82803cf0068') in 0.023110 seconds
Number of updated asset objects reloaded before import = 0
Number of asset objects unloaded after import = 2
========================================================================
Received Import Request.
  Time since last request: 0.013482 seconds.
  path: Assets/npc_casual_set_00/Prefabs/npc_csl_pants_00m_01_01bw.prefab
  artifactKey: Guid(1f7b122d7ecc9ee4bb56b44e741910fb) Importer(815301076,1909f56bfc062723c751e8b465ee728b)
Start importing Assets/npc_casual_set_00/Prefabs/npc_csl_pants_00m_01_01bw.prefab using Guid(1f7b122d7ecc9ee4bb56b44e741910fb) Importer(815301076,1909f56bfc062723c751e8b465ee728b) [PhysX] Initialized MultithreadedTaskDispatcher with 18 workers.
[PhysX] Initialized MultithreadedTaskDispatcher with 18 workers.
 -> (artifact id: '5a9da707e0ce28d8b4cf9da4497e2781') in 0.035469 seconds
Number of updated asset objects reloaded before import = 0
Number of asset objects unloaded after import = 289
========================================================================
Received Import Request.
  Time since last request: 0.011238 seconds.
  path: Assets/npc_casual_set_00/Mesh/Mesh_Parts/npc_hmn_01f_upperbody5.fbx
  artifactKey: Guid(86b79db54bc1c0b4e8d915aaa8b93a94) Importer(815301076,1909f56bfc062723c751e8b465ee728b)
Start importing Assets/npc_casual_set_00/Mesh/Mesh_Parts/npc_hmn_01f_upperbody5.fbx using Guid(86b79db54bc1c0b4e8d915aaa8b93a94) Importer(815301076,1909f56bfc062723c751e8b465ee728b) [PhysX] Initialized MultithreadedTaskDispatcher with 18 workers.
[PhysX] Initialized MultithreadedTaskDispatcher with 18 workers.
[PhysX] Initialized MultithreadedTaskDispatcher with 18 workers.
[PhysX] Initialized MultithreadedTaskDispatcher with 18 workers.
[PhysX] Initialized MultithreadedTaskDispatcher with 18 workers.
[PhysX] Initialized MultithreadedTaskDispatcher with 18 workers.
[PhysX] Initialized MultithreadedTaskDispatcher with 18 workers.
[PhysX] Initialized MultithreadedTaskDispatcher with 18 workers.
[PhysX] Initialized MultithreadedTaskDispatcher with 18 workers.
[PhysX] Initialized MultithreadedTaskDispatcher with 18 workers.
[PhysX] Initialized MultithreadedTaskDispatcher with 18 workers.
[PhysX] Initialized MultithreadedTaskDispatcher with 18 workers.
 -> (artifact id: 'cacb940e6e38033d4a4e110cfb78cb87') in 0.089956 seconds
Number of updated asset objects reloaded before import = 0
Number of asset objects unloaded after import = 154
========================================================================
Received Import Request.
  Time since last request: 0.012490 seconds.
  path: Assets/HorrorPuzzleItems/Gem/Prefabs/Gem_Green.prefab
  artifactKey: Guid(60f92f0accfa9a04f91b66a3c30bcf41) Importer(815301076,1909f56bfc062723c751e8b465ee728b)
Start importing Assets/HorrorPuzzleItems/Gem/Prefabs/Gem_Green.prefab using Guid(60f92f0accfa9a04f91b66a3c30bcf41) Importer(815301076,1909f56bfc062723c751e8b465ee728b) [PhysX] Initialized MultithreadedTaskDispatcher with 18 workers.
[PhysX] Initialized MultithreadedTaskDispatcher with 18 workers.
 -> (artifact id: 'f2738abbd6e9b2407bbb9c5184d7d4bd') in 0.028869 seconds
Number of updated asset objects reloaded before import = 0
Number of asset objects unloaded after import = 17
========================================================================
Received Import Request.
  Time since last request: 0.004359 seconds.
  path: Assets/nappin/HouseInteriorPack/Models/(Msh)Container4.fbx
  artifactKey: Guid(51bc86091dda4734fbff595d08e6f7ed) Importer(815301076,1909f56bfc062723c751e8b465ee728b)
Start importing Assets/nappin/HouseInteriorPack/Models/(Msh)Container4.fbx using Guid(51bc86091dda4734fbff595d08e6f7ed) Importer(815301076,1909f56bfc062723c751e8b465ee728b) [PhysX] Initialized MultithreadedTaskDispatcher with 18 workers.
[PhysX] Initialized MultithreadedTaskDispatcher with 18 workers.
[PhysX] Initialized MultithreadedTaskDispatcher with 18 workers.
[PhysX] Initialized MultithreadedTaskDispatcher with 18 workers.
[PhysX] Initialized MultithreadedTaskDispatcher with 18 workers.
[PhysX] Initialized MultithreadedTaskDispatcher with 18 workers.
 -> (artifact id: 'a710325da9909f12631f658bee173069') in 0.043976 seconds
Number of updated asset objects reloaded before import = 0
Number of asset objects unloaded after import = 201
========================================================================
Received Import Request.
  Time since last request: 0.004880 seconds.
  path: Assets/nappin/OfficeEssentialsPack/Prefabs/(Prb)Plant1.prefab
  artifactKey: Guid(09786b2145094304f8e76c50e272040f) Importer(815301076,1909f56bfc062723c751e8b465ee728b)
Start importing Assets/nappin/OfficeEssentialsPack/Prefabs/(Prb)Plant1.prefab using Guid(09786b2145094304f8e76c50e272040f) Importer(815301076,1909f56bfc062723c751e8b465ee728b) [PhysX] Initialized MultithreadedTaskDispatcher with 18 workers.
[PhysX] Initialized MultithreadedTaskDispatcher with 18 workers.
 -> (artifact id: 'ba2ad742e6aa0aba72a047e0082ccc78') in 0.032610 seconds
Number of updated asset objects reloaded before import = 0
Number of asset objects unloaded after import = 16
========================================================================
Received Import Request.
  Time since last request: 0.026370 seconds.
  path: Assets/npc_casual_set_00/Mesh/Mesh_Parts/npc_hmn_01f_upperbody2.fbx
  artifactKey: Guid(e55bb1743f855884c9ba1cfa3cc30a1f) Importer(815301076,1909f56bfc062723c751e8b465ee728b)
Start importing Assets/npc_casual_set_00/Mesh/Mesh_Parts/npc_hmn_01f_upperbody2.fbx using Guid(e55bb1743f855884c9ba1cfa3cc30a1f) Importer(815301076,1909f56bfc062723c751e8b465ee728b) [PhysX] Initialized MultithreadedTaskDispatcher with 18 workers.
[PhysX] Initialized MultithreadedTaskDispatcher with 18 workers.
[PhysX] Initialized MultithreadedTaskDispatcher with 18 workers.
[PhysX] Initialized MultithreadedTaskDispatcher with 18 workers.
[PhysX] Initialized MultithreadedTaskDispatcher with 18 workers.
[PhysX] Initialized MultithreadedTaskDispatcher with 18 workers.
[PhysX] Initialized MultithreadedTaskDispatcher with 18 workers.
[PhysX] Initialized MultithreadedTaskDispatcher with 18 workers.
[PhysX] Initialized MultithreadedTaskDispatcher with 18 workers.
[PhysX] Initialized MultithreadedTaskDispatcher with 18 workers.
[PhysX] Initialized MultithreadedTaskDispatcher with 18 workers.
[PhysX] Initialized MultithreadedTaskDispatcher with 18 workers.
 -> (artifact id: '0921c5b46dc202f0f54891fcabf6ba38') in 0.091300 seconds
Number of updated asset objects reloaded before import = 0
Number of asset objects unloaded after import = 154
========================================================================
Received Import Request.
  Time since last request: 0.013676 seconds.
  path: Assets/Scenes/ZNS3D/Vintage Living Room Game Pack/Textures/Gramophone
  artifactKey: Guid(2130519d2aab6ed4aae78cd8913b4d5e) Importer(815301076,1909f56bfc062723c751e8b465ee728b)
Start importing Assets/Scenes/ZNS3D/Vintage Living Room Game Pack/Textures/Gramophone using Guid(2130519d2aab6ed4aae78cd8913b4d5e) Importer(815301076,1909f56bfc062723c751e8b465ee728b) [PhysX] Initialized MultithreadedTaskDispatcher with 18 workers.
 -> (artifact id: '610e028a422f3d0c5c7000cf443c5fa4') in 0.001014 seconds
Number of updated asset objects reloaded before import = 0
Number of asset objects unloaded after import = 0
========================================================================
Received Import Request.
  Time since last request: 0.028004 seconds.
  path: Assets/nappin/OfficeEssentialsPack/Materials/(Mat)GradientGrey.mat
  artifactKey: Guid(3441f6441092d3c459a48c3c48ea63c6) Importer(815301076,1909f56bfc062723c751e8b465ee728b)
Start importing Assets/nappin/OfficeEssentialsPack/Materials/(Mat)GradientGrey.mat using Guid(3441f6441092d3c459a48c3c48ea63c6) Importer(815301076,1909f56bfc062723c751e8b465ee728b) [PhysX] Initialized MultithreadedTaskDispatcher with 18 workers.
[PhysX] Initialized MultithreadedTaskDispatcher with 18 workers.
 -> (artifact id: 'bcc0fbb9c074efeab135d18a3c631d2e') in 0.029273 seconds
Number of updated asset objects reloaded before import = 0
Number of asset objects unloaded after import = 2
========================================================================
Received Import Request.
  Time since last request: 0.008312 seconds.
  path: Assets/nappin/HouseInteriorPack/Models/(Msh)KitchenIsland.fbx
  artifactKey: Guid(d1a0377cf789263439d9ae63236a7c6e) Importer(815301076,1909f56bfc062723c751e8b465ee728b)
Start importing Assets/nappin/HouseInteriorPack/Models/(Msh)KitchenIsland.fbx using Guid(d1a0377cf789263439d9ae63236a7c6e) Importer(815301076,1909f56bfc062723c751e8b465ee728b) [PhysX] Initialized MultithreadedTaskDispatcher with 18 workers.
[PhysX] Initialized MultithreadedTaskDispatcher with 18 workers.
[PhysX] Initialized MultithreadedTaskDispatcher with 18 workers.
[PhysX] Initialized MultithreadedTaskDispatcher with 18 workers.
[PhysX] Initialized MultithreadedTaskDispatcher with 18 workers.
 -> (artifact id: '0009ac1f858ada8363547ee2ca8d73dd') in 0.042566 seconds
Number of updated asset objects reloaded before import = 0
Number of asset objects unloaded after import = 36
========================================================================
Received Import Request.
  Time since last request: 0.003819 seconds.
  path: Assets/npc_casual_set_00/Prefabs/Prefabs_Parts/npc_hmn_01f_torso2.prefab
  artifactKey: Guid(7ec98accf7f7f514d81eba182373839a) Importer(815301076,1909f56bfc062723c751e8b465ee728b)
Start importing Assets/npc_casual_set_00/Prefabs/Prefabs_Parts/npc_hmn_01f_torso2.prefab using Guid(7ec98accf7f7f514d81eba182373839a) Importer(815301076,1909f56bfc062723c751e8b465ee728b) [PhysX] Initialized MultithreadedTaskDispatcher with 18 workers.
[PhysX] Initialized MultithreadedTaskDispatcher with 18 workers.
 -> (artifact id: '17eb3b0d92cbda0e2142c0d1ada37e35') in 0.041156 seconds
Number of updated asset objects reloaded before import = 0
Number of asset objects unloaded after import = 289
========================================================================
Received Import Request.
  Time since last request: 0.004103 seconds.
  path: Assets/nappin/OfficeEssentialsPack/Prefabs/(Prb)Door.prefab
  artifactKey: Guid(0afd69b5b86b13b4db61d58f91c02066) Importer(815301076,1909f56bfc062723c751e8b465ee728b)
Start importing Assets/nappin/OfficeEssentialsPack/Prefabs/(Prb)Door.prefab using Guid(0afd69b5b86b13b4db61d58f91c02066) Importer(815301076,1909f56bfc062723c751e8b465ee728b) [PhysX] Initialized MultithreadedTaskDispatcher with 18 workers.
[PhysX] Initialized MultithreadedTaskDispatcher with 18 workers.
 -> (artifact id: 'ebff1867c2c5929bd81ce802df33e6b7') in 0.032297 seconds
Number of updated asset objects reloaded before import = 0
Number of asset objects unloaded after import = 23
========================================================================
Received Import Request.
  Time since last request: 0.007667 seconds.
  path: Assets/npc_casual_set_00/Mesh/Mesh_Parts/npc_csl_tshirt_00f_torso.fbx
  artifactKey: Guid(df09d40371d173b47ac32cedc0b1372c) Importer(815301076,1909f56bfc062723c751e8b465ee728b)
Start importing Assets/npc_casual_set_00/Mesh/Mesh_Parts/npc_csl_tshirt_00f_torso.fbx using Guid(df09d40371d173b47ac32cedc0b1372c) Importer(815301076,1909f56bfc062723c751e8b465ee728b) [PhysX] Initialized MultithreadedTaskDispatcher with 18 workers.
[PhysX] Initialized MultithreadedTaskDispatcher with 18 workers.
[PhysX] Initialized MultithreadedTaskDispatcher with 18 workers.
[PhysX] Initialized MultithreadedTaskDispatcher with 18 workers.
[PhysX] Initialized MultithreadedTaskDispatcher with 18 workers.
[PhysX] Initialized MultithreadedTaskDispatcher with 18 workers.
[PhysX] Initialized MultithreadedTaskDispatcher with 18 workers.
[PhysX] Initialized MultithreadedTaskDispatcher with 18 workers.
[PhysX] Initialized MultithreadedTaskDispatcher with 18 workers.
[PhysX] Initialized MultithreadedTaskDispatcher with 18 workers.
[PhysX] Initialized MultithreadedTaskDispatcher with 18 workers.
[PhysX] Initialized MultithreadedTaskDispatcher with 18 workers.
 -> (artifact id: '086f44e05a2172cede856c604aa6d706') in 0.084147 seconds
Number of updated asset objects reloaded before import = 0
Number of asset objects unloaded after import = 149
========================================================================
Received Import Request.
  Time since last request: 0.012658 seconds.
  path: Assets/HorrorPuzzleItems/Floppy/Icons
  artifactKey: Guid(1d840b03f3973aa4a9459ba9cc0e3ab8) Importer(815301076,1909f56bfc062723c751e8b465ee728b)
Start importing Assets/HorrorPuzzleItems/Floppy/Icons using Guid(1d840b03f3973aa4a9459ba9cc0e3ab8) Importer(815301076,1909f56bfc062723c751e8b465ee728b) [PhysX] Initialized MultithreadedTaskDispatcher with 18 workers.
 -> (artifact id: '206c5be6e7acced1112443b88d470eb9') in 0.000666 seconds
Number of updated asset objects reloaded before import = 0
Number of asset objects unloaded after import = 0
========================================================================
Received Import Request.
  Time since last request: 0.002869 seconds.
  path: Assets/npc_casual_set_00/Materials
  artifactKey: Guid(9854105c56f19e340b6566d4fdb3576e) Importer(815301076,1909f56bfc062723c751e8b465ee728b)
Start importing Assets/npc_casual_set_00/Materials using Guid(9854105c56f19e340b6566d4fdb3576e) Importer(815301076,1909f56bfc062723c751e8b465ee728b) [PhysX] Initialized MultithreadedTaskDispatcher with 18 workers.
 -> (artifact id: '4b1a11499f2746b1703f775f235d3b43') in 0.000932 seconds
Number of updated asset objects reloaded before import = 0
Number of asset objects unloaded after import = 0
========================================================================
Received Import Request.
  Time since last request: 0.012899 seconds.
  path: Assets/JustPlay/Сomputer devices/Objects/Keyboard
  artifactKey: Guid(f09e41f3ad166294ea0a9a376adc0bcd) Importer(815301076,1909f56bfc062723c751e8b465ee728b)
Start importing Assets/JustPlay/Сomputer devices/Objects/Keyboard using Guid(f09e41f3ad166294ea0a9a376adc0bcd) Importer(815301076,1909f56bfc062723c751e8b465ee728b) [PhysX] Initialized MultithreadedTaskDispatcher with 18 workers.
 -> (artifact id: 'd56c6f4b2778f68dfe97b94c0c0b3f87') in 0.000456 seconds
Number of updated asset objects reloaded before import = 0
Number of asset objects unloaded after import = 0
========================================================================
Received Import Request.
  Time since last request: 0.018080 seconds.
  path: Assets/HorrorPuzzleItems/Gem/Materials
  artifactKey: Guid(044d75151d13c5743ad3dc2f34155937) Importer(815301076,1909f56bfc062723c751e8b465ee728b)
Start importing Assets/HorrorPuzzleItems/Gem/Materials using Guid(044d75151d13c5743ad3dc2f34155937) Importer(815301076,1909f56bfc062723c751e8b465ee728b) [PhysX] Initialized MultithreadedTaskDispatcher with 18 workers.
 -> (artifact id: '5bc85e192b62c66993071e1ac34488f1') in 0.000821 seconds
Number of updated asset objects reloaded before import = 0
Number of asset objects unloaded after import = 0
========================================================================
Received Import Request.
  Time since last request: 0.002249 seconds.
  path: Assets/HorrorPuzzleItems/Cable/Textures
  artifactKey: Guid(bee8d01147beef44cbdc6d5d9144103b) Importer(815301076,1909f56bfc062723c751e8b465ee728b)
Start importing Assets/HorrorPuzzleItems/Cable/Textures using Guid(bee8d01147beef44cbdc6d5d9144103b) Importer(815301076,1909f56bfc062723c751e8b465ee728b) [PhysX] Initialized MultithreadedTaskDispatcher with 18 workers.
 -> (artifact id: '5057f1614af9288b19fbd69e8dc153f1') in 0.000651 seconds
Number of updated asset objects reloaded before import = 0
Number of asset objects unloaded after import = 0
========================================================================
Received Import Request.
  Time since last request: 0.015197 seconds.
  path: Assets/nappin/OfficeEssentialsPack/Prefabs/(Prb)Shelves1.prefab
  artifactKey: Guid(fa8eb2eb998ad8c489fe86794b62dfe1) Importer(815301076,1909f56bfc062723c751e8b465ee728b)
Start importing Assets/nappin/OfficeEssentialsPack/Prefabs/(Prb)Shelves1.prefab using Guid(fa8eb2eb998ad8c489fe86794b62dfe1) Importer(815301076,1909f56bfc062723c751e8b465ee728b) [PhysX] Initialized MultithreadedTaskDispatcher with 18 workers.
[PhysX] Initialized MultithreadedTaskDispatcher with 18 workers.
 -> (artifact id: 'dd7096ca4b479998e801f11ff80641ae') in 0.029947 seconds
Number of updated asset objects reloaded before import = 0
Number of asset objects unloaded after import = 14
========================================================================
Received Import Request.
  Time since last request: 0.020489 seconds.
  path: Assets/HorrorPuzzleItems/Cable/Textures/Cable_Black.png
  artifactKey: Guid(f4ff4904fc8ac6e47ae9bd232ee6d740) Importer(815301076,1909f56bfc062723c751e8b465ee728b)
Start importing Assets/HorrorPuzzleItems/Cable/Textures/Cable_Black.png using Guid(f4ff4904fc8ac6e47ae9bd232ee6d740) Importer(815301076,1909f56bfc062723c751e8b465ee728b) [PhysX] Initialized MultithreadedTaskDispatcher with 18 workers.
[PhysX] Initialized MultithreadedTaskDispatcher with 18 workers.
 -> (artifact id: '79593ebec17c99f025c455b316ac0880') in 0.021954 seconds
Number of updated asset objects reloaded before import = 0
Number of asset objects unloaded after import = 2
========================================================================
Received Import Request.
  Time since last request: 0.004173 seconds.
  path: Assets/npc_casual_set_00/Textures/npc_csl_pants_00m_01_01_o.tif
  artifactKey: Guid(059bc073b6f3ded4eb8e001243ff23aa) Importer(815301076,1909f56bfc062723c751e8b465ee728b)
Start importing Assets/npc_casual_set_00/Textures/npc_csl_pants_00m_01_01_o.tif using Guid(059bc073b6f3ded4eb8e001243ff23aa) Importer(815301076,1909f56bfc062723c751e8b465ee728b) [PhysX] Initialized MultithreadedTaskDispatcher with 18 workers.
[PhysX] Initialized MultithreadedTaskDispatcher with 18 workers.
 -> (artifact id: '889300889d94fd7b2e048d0cd79be979') in 0.024879 seconds
Number of updated asset objects reloaded before import = 0
Number of asset objects unloaded after import = 2
========================================================================
Received Import Request.
  Time since last request: 0.024410 seconds.
  path: Assets/Scenes/ZNS3D/Vintage Living Room Game Pack/Textures/Decors_1
  artifactKey: Guid(cb5256c140da2b24e980365938c30da7) Importer(815301076,1909f56bfc062723c751e8b465ee728b)
Start importing Assets/Scenes/ZNS3D/Vintage Living Room Game Pack/Textures/Decors_1 using Guid(cb5256c140da2b24e980365938c30da7) Importer(815301076,1909f56bfc062723c751e8b465ee728b) [PhysX] Initialized MultithreadedTaskDispatcher with 18 workers.
 -> (artifact id: '64182853249a93e980c986ddd6eabd65') in 0.000930 seconds
Number of updated asset objects reloaded before import = 0
Number of asset objects unloaded after import = 0
========================================================================
Received Import Request.
  Time since last request: 0.004816 seconds.
  path: Assets/npc_casual_set_00/Mesh/Mesh_Parts/npc_hmn_01m_head3.fbx
  artifactKey: Guid(8e419d7ea5aa19f40833098222149c20) Importer(815301076,1909f56bfc062723c751e8b465ee728b)
Start importing Assets/npc_casual_set_00/Mesh/Mesh_Parts/npc_hmn_01m_head3.fbx using Guid(8e419d7ea5aa19f40833098222149c20) Importer(815301076,1909f56bfc062723c751e8b465ee728b) [PhysX] Initialized MultithreadedTaskDispatcher with 18 workers.
[PhysX] Initialized MultithreadedTaskDispatcher with 18 workers.
[PhysX] Initialized MultithreadedTaskDispatcher with 18 workers.
[PhysX] Initialized MultithreadedTaskDispatcher with 18 workers.
[PhysX] Initialized MultithreadedTaskDispatcher with 18 workers.
[PhysX] Initialized MultithreadedTaskDispatcher with 18 workers.
[PhysX] Initialized MultithreadedTaskDispatcher with 18 workers.
[PhysX] Initialized MultithreadedTaskDispatcher with 18 workers.
[PhysX] Initialized MultithreadedTaskDispatcher with 18 workers.
[PhysX] Initialized MultithreadedTaskDispatcher with 18 workers.
[PhysX] Initialized MultithreadedTaskDispatcher with 18 workers.
[PhysX] Initialized MultithreadedTaskDispatcher with 18 workers.
 -> (artifact id: 'a63baac66083e1a0418697be662e8fcb') in 0.095048 seconds
Number of updated asset objects reloaded before import = 0
Number of asset objects unloaded after import = 154
========================================================================
Received Import Request.
  Time since last request: 0.007634 seconds.
  path: Assets/JustPlay/Demo/Set appliances/ReflectionProbe-1.exr
  artifactKey: Guid(df6c8c6aaaa6671419ac4222e927866f) Importer(815301076,1909f56bfc062723c751e8b465ee728b)
Start importing Assets/JustPlay/Demo/Set appliances/ReflectionProbe-1.exr using Guid(df6c8c6aaaa6671419ac4222e927866f) Importer(815301076,1909f56bfc062723c751e8b465ee728b) [PhysX] Initialized MultithreadedTaskDispatcher with 18 workers.
[PhysX] Initialized MultithreadedTaskDispatcher with 18 workers.
[PhysX] Initialized MultithreadedTaskDispatcher with 18 workers.
 -> (artifact id: 'f03384c6cf513795a2bf1658183dfead') in 0.027219 seconds
Number of updated asset objects reloaded before import = 0
Number of asset objects unloaded after import = 1
========================================================================
Received Import Request.
  Time since last request: 0.041885 seconds.
  path: Assets/HorrorPuzzleItems/Battery/Textures/Battery.png
  artifactKey: Guid(ea40f52e35ebb0d42985f837ffc1496a) Importer(815301076,1909f56bfc062723c751e8b465ee728b)
Start importing Assets/HorrorPuzzleItems/Battery/Textures/Battery.png using Guid(ea40f52e35ebb0d42985f837ffc1496a) Importer(815301076,1909f56bfc062723c751e8b465ee728b) [PhysX] Initialized MultithreadedTaskDispatcher with 18 workers.
[PhysX] Initialized MultithreadedTaskDispatcher with 18 workers.
 -> (artifact id: '544a442b3b442a0ac7e31077115e6dad') in 0.023010 seconds
Number of updated asset objects reloaded before import = 0
Number of asset objects unloaded after import = 2
========================================================================
Received Import Request.
  Time since last request: 0.028568 seconds.
  path: Assets/HorrorPuzzleItems/Valve
  artifactKey: Guid(a7846d69f89e9454f8cc8ba461a73c92) Importer(815301076,1909f56bfc062723c751e8b465ee728b)
Start importing Assets/HorrorPuzzleItems/Valve using Guid(a7846d69f89e9454f8cc8ba461a73c92) Importer(815301076,1909f56bfc062723c751e8b465ee728b) [PhysX] Initialized MultithreadedTaskDispatcher with 18 workers.
 -> (artifact id: '3a299397aae81e2cc3a5cbabb1d14d59') in 0.000682 seconds
Number of updated asset objects reloaded before import = 0
Number of asset objects unloaded after import = 0
========================================================================
Received Import Request.
  Time since last request: 0.008940 seconds.
  path: Assets/npc_casual_set_00/Mesh/npc_haircut_a_03.fbx
  artifactKey: Guid(a628400937de95a4292762abb43a2481) Importer(815301076,1909f56bfc062723c751e8b465ee728b)
Start importing Assets/npc_casual_set_00/Mesh/npc_haircut_a_03.fbx using Guid(a628400937de95a4292762abb43a2481) Importer(815301076,1909f56bfc062723c751e8b465ee728b) [PhysX] Initialized MultithreadedTaskDispatcher with 18 workers.
[PhysX] Initialized MultithreadedTaskDispatcher with 18 workers.
[PhysX] Initialized MultithreadedTaskDispatcher with 18 workers.
[PhysX] Initialized MultithreadedTaskDispatcher with 18 workers.
[PhysX] Initialized MultithreadedTaskDispatcher with 18 workers.
[PhysX] Initialized MultithreadedTaskDispatcher with 18 workers.
[PhysX] Initialized MultithreadedTaskDispatcher with 18 workers.
[PhysX] Initialized MultithreadedTaskDispatcher with 18 workers.
[PhysX] Initialized MultithreadedTaskDispatcher with 18 workers.
[PhysX] Initialized MultithreadedTaskDispatcher with 18 workers.
[PhysX] Initialized MultithreadedTaskDispatcher with 18 workers.
[PhysX] Initialized MultithreadedTaskDispatcher with 18 workers.
 -> (artifact id: 'a08add6d6b1aa575ca9b6beffc659522') in 0.087019 seconds
Number of updated asset objects reloaded before import = 0
Number of asset objects unloaded after import = 145
========================================================================
Received Import Request.
  Time since last request: 0.002853 seconds.
  path: Assets/JustPlay/Сomputer devices/Objects/Monitor/Textures
  artifactKey: Guid(e1e01284cee9a5d45bc00546fb82142e) Importer(815301076,1909f56bfc062723c751e8b465ee728b)
Start importing Assets/JustPlay/Сomputer devices/Objects/Monitor/Textures using Guid(e1e01284cee9a5d45bc00546fb82142e) Importer(815301076,1909f56bfc062723c751e8b465ee728b) [PhysX] Initialized MultithreadedTaskDispatcher with 18 workers.
 -> (artifact id: '1004080261087623719690cfa98ac5a4') in 0.000877 seconds
Number of updated asset objects reloaded before import = 0
Number of asset objects unloaded after import = 0
========================================================================
Received Import Request.
  Time since last request: 0.004794 seconds.
  path: Assets/npc_casual_set_00/Mesh/Mesh_Parts/npc_hmn_01m_arms6.fbx
  artifactKey: Guid(53d345d7f856b354aa43f039194dab4d) Importer(815301076,1909f56bfc062723c751e8b465ee728b)
Start importing Assets/npc_casual_set_00/Mesh/Mesh_Parts/npc_hmn_01m_arms6.fbx using Guid(53d345d7f856b354aa43f039194dab4d) Importer(815301076,1909f56bfc062723c751e8b465ee728b) [PhysX] Initialized MultithreadedTaskDispatcher with 18 workers.
[PhysX] Initialized MultithreadedTaskDispatcher with 18 workers.
[PhysX] Initialized MultithreadedTaskDispatcher with 18 workers.
[PhysX] Initialized MultithreadedTaskDispatcher with 18 workers.
[PhysX] Initialized MultithreadedTaskDispatcher with 18 workers.
[PhysX] Initialized MultithreadedTaskDispatcher with 18 workers.
[PhysX] Initialized MultithreadedTaskDispatcher with 18 workers.
[PhysX] Initialized MultithreadedTaskDispatcher with 18 workers.
[PhysX] Initialized MultithreadedTaskDispatcher with 18 workers.
[PhysX] Initialized MultithreadedTaskDispatcher with 18 workers.
[PhysX] Initialized MultithreadedTaskDispatcher with 18 workers.
[PhysX] Initialized MultithreadedTaskDispatcher with 18 workers.
 -> (artifact id: 'd204cbefbe4d3bba42cf309efe163993') in 0.092854 seconds
Number of updated asset objects reloaded before import = 0
Number of asset objects unloaded after import = 149
========================================================================
Received Import Request.
  Time since last request: 0.006289 seconds.
  path: Assets/npc_casual_set_00/Textures/npc_hmn_face_01m_03_01_o.tif
  artifactKey: Guid(8adbb7ff57e1503458f0060dadb43f6d) Importer(815301076,1909f56bfc062723c751e8b465ee728b)
Start importing Assets/npc_casual_set_00/Textures/npc_hmn_face_01m_03_01_o.tif using Guid(8adbb7ff57e1503458f0060dadb43f6d) Importer(815301076,1909f56bfc062723c751e8b465ee728b) [PhysX] Initialized MultithreadedTaskDispatcher with 18 workers.
[PhysX] Initialized MultithreadedTaskDispatcher with 18 workers.
 -> (artifact id: 'c858256df2e5c5528755d0cc584d5e53') in 0.025551 seconds
Number of updated asset objects reloaded before import = 0
Number of asset objects unloaded after import = 2
========================================================================
Received Import Request.
  Time since last request: 0.004591 seconds.
  path: Assets/JustPlay/Сomputer devices/Objects/Speakers/Materials
  artifactKey: Guid(32cae97d41e29094a833ae1f957a89bc) Importer(815301076,1909f56bfc062723c751e8b465ee728b)
Start importing Assets/JustPlay/Сomputer devices/Objects/Speakers/Materials using Guid(32cae97d41e29094a833ae1f957a89bc) Importer(815301076,1909f56bfc062723c751e8b465ee728b) [PhysX] Initialized MultithreadedTaskDispatcher with 18 workers.
 -> (artifact id: '0e9f754cc61285b5c45e7bba4e4f72be') in 0.001067 seconds
Number of updated asset objects reloaded before import = 0
Number of asset objects unloaded after import = 0
========================================================================
Received Import Request.
  Time since last request: 0.011336 seconds.
  path: Assets/HorrorPuzzleItems/Gem/Textures
  artifactKey: Guid(0564c5a9ae42b5649a6e688480b1acd8) Importer(815301076,1909f56bfc062723c751e8b465ee728b)
Start importing Assets/HorrorPuzzleItems/Gem/Textures using Guid(0564c5a9ae42b5649a6e688480b1acd8) Importer(815301076,1909f56bfc062723c751e8b465ee728b) [PhysX] Initialized MultithreadedTaskDispatcher with 18 workers.
 -> (artifact id: '04db837fcfe7b5b1953f13a01d1ff88f') in 0.000743 seconds
Number of updated asset objects reloaded before import = 0
Number of asset objects unloaded after import = 0
========================================================================
Received Import Request.
  Time since last request: 0.007059 seconds.
  path: Assets/JustPlay/Сomputer devices/Prefabs
  artifactKey: Guid(220b6165782e4e648959ffbaacb1bad8) Importer(815301076,1909f56bfc062723c751e8b465ee728b)
Start importing Assets/JustPlay/Сomputer devices/Prefabs using Guid(220b6165782e4e648959ffbaacb1bad8) Importer(815301076,1909f56bfc062723c751e8b465ee728b) [PhysX] Initialized MultithreadedTaskDispatcher with 18 workers.
 -> (artifact id: '5b9ec832c8779216ed873f15853db7df') in 0.000757 seconds
Number of updated asset objects reloaded before import = 0
Number of asset objects unloaded after import = 0
========================================================================
Received Import Request.
  Time since last request: 0.003992 seconds.
  path: Assets/npc_casual_set_00/Prefabs
  artifactKey: Guid(e7c5422716619994bba4ddbf1339684d) Importer(815301076,1909f56bfc062723c751e8b465ee728b)
Start importing Assets/npc_casual_set_00/Prefabs using Guid(e7c5422716619994bba4ddbf1339684d) Importer(815301076,1909f56bfc062723c751e8b465ee728b) [PhysX] Initialized MultithreadedTaskDispatcher with 18 workers.
 -> (artifact id: 'a22723853fb30a751e980c7cdb154f3e') in 0.000441 seconds
Number of updated asset objects reloaded before import = 0
Number of asset objects unloaded after import = 0
========================================================================
Received Import Request.
  Time since last request: 0.010247 seconds.
  path: Assets/npc_casual_set_00/Mesh/npc_csl_tshirt_00f.fbx
  artifactKey: Guid(ab356a3ff7271e645b168f028442b1a2) Importer(815301076,1909f56bfc062723c751e8b465ee728b)
Start importing Assets/npc_casual_set_00/Mesh/npc_csl_tshirt_00f.fbx using Guid(ab356a3ff7271e645b168f028442b1a2) Importer(815301076,1909f56bfc062723c751e8b465ee728b) [PhysX] Initialized MultithreadedTaskDispatcher with 18 workers.
[PhysX] Initialized MultithreadedTaskDispatcher with 18 workers.
[PhysX] Initialized MultithreadedTaskDispatcher with 18 workers.
[PhysX] Initialized MultithreadedTaskDispatcher with 18 workers.
[PhysX] Initialized MultithreadedTaskDispatcher with 18 workers.
[PhysX] Initialized MultithreadedTaskDispatcher with 18 workers.
[PhysX] Initialized MultithreadedTaskDispatcher with 18 workers.
[PhysX] Initialized MultithreadedTaskDispatcher with 18 workers.
[PhysX] Initialized MultithreadedTaskDispatcher with 18 workers.
[PhysX] Initialized MultithreadedTaskDispatcher with 18 workers.
[PhysX] Initialized MultithreadedTaskDispatcher with 18 workers.
[PhysX] Initialized MultithreadedTaskDispatcher with 18 workers.
 -> (artifact id: '1e54d977f764897f54358f7c6e7a798f') in 0.088928 seconds
Number of updated asset objects reloaded before import = 0
Number of asset objects unloaded after import = 149
========================================================================
Received Import Request.
  Time since last request: 0.015780 seconds.
  path: Assets/npc_casual_set_00/Textures/npc_csl_shoe_01_00_01bw_c.tif
  artifactKey: Guid(7f4f0c0a6aae772438256d06688a8506) Importer(815301076,1909f56bfc062723c751e8b465ee728b)
Start importing Assets/npc_casual_set_00/Textures/npc_csl_shoe_01_00_01bw_c.tif using Guid(7f4f0c0a6aae772438256d06688a8506) Importer(815301076,1909f56bfc062723c751e8b465ee728b) [PhysX] Initialized MultithreadedTaskDispatcher with 18 workers.
[PhysX] Initialized MultithreadedTaskDispatcher with 18 workers.
 -> (artifact id: 'f07ecd5c09d3d9f6cabefbaf9254eed7') in 0.029107 seconds
Number of updated asset objects reloaded before import = 0
Number of asset objects unloaded after import = 2
========================================================================
Received Import Request.
  Time since last request: 0.005846 seconds.
  path: Assets/npc_casual_set_00/Textures/npc_hmn_face_01m_01_01_m.tif
  artifactKey: Guid(c5599172c25a6a64bbf6ddef0e201387) Importer(815301076,1909f56bfc062723c751e8b465ee728b)
Start importing Assets/npc_casual_set_00/Textures/npc_hmn_face_01m_01_01_m.tif using Guid(c5599172c25a6a64bbf6ddef0e201387) Importer(815301076,1909f56bfc062723c751e8b465ee728b) [PhysX] Initialized MultithreadedTaskDispatcher with 18 workers.
[PhysX] Initialized MultithreadedTaskDispatcher with 18 workers.
 -> (artifact id: '8e45310f84731304eb9034d2fcd1cb6d') in 0.008853 seconds
Number of updated asset objects reloaded before import = 0
Number of asset objects unloaded after import = 2
========================================================================
Received Import Request.
  Time since last request: 0.021622 seconds.
  path: Assets/JustPlay/Сomputer devices/Objects/Mouse from pc/Textures/AO.png
  artifactKey: Guid(b695827e5b35c884d8b4088910eee5ab) Importer(815301076,1909f56bfc062723c751e8b465ee728b)
Start importing Assets/JustPlay/Сomputer devices/Objects/Mouse from pc/Textures/AO.png using Guid(b695827e5b35c884d8b4088910eee5ab) Importer(815301076,1909f56bfc062723c751e8b465ee728b) [PhysX] Initialized MultithreadedTaskDispatcher with 18 workers.
[PhysX] Initialized MultithreadedTaskDispatcher with 18 workers.
 -> (artifact id: '27888f046fe7ba25f279d19508a7b959') in 0.026396 seconds
Number of updated asset objects reloaded before import = 0
Number of asset objects unloaded after import = 2
========================================================================
Received Import Request.
  Time since last request: 0.033439 seconds.
  path: Assets/npc_casual_set_00/Prefabs/Prefabs_Parts/npc_hmn_01m_head2.prefab
  artifactKey: Guid(e1fd861de0576ea4b853e2ec1b55cf1f) Importer(815301076,1909f56bfc062723c751e8b465ee728b)
Start importing Assets/npc_casual_set_00/Prefabs/Prefabs_Parts/npc_hmn_01m_head2.prefab using Guid(e1fd861de0576ea4b853e2ec1b55cf1f) Importer(815301076,1909f56bfc062723c751e8b465ee728b) [PhysX] Initialized MultithreadedTaskDispatcher with 18 workers.
[PhysX] Initialized MultithreadedTaskDispatcher with 18 workers.
 -> (artifact id: '9fc288adf73d16186ff7420cccbaca73') in 0.042133 seconds
Number of updated asset objects reloaded before import = 0
Number of asset objects unloaded after import = 294
========================================================================
Received Import Request.
  Time since last request: 0.008218 seconds.
  path: Assets/npc_casual_set_00/Textures/npc_csl_tshirt_00f_01_01_o.tif
  artifactKey: Guid(37a2b948bd4663e49a858ab84b2dc388) Importer(815301076,1909f56bfc062723c751e8b465ee728b)
Start importing Assets/npc_casual_set_00/Textures/npc_csl_tshirt_00f_01_01_o.tif using Guid(37a2b948bd4663e49a858ab84b2dc388) Importer(815301076,1909f56bfc062723c751e8b465ee728b) [PhysX] Initialized MultithreadedTaskDispatcher with 18 workers.
[PhysX] Initialized MultithreadedTaskDispatcher with 18 workers.
 -> (artifact id: 'cc707c5a19d434bfd02cee2cfc118511') in 0.027708 seconds
Number of updated asset objects reloaded before import = 0
Number of asset objects unloaded after import = 2
========================================================================
Received Import Request.
  Time since last request: 0.012716 seconds.
  path: Assets/npc_casual_set_00/Textures/npc_hmn_body_01f_01_01_m.tif
  artifactKey: Guid(fd6e1fcc976c17d40b2d5dfe0416a9e0) Importer(815301076,1909f56bfc062723c751e8b465ee728b)
Start importing Assets/npc_casual_set_00/Textures/npc_hmn_body_01f_01_01_m.tif using Guid(fd6e1fcc976c17d40b2d5dfe0416a9e0) Importer(815301076,1909f56bfc062723c751e8b465ee728b) [PhysX] Initialized MultithreadedTaskDispatcher with 18 workers.
[PhysX] Initialized MultithreadedTaskDispatcher with 18 workers.
 -> (artifact id: 'acd85a8f5cda8c5c5c8e10a69e3e8fc1') in 0.012013 seconds
Number of updated asset objects reloaded before import = 0
Number of asset objects unloaded after import = 2
========================================================================
Received Import Request.
  Time since last request: 0.020766 seconds.
  path: Assets/HorrorPuzzleItems/USBKey/Models
  artifactKey: Guid(efad2ed463ef2bf4c834bd6371b5a1de) Importer(815301076,1909f56bfc062723c751e8b465ee728b)
Start importing Assets/HorrorPuzzleItems/USBKey/Models using Guid(efad2ed463ef2bf4c834bd6371b5a1de) Importer(815301076,1909f56bfc062723c751e8b465ee728b) [PhysX] Initialized MultithreadedTaskDispatcher with 18 workers.
 -> (artifact id: '03bcad412d951507230255379e039459') in 0.000645 seconds
Number of updated asset objects reloaded before import = 0
Number of asset objects unloaded after import = 0
========================================================================
Received Import Request.
  Time since last request: 0.020838 seconds.
  path: Assets/nappin/OfficeEssentialsPack/Prefabs/(Prb)Lamp.prefab
  artifactKey: Guid(184025b0b1d332c4db8122de5dd6c499) Importer(815301076,1909f56bfc062723c751e8b465ee728b)
Start importing Assets/nappin/OfficeEssentialsPack/Prefabs/(Prb)Lamp.prefab using Guid(184025b0b1d332c4db8122de5dd6c499) Importer(815301076,1909f56bfc062723c751e8b465ee728b) [PhysX] Initialized MultithreadedTaskDispatcher with 18 workers.
[PhysX] Initialized MultithreadedTaskDispatcher with 18 workers.
 -> (artifact id: '8415d80bfa67d5fb745cf7f056dd967d') in 0.031647 seconds
Number of updated asset objects reloaded before import = 0
Number of asset objects unloaded after import = 14
========================================================================
Received Import Request.
  Time since last request: 0.018118 seconds.
  path: Assets/npc_casual_set_00/Textures/npc_hmn_body_01f_01_01_o.tif
  artifactKey: Guid(08a46ab82c6f0994b9129b9343c5af04) Importer(815301076,1909f56bfc062723c751e8b465ee728b)
Start importing Assets/npc_casual_set_00/Textures/npc_hmn_body_01f_01_01_o.tif using Guid(08a46ab82c6f0994b9129b9343c5af04) Importer(815301076,1909f56bfc062723c751e8b465ee728b) [PhysX] Initialized MultithreadedTaskDispatcher with 18 workers.
[PhysX] Initialized MultithreadedTaskDispatcher with 18 workers.
 -> (artifact id: '26a5edf9781496ddfff7d2b39487133e') in 0.025382 seconds
Number of updated asset objects reloaded before import = 0
Number of asset objects unloaded after import = 2
========================================================================
Received Import Request.
  Time since last request: 0.004980 seconds.
  path: Assets/HorrorPuzzleItems/Gear/Icons/Icon_Gear.png
  artifactKey: Guid(2e7ac424d2d6fd9409c61113863dac08) Importer(815301076,1909f56bfc062723c751e8b465ee728b)
Start importing Assets/HorrorPuzzleItems/Gear/Icons/Icon_Gear.png using Guid(2e7ac424d2d6fd9409c61113863dac08) Importer(815301076,1909f56bfc062723c751e8b465ee728b) [PhysX] Initialized MultithreadedTaskDispatcher with 18 workers.
[PhysX] Initialized MultithreadedTaskDispatcher with 18 workers.
 -> (artifact id: '91c98262700c9220bc075aaa12cf149f') in 0.030978 seconds
Number of updated asset objects reloaded before import = 0
Number of asset objects unloaded after import = 3
========================================================================
Received Import Request.
  Time since last request: 0.004387 seconds.
  path: Assets/nappin/HouseInteriorPack/Models/(Msh)Drawer1.fbx
  artifactKey: Guid(2239a0a1b2001b34c820ab19d7bbda89) Importer(815301076,1909f56bfc062723c751e8b465ee728b)
Start importing Assets/nappin/HouseInteriorPack/Models/(Msh)Drawer1.fbx using Guid(2239a0a1b2001b34c820ab19d7bbda89) Importer(815301076,1909f56bfc062723c751e8b465ee728b) [PhysX] Initialized MultithreadedTaskDispatcher with 18 workers.
[PhysX] Initialized MultithreadedTaskDispatcher with 18 workers.
[PhysX] Initialized MultithreadedTaskDispatcher with 18 workers.
[PhysX] Initialized MultithreadedTaskDispatcher with 18 workers.
[PhysX] Initialized MultithreadedTaskDispatcher with 18 workers.
[PhysX] Initialized MultithreadedTaskDispatcher with 18 workers.
 -> (artifact id: 'd82f014c4b36353910745aff21cc1470') in 0.047117 seconds
Number of updated asset objects reloaded before import = 0
Number of asset objects unloaded after import = 21
========================================================================
Received Import Request.
  Time since last request: 0.002854 seconds.
  path: Assets/HorrorPuzzleItems/Battery/Models
  artifactKey: Guid(d02a784fb6be63b418bf274f30095958) Importer(815301076,1909f56bfc062723c751e8b465ee728b)
Start importing Assets/HorrorPuzzleItems/Battery/Models using Guid(d02a784fb6be63b418bf274f30095958) Importer(815301076,1909f56bfc062723c751e8b465ee728b) [PhysX] Initialized MultithreadedTaskDispatcher with 18 workers.
 -> (artifact id: '403e40837123a1c345f94e6a3684cbaf') in 0.001260 seconds
Number of updated asset objects reloaded before import = 0
Number of asset objects unloaded after import = 0
========================================================================
Received Import Request.
  Time since last request: 0.008964 seconds.
  path: Assets/HorrorPuzzleItems/Lighter/Materials
  artifactKey: Guid(3546354a6b83bd545badf7d5e0d9e87a) Importer(815301076,1909f56bfc062723c751e8b465ee728b)
Start importing Assets/HorrorPuzzleItems/Lighter/Materials using Guid(3546354a6b83bd545badf7d5e0d9e87a) Importer(815301076,1909f56bfc062723c751e8b465ee728b) [PhysX] Initialized MultithreadedTaskDispatcher with 18 workers.
 -> (artifact id: '01276f17fc4f1e418143cb6a9a254a3b') in 0.000877 seconds
Number of updated asset objects reloaded before import = 0
Number of asset objects unloaded after import = 0
========================================================================
Received Import Request.
  Time since last request: 0.005910 seconds.
  path: Assets/npc_casual_set_00/Textures/npc_csl_tshirt_00m_01_02bw_c.tif
  artifactKey: Guid(d4e01967ad2c2cf4680f2a8c764693fe) Importer(815301076,1909f56bfc062723c751e8b465ee728b)
Start importing Assets/npc_casual_set_00/Textures/npc_csl_tshirt_00m_01_02bw_c.tif using Guid(d4e01967ad2c2cf4680f2a8c764693fe) Importer(815301076,1909f56bfc062723c751e8b465ee728b) [PhysX] Initialized MultithreadedTaskDispatcher with 18 workers.
[PhysX] Initialized MultithreadedTaskDispatcher with 18 workers.
 -> (artifact id: 'b6bb09965a68c1188d217e8012627163') in 0.029605 seconds
Number of updated asset objects reloaded before import = 0
Number of asset objects unloaded after import = 2
========================================================================
Received Import Request.
  Time since last request: 0.005629 seconds.
  path: Assets/npc_casual_set_00/Textures/npc_hmn_face_01m_04_01_c.tif
  artifactKey: Guid(33af97a8fb37831498dccd483ef5296a) Importer(815301076,1909f56bfc062723c751e8b465ee728b)
Start importing Assets/npc_casual_set_00/Textures/npc_hmn_face_01m_04_01_c.tif using Guid(33af97a8fb37831498dccd483ef5296a) Importer(815301076,1909f56bfc062723c751e8b465ee728b) [PhysX] Initialized MultithreadedTaskDispatcher with 18 workers.
[PhysX] Initialized MultithreadedTaskDispatcher with 18 workers.
 -> (artifact id: '04810a3811664ed1b6c28cc690d9497e') in 0.024998 seconds
Number of updated asset objects reloaded before import = 0
Number of asset objects unloaded after import = 2
========================================================================
Received Import Request.
  Time since last request: 0.018437 seconds.
  path: Assets/npc_casual_set_00/Prefabs/npc_csl_shirtopenrolled_00m_01_01.prefab
  artifactKey: Guid(4d83d21d452979c42baac08b97ffb377) Importer(815301076,1909f56bfc062723c751e8b465ee728b)
Start importing Assets/npc_casual_set_00/Prefabs/npc_csl_shirtopenrolled_00m_01_01.prefab using Guid(4d83d21d452979c42baac08b97ffb377) Importer(815301076,1909f56bfc062723c751e8b465ee728b) [PhysX] Initialized MultithreadedTaskDispatcher with 18 workers.
[PhysX] Initialized MultithreadedTaskDispatcher with 18 workers.
 -> (artifact id: '4252f8a17810a9ae241596b58377a26e') in 0.036593 seconds
Number of updated asset objects reloaded before import = 0
Number of asset objects unloaded after import = 291
========================================================================
Received Import Request.
  Time since last request: 0.013990 seconds.
  path: Assets/npc_casual_set_00/Textures/npc_hmn_face_01m_04_01_msk.tif
  artifactKey: Guid(7f36abce851534d4692f96c34b9ce4f7) Importer(815301076,1909f56bfc062723c751e8b465ee728b)
Start importing Assets/npc_casual_set_00/Textures/npc_hmn_face_01m_04_01_msk.tif using Guid(7f36abce851534d4692f96c34b9ce4f7) Importer(815301076,1909f56bfc062723c751e8b465ee728b) [PhysX] Initialized MultithreadedTaskDispatcher with 18 workers.
[PhysX] Initialized MultithreadedTaskDispatcher with 18 workers.
 -> (artifact id: '6dafa1ee3c98e3c8c47063d525c786a2') in 0.023065 seconds
Number of updated asset objects reloaded before import = 0
Number of asset objects unloaded after import = 2
========================================================================
Received Import Request.
  Time since last request: 0.011242 seconds.
  path: Assets/npc_casual_set_00/Mesh/Mesh_Parts/npc_hmn_01m_lowerbody4.fbx
  artifactKey: Guid(90276021a3ec2c448bb5f7f26b733196) Importer(815301076,1909f56bfc062723c751e8b465ee728b)
Start importing Assets/npc_casual_set_00/Mesh/Mesh_Parts/npc_hmn_01m_lowerbody4.fbx using Guid(90276021a3ec2c448bb5f7f26b733196) Importer(815301076,1909f56bfc062723c751e8b465ee728b) [PhysX] Initialized MultithreadedTaskDispatcher with 18 workers.
[PhysX] Initialized MultithreadedTaskDispatcher with 18 workers.
[PhysX] Initialized MultithreadedTaskDispatcher with 18 workers.
[PhysX] Initialized MultithreadedTaskDispatcher with 18 workers.
[PhysX] Initialized MultithreadedTaskDispatcher with 18 workers.
[PhysX] Initialized MultithreadedTaskDispatcher with 18 workers.
[PhysX] Initialized MultithreadedTaskDispatcher with 18 workers.
[PhysX] Initialized MultithreadedTaskDispatcher with 18 workers.
[PhysX] Initialized MultithreadedTaskDispatcher with 18 workers.
[PhysX] Initialized MultithreadedTaskDispatcher with 18 workers.
[PhysX] Initialized MultithreadedTaskDispatcher with 18 workers.
[PhysX] Initialized MultithreadedTaskDispatcher with 18 workers.
 -> (artifact id: 'd116f144eff13c734129cf468658a5bc') in 0.092447 seconds
Number of updated asset objects reloaded before import = 0
Number of asset objects unloaded after import = 149
========================================================================
Received Import Request.
  Time since last request: 0.003644 seconds.
  path: Assets/npc_casual_set_00/Prefabs/Prefabs_Parts/npc_hmn_01m_upperbody6.prefab
  artifactKey: Guid(4a2c8799edf87a34691aad8e096fed00) Importer(815301076,1909f56bfc062723c751e8b465ee728b)
Start importing Assets/npc_casual_set_00/Prefabs/Prefabs_Parts/npc_hmn_01m_upperbody6.prefab using Guid(4a2c8799edf87a34691aad8e096fed00) Importer(815301076,1909f56bfc062723c751e8b465ee728b) [PhysX] Initialized MultithreadedTaskDispatcher with 18 workers.
[PhysX] Initialized MultithreadedTaskDispatcher with 18 workers.
 -> (artifact id: '40b172cf2ba12796f49614dee8b40878') in 0.041955 seconds
Number of updated asset objects reloaded before import = 0
Number of asset objects unloaded after import = 294
========================================================================
Received Import Request.
  Time since last request: 0.011087 seconds.
  path: Assets/nappin/HouseInteriorPack/HouseInteriorPack.unity
  artifactKey: Guid(a458f9b5e1e73ac4fa88adacae9cc63d) Importer(815301076,1909f56bfc062723c751e8b465ee728b)
Start importing Assets/nappin/HouseInteriorPack/HouseInteriorPack.unity using Guid(a458f9b5e1e73ac4fa88adacae9cc63d) Importer(815301076,1909f56bfc062723c751e8b465ee728b) [PhysX] Initialized MultithreadedTaskDispatcher with 18 workers.
 -> (artifact id: '97568d4a4847589d650374427e5322f6') in 0.001407 seconds
Number of updated asset objects reloaded before import = 0
Number of asset objects unloaded after import = 0
========================================================================
Received Import Request.
  Time since last request: 0.005344 seconds.
  path: Assets/npc_casual_set_00/Textures/npc_hmn_face_01m_04_01_n.tif
  artifactKey: Guid(28b54a98cb5a38d4e8a1f655e8c37d01) Importer(815301076,1909f56bfc062723c751e8b465ee728b)
Start importing Assets/npc_casual_set_00/Textures/npc_hmn_face_01m_04_01_n.tif using Guid(28b54a98cb5a38d4e8a1f655e8c37d01) Importer(815301076,1909f56bfc062723c751e8b465ee728b) [PhysX] Initialized MultithreadedTaskDispatcher with 18 workers.
[PhysX] Initialized MultithreadedTaskDispatcher with 18 workers.
 -> (artifact id: '43d5bf42a951b0ecbd872054e4727b4a') in 0.025541 seconds
Number of updated asset objects reloaded before import = 0
Number of asset objects unloaded after import = 2
========================================================================
Received Import Request.
  Time since last request: 0.008190 seconds.
  path: Assets/JustPlay/Сomputer devices/Objects/Mouse from pc
  artifactKey: Guid(28354cf0cbab6864888930ed9ece070e) Importer(815301076,1909f56bfc062723c751e8b465ee728b)
Start importing Assets/JustPlay/Сomputer devices/Objects/Mouse from pc using Guid(28354cf0cbab6864888930ed9ece070e) Importer(815301076,1909f56bfc062723c751e8b465ee728b) [PhysX] Initialized MultithreadedTaskDispatcher with 18 workers.
 -> (artifact id: '928a2e3e17bd6776fe117176e33e7d8e') in 0.001264 seconds
Number of updated asset objects reloaded before import = 0
Number of asset objects unloaded after import = 0
========================================================================
Received Import Request.
  Time since last request: 0.006233 seconds.
  path: Assets/npc_casual_set_00/Prefabs/npc_csl_shoe_01_00_01.prefab
  artifactKey: Guid(408eb24e06bf53e428212ae56be4d250) Importer(815301076,1909f56bfc062723c751e8b465ee728b)
Start importing Assets/npc_casual_set_00/Prefabs/npc_csl_shoe_01_00_01.prefab using Guid(408eb24e06bf53e428212ae56be4d250) Importer(815301076,1909f56bfc062723c751e8b465ee728b) [PhysX] Initialized MultithreadedTaskDispatcher with 18 workers.
[PhysX] Initialized MultithreadedTaskDispatcher with 18 workers.
 -> (artifact id: '01425b1978828448cdb82058b52c8b51') in 0.031862 seconds
Number of updated asset objects reloaded before import = 0
Number of asset objects unloaded after import = 283
========================================================================
Received Import Request.
  Time since last request: 0.002811 seconds.
  path: Assets/nappin/OfficeEssentialsPack/Prefabs/(Prb)Sofa_pillowT.prefab
  artifactKey: Guid(38a6a1df4a5ef5f4b8107ff806b527c0) Importer(815301076,1909f56bfc062723c751e8b465ee728b)
Start importing Assets/nappin/OfficeEssentialsPack/Prefabs/(Prb)Sofa_pillowT.prefab using Guid(38a6a1df4a5ef5f4b8107ff806b527c0) Importer(815301076,1909f56bfc062723c751e8b465ee728b) [PhysX] Initialized MultithreadedTaskDispatcher with 18 workers.
[PhysX] Initialized MultithreadedTaskDispatcher with 18 workers.
 -> (artifact id: 'e99846685468983c2baaad0177cdecb1') in 0.030507 seconds
Number of updated asset objects reloaded before import = 0
Number of asset objects unloaded after import = 13
========================================================================
Received Import Request.
  Time since last request: 0.007228 seconds.
  path: Assets/nappin/OfficeEssentialsPack/Prefabs/(Prb)Container1.prefab
  artifactKey: Guid(218346a1813791d43973c01c52508a3e) Importer(815301076,1909f56bfc062723c751e8b465ee728b)
Start importing Assets/nappin/OfficeEssentialsPack/Prefabs/(Prb)Container1.prefab using Guid(218346a1813791d43973c01c52508a3e) Importer(815301076,1909f56bfc062723c751e8b465ee728b) [PhysX] Initialized MultithreadedTaskDispatcher with 18 workers.
[PhysX] Initialized MultithreadedTaskDispatcher with 18 workers.
 -> (artifact id: 'b5e6dfda3ec0c6cf080c56c87c63b28b') in 0.031046 seconds
Number of updated asset objects reloaded before import = 0
Number of asset objects unloaded after import = 30
========================================================================
Received Import Request.
  Time since last request: 0.004268 seconds.
  path: Assets/nappin/OfficeEssentialsPack/Prefabs/(Prb)Mirror3.prefab
  artifactKey: Guid(66b5913f917258d4a982cbb1fc5a748b) Importer(815301076,1909f56bfc062723c751e8b465ee728b)
Start importing Assets/nappin/OfficeEssentialsPack/Prefabs/(Prb)Mirror3.prefab using Guid(66b5913f917258d4a982cbb1fc5a748b) Importer(815301076,1909f56bfc062723c751e8b465ee728b) [PhysX] Initialized MultithreadedTaskDispatcher with 18 workers.
[PhysX] Initialized MultithreadedTaskDispatcher with 18 workers.
 -> (artifact id: 'be79a851d2d9d5161e82de3d43efb650') in 0.030062 seconds
Number of updated asset objects reloaded before import = 0
Number of asset objects unloaded after import = 13
========================================================================
Received Import Request.
  Time since last request: 0.004960 seconds.
  path: Assets/npc_casual_set_00/Textures/npc_csl_shirtopenrolled_00m_01_01_c.tif
  artifactKey: Guid(7a14af5d6a4f1304e80060ab6f6c1150) Importer(815301076,1909f56bfc062723c751e8b465ee728b)
Start importing Assets/npc_casual_set_00/Textures/npc_csl_shirtopenrolled_00m_01_01_c.tif using Guid(7a14af5d6a4f1304e80060ab6f6c1150) Importer(815301076,1909f56bfc062723c751e8b465ee728b) [PhysX] Initialized MultithreadedTaskDispatcher with 18 workers.
[PhysX] Initialized MultithreadedTaskDispatcher with 18 workers.
 -> (artifact id: '69ea7a9891cb06acf2e6cbea40ebb841') in 0.028311 seconds
Number of updated asset objects reloaded before import = 0
Number of asset objects unloaded after import = 2
========================================================================
Received Import Request.
  Time since last request: 0.020500 seconds.
  path: Assets/HorrorPuzzleItems/Cable/Icons
  artifactKey: Guid(98697e1a155c13e4281ecbbed27a4cce) Importer(815301076,1909f56bfc062723c751e8b465ee728b)
Start importing Assets/HorrorPuzzleItems/Cable/Icons using Guid(98697e1a155c13e4281ecbbed27a4cce) Importer(815301076,1909f56bfc062723c751e8b465ee728b) [PhysX] Initialized MultithreadedTaskDispatcher with 18 workers.
 -> (artifact id: '732fce44e85c3818b180e55466f838ac') in 0.000669 seconds
Number of updated asset objects reloaded before import = 0
Number of asset objects unloaded after import = 0
========================================================================
Received Import Request.
  Time since last request: 0.005052 seconds.
  path: Assets/npc_casual_set_00/Mesh/Mesh_Parts/npc_hmn_01m_fingers1.fbx
  artifactKey: Guid(ffa66f020c41a8b4f9b0c308d850d905) Importer(815301076,1909f56bfc062723c751e8b465ee728b)
Start importing Assets/npc_casual_set_00/Mesh/Mesh_Parts/npc_hmn_01m_fingers1.fbx using Guid(ffa66f020c41a8b4f9b0c308d850d905) Importer(815301076,1909f56bfc062723c751e8b465ee728b) [PhysX] Initialized MultithreadedTaskDispatcher with 18 workers.
[PhysX] Initialized MultithreadedTaskDispatcher with 18 workers.
[PhysX] Initialized MultithreadedTaskDispatcher with 18 workers.
[PhysX] Initialized MultithreadedTaskDispatcher with 18 workers.
[PhysX] Initialized MultithreadedTaskDispatcher with 18 workers.
[PhysX] Initialized MultithreadedTaskDispatcher with 18 workers.
[PhysX] Initialized MultithreadedTaskDispatcher with 18 workers.
[PhysX] Initialized MultithreadedTaskDispatcher with 18 workers.
[PhysX] Initialized MultithreadedTaskDispatcher with 18 workers.
[PhysX] Initialized MultithreadedTaskDispatcher with 18 workers.
[PhysX] Initialized MultithreadedTaskDispatcher with 18 workers.
[PhysX] Initialized MultithreadedTaskDispatcher with 18 workers.
 -> (artifact id: '81402832168c6bb15f3fbc6b625e8311') in 0.085977 seconds
Number of updated asset objects reloaded before import = 0
Number of asset objects unloaded after import = 145
========================================================================
Received Import Request.
  Time since last request: 0.004961 seconds.
  path: Assets/npc_casual_set_00/Prefabs/Prefabs_Parts/npc_hmn_01f_fingers1.prefab
  artifactKey: Guid(150d2e20662c6884ab58c9b658f71a79) Importer(815301076,1909f56bfc062723c751e8b465ee728b)
Start importing Assets/npc_casual_set_00/Prefabs/Prefabs_Parts/npc_hmn_01f_fingers1.prefab using Guid(150d2e20662c6884ab58c9b658f71a79) Importer(815301076,1909f56bfc062723c751e8b465ee728b) [PhysX] Initialized MultithreadedTaskDispatcher with 18 workers.
[PhysX] Initialized MultithreadedTaskDispatcher with 18 workers.
 -> (artifact id: '106f2c09a71ba36a8c40f0e36c16edf1') in 0.042714 seconds
Number of updated asset objects reloaded before import = 0
Number of asset objects unloaded after import = 281
========================================================================
Received Import Request.
  Time since last request: 0.004576 seconds.
  path: Assets/npc_casual_set_00/Mesh/Mesh_Parts/npc_csl_tshirt_00m_torso.fbx
  artifactKey: Guid(0d9d04cf8a744354391d50b06a7b590f) Importer(815301076,1909f56bfc062723c751e8b465ee728b)
Start importing Assets/npc_casual_set_00/Mesh/Mesh_Parts/npc_csl_tshirt_00m_torso.fbx using Guid(0d9d04cf8a744354391d50b06a7b590f) Importer(815301076,1909f56bfc062723c751e8b465ee728b) [PhysX] Initialized MultithreadedTaskDispatcher with 18 workers.
[PhysX] Initialized MultithreadedTaskDispatcher with 18 workers.
[PhysX] Initialized MultithreadedTaskDispatcher with 18 workers.
[PhysX] Initialized MultithreadedTaskDispatcher with 18 workers.
[PhysX] Initialized MultithreadedTaskDispatcher with 18 workers.
[PhysX] Initialized MultithreadedTaskDispatcher with 18 workers.
[PhysX] Initialized MultithreadedTaskDispatcher with 18 workers.
[PhysX] Initialized MultithreadedTaskDispatcher with 18 workers.
[PhysX] Initialized MultithreadedTaskDispatcher with 18 workers.
[PhysX] Initialized MultithreadedTaskDispatcher with 18 workers.
[PhysX] Initialized MultithreadedTaskDispatcher with 18 workers.
[PhysX] Initialized MultithreadedTaskDispatcher with 18 workers.
 -> (artifact id: '09b640147888dd4d486bc701632bf970') in 0.086880 seconds
Number of updated asset objects reloaded before import = 0
Number of asset objects unloaded after import = 149
========================================================================
Received Import Request.
  Time since last request: 0.014885 seconds.
  path: Assets/npc_casual_set_00/Prefabs/Prefabs_Parts/npc_hmn_01m_upperbody5.prefab
  artifactKey: Guid(11ed1660c20b96d49bea2c026bbe6105) Importer(815301076,1909f56bfc062723c751e8b465ee728b)
Start importing Assets/npc_casual_set_00/Prefabs/Prefabs_Parts/npc_hmn_01m_upperbody5.prefab using Guid(11ed1660c20b96d49bea2c026bbe6105) Importer(815301076,1909f56bfc062723c751e8b465ee728b) [PhysX] Initialized MultithreadedTaskDispatcher with 18 workers.
[PhysX] Initialized MultithreadedTaskDispatcher with 18 workers.
 -> (artifact id: '9bdba3e440e05da41e6135a24865b9f0') in 0.040072 seconds
Number of updated asset objects reloaded before import = 0
Number of asset objects unloaded after import = 294
========================================================================
Received Import Request.
  Time since last request: 0.015143 seconds.
  path: Assets/nappin/OfficeEssentialsPack/Materials/(Mat)GradientGreen.mat
  artifactKey: Guid(e3681f2feac05f94888039c51ba9b321) Importer(815301076,1909f56bfc062723c751e8b465ee728b)
Start importing Assets/nappin/OfficeEssentialsPack/Materials/(Mat)GradientGreen.mat using Guid(e3681f2feac05f94888039c51ba9b321) Importer(815301076,1909f56bfc062723c751e8b465ee728b) [PhysX] Initialized MultithreadedTaskDispatcher with 18 workers.
[PhysX] Initialized MultithreadedTaskDispatcher with 18 workers.
 -> (artifact id: '3b7f504fbff9a33681e02e98200f3042') in 0.029179 seconds
Number of updated asset objects reloaded before import = 0
Number of asset objects unloaded after import = 3
========================================================================
Received Import Request.
  Time since last request: 0.003082 seconds.
  path: Assets/npc_casual_set_00/Prefabs/Prefabs_Parts/npc_hmn_01f_head1.prefab
  artifactKey: Guid(8a30d4e872885ea40b2aea36192caa2e) Importer(815301076,1909f56bfc062723c751e8b465ee728b)
Start importing Assets/npc_casual_set_00/Prefabs/Prefabs_Parts/npc_hmn_01f_head1.prefab using Guid(8a30d4e872885ea40b2aea36192caa2e) Importer(815301076,1909f56bfc062723c751e8b465ee728b) [PhysX] Initialized MultithreadedTaskDispatcher with 18 workers.
[PhysX] Initialized MultithreadedTaskDispatcher with 18 workers.
 -> (artifact id: '87a3c25b0018df37a64b68f8f62e3258') in 0.035010 seconds
Number of updated asset objects reloaded before import = 0
Number of asset objects unloaded after import = 289
========================================================================
Received Import Request.
  Time since last request: 0.022276 seconds.
  path: Assets/npc_casual_set_00/Mesh/Mesh_Parts/npc_csl_tshirt_00f_parts.fbx
  artifactKey: Guid(3366e8e9bbce61f4cb8dc95e5707f1e7) Importer(815301076,1909f56bfc062723c751e8b465ee728b)
Start importing Assets/npc_casual_set_00/Mesh/Mesh_Parts/npc_csl_tshirt_00f_parts.fbx using Guid(3366e8e9bbce61f4cb8dc95e5707f1e7) Importer(815301076,1909f56bfc062723c751e8b465ee728b) [PhysX] Initialized MultithreadedTaskDispatcher with 18 workers.
[PhysX] Initialized MultithreadedTaskDispatcher with 18 workers.
[PhysX] Initialized MultithreadedTaskDispatcher with 18 workers.
[PhysX] Initialized MultithreadedTaskDispatcher with 18 workers.
[PhysX] Initialized MultithreadedTaskDispatcher with 18 workers.
[PhysX] Initialized MultithreadedTaskDispatcher with 18 workers.
[PhysX] Initialized MultithreadedTaskDispatcher with 18 workers.
[PhysX] Initialized MultithreadedTaskDispatcher with 18 workers.
[PhysX] Initialized MultithreadedTaskDispatcher with 18 workers.
[PhysX] Initialized MultithreadedTaskDispatcher with 18 workers.
[PhysX] Initialized MultithreadedTaskDispatcher with 18 workers.
[PhysX] Initialized MultithreadedTaskDispatcher with 18 workers.
[PhysX] Initialized MultithreadedTaskDispatcher with 18 workers.
[PhysX] Initialized MultithreadedTaskDispatcher with 18 workers.
[PhysX] Initialized MultithreadedTaskDispatcher with 18 workers.
[PhysX] Initialized MultithreadedTaskDispatcher with 18 workers.
[PhysX] Initialized MultithreadedTaskDispatcher with 18 workers.
[PhysX] Initialized MultithreadedTaskDispatcher with 18 workers.
[PhysX] Initialized MultithreadedTaskDispatcher with 18 workers.
[PhysX] Initialized MultithreadedTaskDispatcher with 18 workers.
[PhysX] Initialized MultithreadedTaskDispatcher with 18 workers.
[PhysX] Initialized MultithreadedTaskDispatcher with 18 workers.
[PhysX] Initialized MultithreadedTaskDispatcher with 18 workers.
[PhysX] Initialized MultithreadedTaskDispatcher with 18 workers.
[PhysX] Initialized MultithreadedTaskDispatcher with 18 workers.
[PhysX] Initialized MultithreadedTaskDispatcher with 18 workers.
[PhysX] Initialized MultithreadedTaskDispatcher with 18 workers.
[PhysX] Initialized MultithreadedTaskDispatcher with 18 workers.
[PhysX] Initialized MultithreadedTaskDispatcher with 18 workers.
[PhysX] Initialized MultithreadedTaskDispatcher with 18 workers.
[PhysX] Initialized MultithreadedTaskDispatcher with 18 workers.
[PhysX] Initialized MultithreadedTaskDispatcher with 18 workers.
 -> (artifact id: 'de1e6205ed55036c83c5791828b0d234') in 0.194665 seconds
Number of updated asset objects reloaded before import = 0
Number of asset objects unloaded after import = 209
========================================================================
Received Import Request.
  Time since last request: 0.009224 seconds.
  path: Assets/HorrorPuzzleItems/Crank/Models
  artifactKey: Guid(04496a86b0c690845802cc26278710cc) Importer(815301076,1909f56bfc062723c751e8b465ee728b)
Start importing Assets/HorrorPuzzleItems/Crank/Models using Guid(04496a86b0c690845802cc26278710cc) Importer(815301076,1909f56bfc062723c751e8b465ee728b) [PhysX] Initialized MultithreadedTaskDispatcher with 18 workers.
 -> (artifact id: '0df355cdf2bafd3a201129f723bcbf55') in 0.001707 seconds
Number of updated asset objects reloaded before import = 0
Number of asset objects unloaded after import = 0
========================================================================
Received Import Request.
  Time since last request: 0.037088 seconds.
  path: Assets/HorrorPuzzleItems/USBKey/Textures
  artifactKey: Guid(c953a8e9f148639429497ef302c73faf) Importer(815301076,1909f56bfc062723c751e8b465ee728b)
Start importing Assets/HorrorPuzzleItems/USBKey/Textures using Guid(c953a8e9f148639429497ef302c73faf) Importer(815301076,1909f56bfc062723c751e8b465ee728b) [PhysX] Initialized MultithreadedTaskDispatcher with 18 workers.
 -> (artifact id: '3b6cdbf0159423d495eef6ceb19ee7de') in 0.000886 seconds
Number of updated asset objects reloaded before import = 0
Number of asset objects unloaded after import = 0
========================================================================
Received Import Request.
  Time since last request: 0.017257 seconds.
  path: Assets/nappin/OfficeEssentialsPack/Prefabs/(Prb)ShowerTemperature.prefab
  artifactKey: Guid(b1c089cb339c1904ab5110a40e4ec847) Importer(815301076,1909f56bfc062723c751e8b465ee728b)
Start importing Assets/nappin/OfficeEssentialsPack/Prefabs/(Prb)ShowerTemperature.prefab using Guid(b1c089cb339c1904ab5110a40e4ec847) Importer(815301076,1909f56bfc062723c751e8b465ee728b) [PhysX] Initialized MultithreadedTaskDispatcher with 18 workers.
[PhysX] Initialized MultithreadedTaskDispatcher with 18 workers.
 -> (artifact id: 'b3f1b2b82aa4fe8b3c7c67e176bd0788') in 0.031122 seconds
Number of updated asset objects reloaded before import = 0
Number of asset objects unloaded after import = 14
========================================================================
Received Import Request.
  Time since last request: 0.015503 seconds.
  path: Assets/npc_casual_set_00/Textures/npc_hair_01_d.tif
  artifactKey: Guid(19a35c6c51120bb4ba2705479096ae22) Importer(815301076,1909f56bfc062723c751e8b465ee728b)
Start importing Assets/npc_casual_set_00/Textures/npc_hair_01_d.tif using Guid(19a35c6c51120bb4ba2705479096ae22) Importer(815301076,1909f56bfc062723c751e8b465ee728b) [PhysX] Initialized MultithreadedTaskDispatcher with 18 workers.
[PhysX] Initialized MultithreadedTaskDispatcher with 18 workers.
 -> (artifact id: '16d5a767386b7394e9cb1963f46686fb') in 0.025557 seconds
Number of updated asset objects reloaded before import = 0
Number of asset objects unloaded after import = 2
========================================================================
Received Import Request.
  Time since last request: 0.074340 seconds.
  path: Assets/JustPlay/Сomputer devices/Objects/Monitor/Textures/Normal.png
  artifactKey: Guid(ff2bbe40e5f8ce84baf92e3ab7336b02) Importer(815301076,1909f56bfc062723c751e8b465ee728b)
Start importing Assets/JustPlay/Сomputer devices/Objects/Monitor/Textures/Normal.png using Guid(ff2bbe40e5f8ce84baf92e3ab7336b02) Importer(815301076,1909f56bfc062723c751e8b465ee728b) [PhysX] Initialized MultithreadedTaskDispatcher with 18 workers.
[PhysX] Initialized MultithreadedTaskDispatcher with 18 workers.
 -> (artifact id: 'ad81cd2056132060cbc4f5c83b8bb432') in 0.028158 seconds
Number of updated asset objects reloaded before import = 0
Number of asset objects unloaded after import = 2
========================================================================
Received Import Request.
  Time since last request: 0.014899 seconds.
  path: Assets/nappin/HouseInteriorPack/Models
  artifactKey: Guid(05f6b66abbb04a94187c24f7f91ebc8d) Importer(815301076,1909f56bfc062723c751e8b465ee728b)
Start importing Assets/nappin/HouseInteriorPack/Models using Guid(05f6b66abbb04a94187c24f7f91ebc8d) Importer(815301076,1909f56bfc062723c751e8b465ee728b) [PhysX] Initialized MultithreadedTaskDispatcher with 18 workers.
 -> (artifact id: '3ce8b22220c026dcca04169f7e4ad302') in 0.000844 seconds
Number of updated asset objects reloaded before import = 0
Number of asset objects unloaded after import = 0
========================================================================
Received Import Request.
  Time since last request: 0.010578 seconds.
  path: Assets/npc_casual_set_00/Mesh/Mesh_Parts/npc_hmn_01m_arms3.fbx
  artifactKey: Guid(20927cedda86f804ebca534940269c90) Importer(815301076,1909f56bfc062723c751e8b465ee728b)
Start importing Assets/npc_casual_set_00/Mesh/Mesh_Parts/npc_hmn_01m_arms3.fbx using Guid(20927cedda86f804ebca534940269c90) Importer(815301076,1909f56bfc062723c751e8b465ee728b) [PhysX] Initialized MultithreadedTaskDispatcher with 18 workers.
[PhysX] Initialized MultithreadedTaskDispatcher with 18 workers.
[PhysX] Initialized MultithreadedTaskDispatcher with 18 workers.
[PhysX] Initialized MultithreadedTaskDispatcher with 18 workers.
[PhysX] Initialized MultithreadedTaskDispatcher with 18 workers.
[PhysX] Initialized MultithreadedTaskDispatcher with 18 workers.
[PhysX] Initialized MultithreadedTaskDispatcher with 18 workers.
[PhysX] Initialized MultithreadedTaskDispatcher with 18 workers.
[PhysX] Initialized MultithreadedTaskDispatcher with 18 workers.
[PhysX] Initialized MultithreadedTaskDispatcher with 18 workers.
[PhysX] Initialized MultithreadedTaskDispatcher with 18 workers.
[PhysX] Initialized MultithreadedTaskDispatcher with 18 workers.
 -> (artifact id: '7793b14c1657b72f1ff34e5414a7480e') in 0.096796 seconds
Number of updated asset objects reloaded before import = 0
Number of asset objects unloaded after import = 149
========================================================================
Received Import Request.
  Time since last request: 0.014077 seconds.
  path: Assets/npc_casual_set_00/Prefabs/Prefabs_Parts/npc_hmn_01f_torso1.prefab
  artifactKey: Guid(0c18c169b8ca5154da79cf0b54363d49) Importer(815301076,1909f56bfc062723c751e8b465ee728b)
Start importing Assets/npc_casual_set_00/Prefabs/Prefabs_Parts/npc_hmn_01f_torso1.prefab using Guid(0c18c169b8ca5154da79cf0b54363d49) Importer(815301076,1909f56bfc062723c751e8b465ee728b) [PhysX] Initialized MultithreadedTaskDispatcher with 18 workers.
[PhysX] Initialized MultithreadedTaskDispatcher with 18 workers.
 -> (artifact id: '1390eb1f0926895b6fd5d60b77d3e9d7') in 0.040881 seconds
Number of updated asset objects reloaded before import = 0
Number of asset objects unloaded after import = 289
========================================================================
Received Import Request.
  Time since last request: 0.003481 seconds.
  path: Assets/npc_casual_set_00/Prefabs/Prefabs_Parts/npc_hmn_01m_arms3.prefab
  artifactKey: Guid(8a9d00acfb1d3a24290dbe5afeef3287) Importer(815301076,1909f56bfc062723c751e8b465ee728b)
Start importing Assets/npc_casual_set_00/Prefabs/Prefabs_Parts/npc_hmn_01m_arms3.prefab using Guid(8a9d00acfb1d3a24290dbe5afeef3287) Importer(815301076,1909f56bfc062723c751e8b465ee728b) [PhysX] Initialized MultithreadedTaskDispatcher with 18 workers.
[PhysX] Initialized MultithreadedTaskDispatcher with 18 workers.
 -> (artifact id: 'd7c77da786885c0fab204cefe5632f3a') in 0.038496 seconds
Number of updated asset objects reloaded before import = 0
Number of asset objects unloaded after import = 289
========================================================================
Received Import Request.
  Time since last request: 0.009895 seconds.
  path: Assets/npc_casual_set_00/Mesh/Mesh_Parts/npc_csl_tshirt_00m_frontal.fbx
  artifactKey: Guid(9373162f635086c4d85a6608194e2841) Importer(815301076,1909f56bfc062723c751e8b465ee728b)
Start importing Assets/npc_casual_set_00/Mesh/Mesh_Parts/npc_csl_tshirt_00m_frontal.fbx using Guid(9373162f635086c4d85a6608194e2841) Importer(815301076,1909f56bfc062723c751e8b465ee728b) [PhysX] Initialized MultithreadedTaskDispatcher with 18 workers.
[PhysX] Initialized MultithreadedTaskDispatcher with 18 workers.
[PhysX] Initialized MultithreadedTaskDispatcher with 18 workers.
[PhysX] Initialized MultithreadedTaskDispatcher with 18 workers.
[PhysX] Initialized MultithreadedTaskDispatcher with 18 workers.
[PhysX] Initialized MultithreadedTaskDispatcher with 18 workers.
[PhysX] Initialized MultithreadedTaskDispatcher with 18 workers.
[PhysX] Initialized MultithreadedTaskDispatcher with 18 workers.
[PhysX] Initialized MultithreadedTaskDispatcher with 18 workers.
[PhysX] Initialized MultithreadedTaskDispatcher with 18 workers.
[PhysX] Initialized MultithreadedTaskDispatcher with 18 workers.
[PhysX] Initialized MultithreadedTaskDispatcher with 18 workers.
 -> (artifact id: 'ce86c607334866c32ad7e6251bbf7f99') in 0.078058 seconds
Number of updated asset objects reloaded before import = 0
Number of asset objects unloaded after import = 149
========================================================================
Received Import Request.
  Time since last request: 0.005140 seconds.
  path: Assets/npc_casual_set_00/Prefabs/Prefabs_Parts/npc_hmn_01m_torso1.prefab
  artifactKey: Guid(aa534a8c09fec7747adab51008196376) Importer(815301076,1909f56bfc062723c751e8b465ee728b)
Start importing Assets/npc_casual_set_00/Prefabs/Prefabs_Parts/npc_hmn_01m_torso1.prefab using Guid(aa534a8c09fec7747adab51008196376) Importer(815301076,1909f56bfc062723c751e8b465ee728b) [PhysX] Initialized MultithreadedTaskDispatcher with 18 workers.
[PhysX] Initialized MultithreadedTaskDispatcher with 18 workers.
 -> (artifact id: '7d95b48ff29f0def64716d3c8c5d021c') in 0.040086 seconds
Number of updated asset objects reloaded before import = 0
Number of asset objects unloaded after import = 289
========================================================================
Received Import Request.
  Time since last request: 0.003862 seconds.
  path: Assets/nappin/OfficeEssentialsPack/OfficeEssentialsPack.unity
  artifactKey: Guid(c38b8c3d12f01ea42a99e3e18ddb2be0) Importer(815301076,1909f56bfc062723c751e8b465ee728b)
Start importing Assets/nappin/OfficeEssentialsPack/OfficeEssentialsPack.unity using Guid(c38b8c3d12f01ea42a99e3e18ddb2be0) Importer(815301076,1909f56bfc062723c751e8b465ee728b) [PhysX] Initialized MultithreadedTaskDispatcher with 18 workers.
 -> (artifact id: 'a3ef2e2b7bf039010b0bf8c325066133') in 0.000990 seconds
Number of updated asset objects reloaded before import = 0
Number of asset objects unloaded after import = 0
========================================================================
Received Import Request.
  Time since last request: 0.025557 seconds.
  path: Assets/nappin/OfficeEssentialsPack/Prefabs/(Prb)KitchenIsland.prefab
  artifactKey: Guid(255e79009c0081f4b90ea3205cc262c1) Importer(815301076,1909f56bfc062723c751e8b465ee728b)
Start importing Assets/nappin/OfficeEssentialsPack/Prefabs/(Prb)KitchenIsland.prefab using Guid(255e79009c0081f4b90ea3205cc262c1) Importer(815301076,1909f56bfc062723c751e8b465ee728b) [PhysX] Initialized MultithreadedTaskDispatcher with 18 workers.
[PhysX] Initialized MultithreadedTaskDispatcher with 18 workers.
 -> (artifact id: 'be1cf5bbd1cc0249d382f59701c1b304') in 0.033479 seconds
Number of updated asset objects reloaded before import = 0
Number of asset objects unloaded after import = 48
========================================================================
Received Import Request.
  Time since last request: 0.004796 seconds.
  path: Assets/npc_casual_set_00/Textures/npc_hair_01_m.tif
  artifactKey: Guid(17304a7bef9b667498fdd79598c6507a) Importer(815301076,1909f56bfc062723c751e8b465ee728b)
Start importing Assets/npc_casual_set_00/Textures/npc_hair_01_m.tif using Guid(17304a7bef9b667498fdd79598c6507a) Importer(815301076,1909f56bfc062723c751e8b465ee728b) [PhysX] Initialized MultithreadedTaskDispatcher with 18 workers.
[PhysX] Initialized MultithreadedTaskDispatcher with 18 workers.
 -> (artifact id: '0ff0b2f12368e9ceb16851bd7a27edbf') in 0.009487 seconds
Number of updated asset objects reloaded before import = 0
Number of asset objects unloaded after import = 2
========================================================================
Received Import Request.
  Time since last request: 0.022682 seconds.
  path: Assets/npc_casual_set_00/Mesh/Mesh_Parts/npc_hmn_01f_lowerbody1.fbx
  artifactKey: Guid(a96ba997ee9c0b44b970ab167e820f99) Importer(815301076,1909f56bfc062723c751e8b465ee728b)
Start importing Assets/npc_casual_set_00/Mesh/Mesh_Parts/npc_hmn_01f_lowerbody1.fbx using Guid(a96ba997ee9c0b44b970ab167e820f99) Importer(815301076,1909f56bfc062723c751e8b465ee728b) [PhysX] Initialized MultithreadedTaskDispatcher with 18 workers.
[PhysX] Initialized MultithreadedTaskDispatcher with 18 workers.
[PhysX] Initialized MultithreadedTaskDispatcher with 18 workers.
[PhysX] Initialized MultithreadedTaskDispatcher with 18 workers.
[PhysX] Initialized MultithreadedTaskDispatcher with 18 workers.
[PhysX] Initialized MultithreadedTaskDispatcher with 18 workers.
[PhysX] Initialized MultithreadedTaskDispatcher with 18 workers.
[PhysX] Initialized MultithreadedTaskDispatcher with 18 workers.
[PhysX] Initialized MultithreadedTaskDispatcher with 18 workers.
[PhysX] Initialized MultithreadedTaskDispatcher with 18 workers.
[PhysX] Initialized MultithreadedTaskDispatcher with 18 workers.
[PhysX] Initialized MultithreadedTaskDispatcher with 18 workers.
 -> (artifact id: '0d122a3c0ca9dc94a896595b7c5f4703') in 0.087207 seconds
Number of updated asset objects reloaded before import = 0
Number of asset objects unloaded after import = 149
========================================================================
Received Import Request.
  Time since last request: 0.004007 seconds.
  path: Assets/npc_casual_set_00/Mesh/npc_haircut_e_01.fbx
  artifactKey: Guid(76d36199a007ebb4bb3973882a0bf1d2) Importer(815301076,1909f56bfc062723c751e8b465ee728b)
Start importing Assets/npc_casual_set_00/Mesh/npc_haircut_e_01.fbx using Guid(76d36199a007ebb4bb3973882a0bf1d2) Importer(815301076,1909f56bfc062723c751e8b465ee728b) [PhysX] Initialized MultithreadedTaskDispatcher with 18 workers.
[PhysX] Initialized MultithreadedTaskDispatcher with 18 workers.
[PhysX] Initialized MultithreadedTaskDispatcher with 18 workers.
[PhysX] Initialized MultithreadedTaskDispatcher with 18 workers.
[PhysX] Initialized MultithreadedTaskDispatcher with 18 workers.
[PhysX] Initialized MultithreadedTaskDispatcher with 18 workers.
[PhysX] Initialized MultithreadedTaskDispatcher with 18 workers.
[PhysX] Initialized MultithreadedTaskDispatcher with 18 workers.
[PhysX] Initialized MultithreadedTaskDispatcher with 18 workers.
[PhysX] Initialized MultithreadedTaskDispatcher with 18 workers.
[PhysX] Initialized MultithreadedTaskDispatcher with 18 workers.
[PhysX] Initialized MultithreadedTaskDispatcher with 18 workers.
 -> (artifact id: '52f6f7db435161cf21fb551b8c9d5d07') in 0.081591 seconds
Number of updated asset objects reloaded before import = 0
Number of asset objects unloaded after import = 145
========================================================================
Received Import Request.
  Time since last request: 0.005983 seconds.
  path: Assets/npc_casual_set_00/Textures/npc_hmn_face_01f_03_01_msk.tif
  artifactKey: Guid(ffbf7521843fce342aa61afadfdc552c) Importer(815301076,1909f56bfc062723c751e8b465ee728b)
Start importing Assets/npc_casual_set_00/Textures/npc_hmn_face_01f_03_01_msk.tif using Guid(ffbf7521843fce342aa61afadfdc552c) Importer(815301076,1909f56bfc062723c751e8b465ee728b) [PhysX] Initialized MultithreadedTaskDispatcher with 18 workers.
[PhysX] Initialized MultithreadedTaskDispatcher with 18 workers.
 -> (artifact id: '972df553c47a1f668df9972147a70071') in 0.024868 seconds
Number of updated asset objects reloaded before import = 0
Number of asset objects unloaded after import = 2
========================================================================
Received Import Request.
  Time since last request: 0.011980 seconds.
  path: Assets/npc_casual_set_00/Mesh/Mesh_Parts/npc_hmn_01m_lowerbody2.fbx
  artifactKey: Guid(cc97141ab321ac840b53e391a8a79ea8) Importer(815301076,1909f56bfc062723c751e8b465ee728b)
Start importing Assets/npc_casual_set_00/Mesh/Mesh_Parts/npc_hmn_01m_lowerbody2.fbx using Guid(cc97141ab321ac840b53e391a8a79ea8) Importer(815301076,1909f56bfc062723c751e8b465ee728b) [PhysX] Initialized MultithreadedTaskDispatcher with 18 workers.
[PhysX] Initialized MultithreadedTaskDispatcher with 18 workers.
[PhysX] Initialized MultithreadedTaskDispatcher with 18 workers.
[PhysX] Initialized MultithreadedTaskDispatcher with 18 workers.
[PhysX] Initialized MultithreadedTaskDispatcher with 18 workers.
[PhysX] Initialized MultithreadedTaskDispatcher with 18 workers.
[PhysX] Initialized MultithreadedTaskDispatcher with 18 workers.
[PhysX] Initialized MultithreadedTaskDispatcher with 18 workers.
[PhysX] Initialized MultithreadedTaskDispatcher with 18 workers.
[PhysX] Initialized MultithreadedTaskDispatcher with 18 workers.
[PhysX] Initialized MultithreadedTaskDispatcher with 18 workers.
[PhysX] Initialized MultithreadedTaskDispatcher with 18 workers.
 -> (artifact id: 'b74461ee633a1b311e12ecc09ffde968') in 0.080761 seconds
Number of updated asset objects reloaded before import = 0
Number of asset objects unloaded after import = 149
========================================================================
Received Import Request.
  Time since last request: 0.004359 seconds.
  path: Assets/npc_casual_set_00/Prefabs/npc_hmn_01f.prefab
  artifactKey: Guid(ff8abef1b11c40042bfe03fbd70a615c) Importer(815301076,1909f56bfc062723c751e8b465ee728b)
Start importing Assets/npc_casual_set_00/Prefabs/npc_hmn_01f.prefab using Guid(ff8abef1b11c40042bfe03fbd70a615c) Importer(815301076,1909f56bfc062723c751e8b465ee728b) [PhysX] Initialized MultithreadedTaskDispatcher with 18 workers.
[PhysX] Initialized MultithreadedTaskDispatcher with 18 workers.
 -> (artifact id: '00f2a77beaacb330185a0700dd3c2b48') in 0.044015 seconds
Number of updated asset objects reloaded before import = 0
Number of asset objects unloaded after import = 298
========================================================================
Received Import Request.
  Time since last request: 0.010674 seconds.
  path: Assets/npc_casual_set_00/Mesh/Mesh_Parts/npc_hmn_01f_upperbody6.fbx
  artifactKey: Guid(aa59af2541cef3949b625cba1c72d966) Importer(815301076,1909f56bfc062723c751e8b465ee728b)
Start importing Assets/npc_casual_set_00/Mesh/Mesh_Parts/npc_hmn_01f_upperbody6.fbx using Guid(aa59af2541cef3949b625cba1c72d966) Importer(815301076,1909f56bfc062723c751e8b465ee728b) [PhysX] Initialized MultithreadedTaskDispatcher with 18 workers.
[PhysX] Initialized MultithreadedTaskDispatcher with 18 workers.
[PhysX] Initialized MultithreadedTaskDispatcher with 18 workers.
[PhysX] Initialized MultithreadedTaskDispatcher with 18 workers.
[PhysX] Initialized MultithreadedTaskDispatcher with 18 workers.
[PhysX] Initialized MultithreadedTaskDispatcher with 18 workers.
[PhysX] Initialized MultithreadedTaskDispatcher with 18 workers.
[PhysX] Initialized MultithreadedTaskDispatcher with 18 workers.
[PhysX] Initialized MultithreadedTaskDispatcher with 18 workers.
[PhysX] Initialized MultithreadedTaskDispatcher with 18 workers.
[PhysX] Initialized MultithreadedTaskDispatcher with 18 workers.
[PhysX] Initialized MultithreadedTaskDispatcher with 18 workers.
 -> (artifact id: 'abb132ff2acaa9064462e31026469426') in 0.088719 seconds
Number of updated asset objects reloaded before import = 0
Number of asset objects unloaded after import = 154
========================================================================
Received Import Request.
  Time since last request: 0.008400 seconds.
  path: Assets/npc_casual_set_00/Prefabs/npc_hairfacial_a_01.prefab
  artifactKey: Guid(23bad8317dd1d6e4c9736a9325ae075d) Importer(815301076,1909f56bfc062723c751e8b465ee728b)
Start importing Assets/npc_casual_set_00/Prefabs/npc_hairfacial_a_01.prefab using Guid(23bad8317dd1d6e4c9736a9325ae075d) Importer(815301076,1909f56bfc062723c751e8b465ee728b) [PhysX] Initialized MultithreadedTaskDispatcher with 18 workers.
[PhysX] Initialized MultithreadedTaskDispatcher with 18 workers.
 -> (artifact id: 'aae57cb714c2763e97e94b842c91e572') in 0.029922 seconds
Number of updated asset objects reloaded before import = 0
Number of asset objects unloaded after import = 281
========================================================================
Received Import Request.
  Time since last request: 0.009253 seconds.
  path: Assets/npc_casual_set_00/Mesh/npc_hairfacial_a_01.fbx
  artifactKey: Guid(466f60274cb30d6468231824db3101bf) Importer(815301076,1909f56bfc062723c751e8b465ee728b)
Start importing Assets/npc_casual_set_00/Mesh/npc_hairfacial_a_01.fbx using Guid(466f60274cb30d6468231824db3101bf) Importer(815301076,1909f56bfc062723c751e8b465ee728b) [PhysX] Initialized MultithreadedTaskDispatcher with 18 workers.
[PhysX] Initialized MultithreadedTaskDispatcher with 18 workers.
[PhysX] Initialized MultithreadedTaskDispatcher with 18 workers.
[PhysX] Initialized MultithreadedTaskDispatcher with 18 workers.
[PhysX] Initialized MultithreadedTaskDispatcher with 18 workers.
[PhysX] Initialized MultithreadedTaskDispatcher with 18 workers.
[PhysX] Initialized MultithreadedTaskDispatcher with 18 workers.
[PhysX] Initialized MultithreadedTaskDispatcher with 18 workers.
[PhysX] Initialized MultithreadedTaskDispatcher with 18 workers.
[PhysX] Initialized MultithreadedTaskDispatcher with 18 workers.
[PhysX] Initialized MultithreadedTaskDispatcher with 18 workers.
[PhysX] Initialized MultithreadedTaskDispatcher with 18 workers.
 -> (artifact id: '29f5bc950d677737b690b5eb5ceb6533') in 0.074922 seconds
Number of updated asset objects reloaded before import = 0
Number of asset objects unloaded after import = 145
========================================================================
Received Import Request.
  Time since last request: 0.032498 seconds.
  path: Assets/nappin/OfficeEssentialsPack/Prefabs/(Prb)YogaBall.prefab
  artifactKey: Guid(c1b661568473d8448ab9c3fa53457a08) Importer(815301076,1909f56bfc062723c751e8b465ee728b)
Start importing Assets/nappin/OfficeEssentialsPack/Prefabs/(Prb)YogaBall.prefab using Guid(c1b661568473d8448ab9c3fa53457a08) Importer(815301076,1909f56bfc062723c751e8b465ee728b) [PhysX] Initialized MultithreadedTaskDispatcher with 18 workers.
[PhysX] Initialized MultithreadedTaskDispatcher with 18 workers.
 -> (artifact id: 'b3c1ffc9bcc31b4f2c44f2ba202a0684') in 0.028059 seconds
Number of updated asset objects reloaded before import = 0
Number of asset objects unloaded after import = 12
========================================================================
Received Import Request.
  Time since last request: 0.004624 seconds.
  path: Assets/JustPlay/Сomputer devices/Objects/Keyboard/Textures/Height.png
  artifactKey: Guid(1ef4ed080dd40b845b93c468835324ae) Importer(815301076,1909f56bfc062723c751e8b465ee728b)
Start importing Assets/JustPlay/Сomputer devices/Objects/Keyboard/Textures/Height.png using Guid(1ef4ed080dd40b845b93c468835324ae) Importer(815301076,1909f56bfc062723c751e8b465ee728b) [PhysX] Initialized MultithreadedTaskDispatcher with 18 workers.
[PhysX] Initialized MultithreadedTaskDispatcher with 18 workers.
 -> (artifact id: 'fb3c45f79df7aa56a6e519af58a6a2da') in 0.027769 seconds
Number of updated asset objects reloaded before import = 0
Number of asset objects unloaded after import = 2
========================================================================
Received Import Request.
  Time since last request: 0.013829 seconds.
  path: Assets/nappin/OfficeEssentialsPack/Prefabs/(Prb)KitchenModule.prefab
  artifactKey: Guid(ed097709fffbe46488ab5df91f69939c) Importer(815301076,1909f56bfc062723c751e8b465ee728b)
Start importing Assets/nappin/OfficeEssentialsPack/Prefabs/(Prb)KitchenModule.prefab using Guid(ed097709fffbe46488ab5df91f69939c) Importer(815301076,1909f56bfc062723c751e8b465ee728b) [PhysX] Initialized MultithreadedTaskDispatcher with 18 workers.
[PhysX] Initialized MultithreadedTaskDispatcher with 18 workers.
 -> (artifact id: 'f64e2e8fcc7cf754d16964492926129f') in 0.031062 seconds
Number of updated asset objects reloaded before import = 0
Number of asset objects unloaded after import = 18
========================================================================
Received Import Request.
  Time since last request: 0.009855 seconds.
  path: Assets/npc_casual_set_00/Textures/npc_hmn_face_01f_05_01_n.tif
  artifactKey: Guid(69962a84125a31c428af65c094144769) Importer(815301076,1909f56bfc062723c751e8b465ee728b)
Start importing Assets/npc_casual_set_00/Textures/npc_hmn_face_01f_05_01_n.tif using Guid(69962a84125a31c428af65c094144769) Importer(815301076,1909f56bfc062723c751e8b465ee728b) [PhysX] Initialized MultithreadedTaskDispatcher with 18 workers.
[PhysX] Initialized MultithreadedTaskDispatcher with 18 workers.
 -> (artifact id: '0820c632426794ce40f56bc14054246e') in 0.022822 seconds
Number of updated asset objects reloaded before import = 0
Number of asset objects unloaded after import = 2
========================================================================
Received Import Request.
  Time since last request: 0.012545 seconds.
  path: Assets/npc_casual_set_00/Textures
  artifactKey: Guid(35af04996d1af33498e811c2c150452a) Importer(815301076,1909f56bfc062723c751e8b465ee728b)
Start importing Assets/npc_casual_set_00/Textures using Guid(35af04996d1af33498e811c2c150452a) Importer(815301076,1909f56bfc062723c751e8b465ee728b) [PhysX] Initialized MultithreadedTaskDispatcher with 18 workers.
 -> (artifact id: '1f73931fbc8d3f183d6fe065896379b0') in 0.000814 seconds
Number of updated asset objects reloaded before import = 0
Number of asset objects unloaded after import = 0
========================================================================
Received Import Request.
  Time since last request: 0.018737 seconds.
  path: Assets/npc_casual_set_00/Textures/npc_csl_tshirt_00f_01_01_m.tif
  artifactKey: Guid(257579c1827e5254eb6a405d5dc2dddf) Importer(815301076,1909f56bfc062723c751e8b465ee728b)
Start importing Assets/npc_casual_set_00/Textures/npc_csl_tshirt_00f_01_01_m.tif using Guid(257579c1827e5254eb6a405d5dc2dddf) Importer(815301076,1909f56bfc062723c751e8b465ee728b) [PhysX] Initialized MultithreadedTaskDispatcher with 18 workers.
[PhysX] Initialized MultithreadedTaskDispatcher with 18 workers.
 -> (artifact id: '3fd72060056ec0f2930a07793fdf56aa') in 0.025380 seconds
Number of updated asset objects reloaded before import = 0
Number of asset objects unloaded after import = 2
========================================================================
Received Import Request.
  Time since last request: 0.004095 seconds.
  path: Assets/HorrorPuzzleItems/Card/Textures/Card_GateSystemRed.png
  artifactKey: Guid(6e4f20cb35dba394b9e0dc75f4fddb2a) Importer(815301076,1909f56bfc062723c751e8b465ee728b)
Start importing Assets/HorrorPuzzleItems/Card/Textures/Card_GateSystemRed.png using Guid(6e4f20cb35dba394b9e0dc75f4fddb2a) Importer(815301076,1909f56bfc062723c751e8b465ee728b) [PhysX] Initialized MultithreadedTaskDispatcher with 18 workers.
[PhysX] Initialized MultithreadedTaskDispatcher with 18 workers.
 -> (artifact id: 'c4f1637dc9d58ec1052f8c4a5cf98b39') in 0.022121 seconds
Number of updated asset objects reloaded before import = 0
Number of asset objects unloaded after import = 2
========================================================================
Received Import Request.
  Time since last request: 0.003881 seconds.
  path: Assets/HorrorPuzzleItems/Crank/Prefabs/Crank.prefab
  artifactKey: Guid(ecac38706cd74b24cb201deacea4dec0) Importer(815301076,1909f56bfc062723c751e8b465ee728b)
Start importing Assets/HorrorPuzzleItems/Crank/Prefabs/Crank.prefab using Guid(ecac38706cd74b24cb201deacea4dec0) Importer(815301076,1909f56bfc062723c751e8b465ee728b) [PhysX] Initialized MultithreadedTaskDispatcher with 18 workers.
[PhysX] Initialized MultithreadedTaskDispatcher with 18 workers.
 -> (artifact id: 'b0632903906f20138d5d5df44b1689a5') in 0.022796 seconds
Number of updated asset objects reloaded before import = 0
Number of asset objects unloaded after import = 17
========================================================================
Received Import Request.
  Time since last request: 0.030507 seconds.
  path: Assets/nappin/OfficeEssentialsPack/Prefabs/(Prb)Printer.prefab
  artifactKey: Guid(aae064ec06860f04787f3ee19de1c0c1) Importer(815301076,1909f56bfc062723c751e8b465ee728b)
Start importing Assets/nappin/OfficeEssentialsPack/Prefabs/(Prb)Printer.prefab using Guid(aae064ec06860f04787f3ee19de1c0c1) Importer(815301076,1909f56bfc062723c751e8b465ee728b) [PhysX] Initialized MultithreadedTaskDispatcher with 18 workers.
[PhysX] Initialized MultithreadedTaskDispatcher with 18 workers.
 -> (artifact id: '598e0d857541ff457b35e9343f056799') in 0.032093 seconds
Number of updated asset objects reloaded before import = 0
Number of asset objects unloaded after import = 19
========================================================================
Received Import Request.
  Time since last request: 0.002777 seconds.
  path: Assets/npc_casual_set_00/Prefabs/Prefabs_Parts/npc_hmn_01f_upperbody2.prefab
  artifactKey: Guid(3ab925f41664a044291fca3a79807273) Importer(815301076,1909f56bfc062723c751e8b465ee728b)
Start importing Assets/npc_casual_set_00/Prefabs/Prefabs_Parts/npc_hmn_01f_upperbody2.prefab using Guid(3ab925f41664a044291fca3a79807273) Importer(815301076,1909f56bfc062723c751e8b465ee728b) [PhysX] Initialized MultithreadedTaskDispatcher with 18 workers.
[PhysX] Initialized MultithreadedTaskDispatcher with 18 workers.
 -> (artifact id: 'b715a00fa5dd0725d17bb273dd8617a3') in 0.039653 seconds
Number of updated asset objects reloaded before import = 0
Number of asset objects unloaded after import = 294
========================================================================
Received Import Request.
  Time since last request: 0.015110 seconds.
  path: Assets/npc_casual_set_00/Textures/npc_hmn_body_01m_01_01_msk.tif
  artifactKey: Guid(b49cfe8b1c7194f42b8ca6c0aea13cdc) Importer(815301076,1909f56bfc062723c751e8b465ee728b)
Start importing Assets/npc_casual_set_00/Textures/npc_hmn_body_01m_01_01_msk.tif using Guid(b49cfe8b1c7194f42b8ca6c0aea13cdc) Importer(815301076,1909f56bfc062723c751e8b465ee728b) [PhysX] Initialized MultithreadedTaskDispatcher with 18 workers.
[PhysX] Initialized MultithreadedTaskDispatcher with 18 workers.
 -> (artifact id: 'a966edbc0c628c976c9f4d49b81fc920') in 0.025770 seconds
Number of updated asset objects reloaded before import = 0
Number of asset objects unloaded after import = 2
========================================================================
Received Import Request.
  Time since last request: 0.012174 seconds.
  path: Assets/nappin/OfficeEssentialsPack/Prefabs/(Prb)Separator.prefab
  artifactKey: Guid(00054b7f105fdce479315a0b18b079e7) Importer(815301076,1909f56bfc062723c751e8b465ee728b)
Start importing Assets/nappin/OfficeEssentialsPack/Prefabs/(Prb)Separator.prefab using Guid(00054b7f105fdce479315a0b18b079e7) Importer(815301076,1909f56bfc062723c751e8b465ee728b) [PhysX] Initialized MultithreadedTaskDispatcher with 18 workers.
[PhysX] Initialized MultithreadedTaskDispatcher with 18 workers.
 -> (artifact id: 'b1c62558b56477f54827c35f723e1a35') in 0.027054 seconds
Number of updated asset objects reloaded before import = 0
Number of asset objects unloaded after import = 12
========================================================================
Received Import Request.
  Time since last request: 0.021431 seconds.
  path: Assets/npc_casual_set_00/Textures/npc_hmn_face_01m_02_01_o.tif
  artifactKey: Guid(a5debc00a11ef894db5078758a5150ed) Importer(815301076,1909f56bfc062723c751e8b465ee728b)
Start importing Assets/npc_casual_set_00/Textures/npc_hmn_face_01m_02_01_o.tif using Guid(a5debc00a11ef894db5078758a5150ed) Importer(815301076,1909f56bfc062723c751e8b465ee728b) [PhysX] Initialized MultithreadedTaskDispatcher with 18 workers.
[PhysX] Initialized MultithreadedTaskDispatcher with 18 workers.
 -> (artifact id: 'cf02f53e727af2e044a1a077d4507a55') in 0.021966 seconds
Number of updated asset objects reloaded before import = 0
Number of asset objects unloaded after import = 2
========================================================================
Received Import Request.
  Time since last request: 0.003488 seconds.
  path: Assets/HorrorPuzzleItems/Cable/Prefabs/Cable_Black.prefab
  artifactKey: Guid(6420e111359ec0549ac7f27cc5d7875f) Importer(815301076,1909f56bfc062723c751e8b465ee728b)
Start importing Assets/HorrorPuzzleItems/Cable/Prefabs/Cable_Black.prefab using Guid(6420e111359ec0549ac7f27cc5d7875f) Importer(815301076,1909f56bfc062723c751e8b465ee728b) [PhysX] Initialized MultithreadedTaskDispatcher with 18 workers.
[PhysX] Initialized MultithreadedTaskDispatcher with 18 workers.
 -> (artifact id: 'b07e441d2ec1cf9e88323cf29c5777b7') in 0.027465 seconds
Number of updated asset objects reloaded before import = 0
Number of asset objects unloaded after import = 18
========================================================================
Received Import Request.
  Time since last request: 0.003629 seconds.
  path: Assets/nappin/OfficeEssentialsPack/Prefabs/(Prb)Mirror1.prefab
  artifactKey: Guid(1054fb16f1ee4104ca711b702ac76af8) Importer(815301076,1909f56bfc062723c751e8b465ee728b)
Start importing Assets/nappin/OfficeEssentialsPack/Prefabs/(Prb)Mirror1.prefab using Guid(1054fb16f1ee4104ca711b702ac76af8) Importer(815301076,1909f56bfc062723c751e8b465ee728b) [PhysX] Initialized MultithreadedTaskDispatcher with 18 workers.
[PhysX] Initialized MultithreadedTaskDispatcher with 18 workers.
 -> (artifact id: 'fa0934a6b49dc72f0999795dc854c0e9') in 0.028408 seconds
Number of updated asset objects reloaded before import = 0
Number of asset objects unloaded after import = 13
========================================================================
Received Import Request.
  Time since last request: 0.002728 seconds.
  path: Assets/HorrorPuzzleItems/Gear/Prefabs/Gear.prefab
  artifactKey: Guid(bd165737f0f32be48b712cf6c307ad9a) Importer(815301076,1909f56bfc062723c751e8b465ee728b)
Start importing Assets/HorrorPuzzleItems/Gear/Prefabs/Gear.prefab using Guid(bd165737f0f32be48b712cf6c307ad9a) Importer(815301076,1909f56bfc062723c751e8b465ee728b) [PhysX] Initialized MultithreadedTaskDispatcher with 18 workers.
[PhysX] Initialized MultithreadedTaskDispatcher with 18 workers.
 -> (artifact id: '899ada81c4a603781d35e6a1527b9298') in 0.029489 seconds
Number of updated asset objects reloaded before import = 0
Number of asset objects unloaded after import = 17
========================================================================
Received Import Request.
  Time since last request: 0.011374 seconds.
  path: Assets/npc_casual_set_00/Mesh/npc_hairfacial_c_01.fbx
  artifactKey: Guid(3aa2fd2aebfbc154ea4921d0f4eaceba) Importer(815301076,1909f56bfc062723c751e8b465ee728b)
Start importing Assets/npc_casual_set_00/Mesh/npc_hairfacial_c_01.fbx using Guid(3aa2fd2aebfbc154ea4921d0f4eaceba) Importer(815301076,1909f56bfc062723c751e8b465ee728b) [PhysX] Initialized MultithreadedTaskDispatcher with 18 workers.
[PhysX] Initialized MultithreadedTaskDispatcher with 18 workers.
[PhysX] Initialized MultithreadedTaskDispatcher with 18 workers.
[PhysX] Initialized MultithreadedTaskDispatcher with 18 workers.
[PhysX] Initialized MultithreadedTaskDispatcher with 18 workers.
[PhysX] Initialized MultithreadedTaskDispatcher with 18 workers.
[PhysX] Initialized MultithreadedTaskDispatcher with 18 workers.
[PhysX] Initialized MultithreadedTaskDispatcher with 18 workers.
[PhysX] Initialized MultithreadedTaskDispatcher with 18 workers.
[PhysX] Initialized MultithreadedTaskDispatcher with 18 workers.
[PhysX] Initialized MultithreadedTaskDispatcher with 18 workers.
[PhysX] Initialized MultithreadedTaskDispatcher with 18 workers.
 -> (artifact id: 'c6e8f9353498d9e15e1138b5f26c53b9') in 0.083242 seconds
Number of updated asset objects reloaded before import = 0
Number of asset objects unloaded after import = 145
========================================================================
Received Import Request.
  Time since last request: 0.005667 seconds.
  path: Assets/npc_casual_set_00/Mesh/npc_hmn_01m.fbx
  artifactKey: Guid(4350b309aa35d8241b5a918441629bdc) Importer(815301076,1909f56bfc062723c751e8b465ee728b)
Start importing Assets/npc_casual_set_00/Mesh/npc_hmn_01m.fbx using Guid(4350b309aa35d8241b5a918441629bdc) Importer(815301076,1909f56bfc062723c751e8b465ee728b) [PhysX] Initialized MultithreadedTaskDispatcher with 18 workers.
[PhysX] Initialized MultithreadedTaskDispatcher with 18 workers.
[PhysX] Initialized MultithreadedTaskDispatcher with 18 workers.
[PhysX] Initialized MultithreadedTaskDispatcher with 18 workers.
[PhysX] Initialized MultithreadedTaskDispatcher with 18 workers.
[PhysX] Initialized MultithreadedTaskDispatcher with 18 workers.
[PhysX] Initialized MultithreadedTaskDispatcher with 18 workers.
[PhysX] Initialized MultithreadedTaskDispatcher with 18 workers.
[PhysX] Initialized MultithreadedTaskDispatcher with 18 workers.
[PhysX] Initialized MultithreadedTaskDispatcher with 18 workers.
[PhysX] Initialized MultithreadedTaskDispatcher with 18 workers.
[PhysX] Initialized MultithreadedTaskDispatcher with 18 workers.
 -> (artifact id: '7914a7363e9999c0754a5f7813bce31a') in 0.091361 seconds
Number of updated asset objects reloaded before import = 0
Number of asset objects unloaded after import = 156
========================================================================
Received Import Request.
  Time since last request: 0.007851 seconds.
  path: Assets/npc_casual_set_00/Textures/npc_csl_shirtopenrolled_00m_01_01_o.tif
  artifactKey: Guid(4470fd6ad7a6cd242a320dd977c80fc9) Importer(815301076,1909f56bfc062723c751e8b465ee728b)
Start importing Assets/npc_casual_set_00/Textures/npc_csl_shirtopenrolled_00m_01_01_o.tif using Guid(4470fd6ad7a6cd242a320dd977c80fc9) Importer(815301076,1909f56bfc062723c751e8b465ee728b) [PhysX] Initialized MultithreadedTaskDispatcher with 18 workers.
[PhysX] Initialized MultithreadedTaskDispatcher with 18 workers.
 -> (artifact id: 'b31cdd257a81cc14d7ec20764ba86bbb') in 0.025661 seconds
Number of updated asset objects reloaded before import = 0
Number of asset objects unloaded after import = 2
========================================================================
Received Import Request.
  Time since last request: 0.004739 seconds.
  path: Assets/HorrorPuzzleItems/Valve/Textures/Valve.png
  artifactKey: Guid(5afb58868dbb2c74e8a4f1438798c146) Importer(815301076,1909f56bfc062723c751e8b465ee728b)
Start importing Assets/HorrorPuzzleItems/Valve/Textures/Valve.png using Guid(5afb58868dbb2c74e8a4f1438798c146) Importer(815301076,1909f56bfc062723c751e8b465ee728b) [PhysX] Initialized MultithreadedTaskDispatcher with 18 workers.
[PhysX] Initialized MultithreadedTaskDispatcher with 18 workers.
 -> (artifact id: '51906b9c190f89f5d6acdc167206140d') in 0.024430 seconds
Number of updated asset objects reloaded before import = 0
Number of asset objects unloaded after import = 2
========================================================================
Received Import Request.
  Time since last request: 0.006993 seconds.
  path: Assets/npc_casual_set_00/Mesh/Mesh_Parts/npc_csl_shirtopenrolled_00f_sleeves.fbx
  artifactKey: Guid(34203b88ad1174b4bb41941851227b27) Importer(815301076,1909f56bfc062723c751e8b465ee728b)
Start importing Assets/npc_casual_set_00/Mesh/Mesh_Parts/npc_csl_shirtopenrolled_00f_sleeves.fbx using Guid(34203b88ad1174b4bb41941851227b27) Importer(815301076,1909f56bfc062723c751e8b465ee728b) [PhysX] Initialized MultithreadedTaskDispatcher with 18 workers.
[PhysX] Initialized MultithreadedTaskDispatcher with 18 workers.
[PhysX] Initialized MultithreadedTaskDispatcher with 18 workers.
[PhysX] Initialized MultithreadedTaskDispatcher with 18 workers.
[PhysX] Initialized MultithreadedTaskDispatcher with 18 workers.
[PhysX] Initialized MultithreadedTaskDispatcher with 18 workers.
[PhysX] Initialized MultithreadedTaskDispatcher with 18 workers.
[PhysX] Initialized MultithreadedTaskDispatcher with 18 workers.
[PhysX] Initialized MultithreadedTaskDispatcher with 18 workers.
[PhysX] Initialized MultithreadedTaskDispatcher with 18 workers.
[PhysX] Initialized MultithreadedTaskDispatcher with 18 workers.
[PhysX] Initialized MultithreadedTaskDispatcher with 18 workers.
 -> (artifact id: '06b6ea0d71a728113f9b306cc9d5b8da') in 0.076745 seconds
Number of updated asset objects reloaded before import = 0
Number of asset objects unloaded after import = 149
========================================================================
Received Import Request.
  Time since last request: 0.003910 seconds.
  path: Assets/npc_casual_set_00/Prefabs/npc_csl_tshirt_00f_01_01bw.prefab
  artifactKey: Guid(72b96680f3cae874a83d30361513ee0b) Importer(815301076,1909f56bfc062723c751e8b465ee728b)
Start importing Assets/npc_casual_set_00/Prefabs/npc_csl_tshirt_00f_01_01bw.prefab using Guid(72b96680f3cae874a83d30361513ee0b) Importer(815301076,1909f56bfc062723c751e8b465ee728b) [PhysX] Initialized MultithreadedTaskDispatcher with 18 workers.
[PhysX] Initialized MultithreadedTaskDispatcher with 18 workers.
 -> (artifact id: 'b7e5a728c230dc9baaed51e95a861fa3') in 0.035453 seconds
Number of updated asset objects reloaded before import = 0
Number of asset objects unloaded after import = 289
========================================================================
Received Import Request.
  Time since last request: 0.017672 seconds.
  path: Assets/JustPlay/Сomputer devices/Objects/Phone/Textures
  artifactKey: Guid(199a349f801749d4abefc20cb644f51d) Importer(815301076,1909f56bfc062723c751e8b465ee728b)
Start importing Assets/JustPlay/Сomputer devices/Objects/Phone/Textures using Guid(199a349f801749d4abefc20cb644f51d) Importer(815301076,1909f56bfc062723c751e8b465ee728b) [PhysX] Initialized MultithreadedTaskDispatcher with 18 workers.
 -> (artifact id: '7595d24bb5bad8dfe08f6632ebe6db18') in 0.000944 seconds
Number of updated asset objects reloaded before import = 0
Number of asset objects unloaded after import = 0
========================================================================
Received Import Request.
  Time since last request: 0.035498 seconds.
  path: Assets/npc_casual_set_00/Mesh/Mesh_Parts/npc_hmn_01f_lowerbody6.fbx
  artifactKey: Guid(c1668363703448f4a9b557d03e6d729d) Importer(815301076,1909f56bfc062723c751e8b465ee728b)
Start importing Assets/npc_casual_set_00/Mesh/Mesh_Parts/npc_hmn_01f_lowerbody6.fbx using Guid(c1668363703448f4a9b557d03e6d729d) Importer(815301076,1909f56bfc062723c751e8b465ee728b) [PhysX] Initialized MultithreadedTaskDispatcher with 18 workers.
[PhysX] Initialized MultithreadedTaskDispatcher with 18 workers.
[PhysX] Initialized MultithreadedTaskDispatcher with 18 workers.
[PhysX] Initialized MultithreadedTaskDispatcher with 18 workers.
[PhysX] Initialized MultithreadedTaskDispatcher with 18 workers.
[PhysX] Initialized MultithreadedTaskDispatcher with 18 workers.
[PhysX] Initialized MultithreadedTaskDispatcher with 18 workers.
[PhysX] Initialized MultithreadedTaskDispatcher with 18 workers.
[PhysX] Initialized MultithreadedTaskDispatcher with 18 workers.
[PhysX] Initialized MultithreadedTaskDispatcher with 18 workers.
[PhysX] Initialized MultithreadedTaskDispatcher with 18 workers.
[PhysX] Initialized MultithreadedTaskDispatcher with 18 workers.
 -> (artifact id: '94dfde1c8cfe616e111877c39c0afabb') in 0.090143 seconds
Number of updated asset objects reloaded before import = 0
Number of asset objects unloaded after import = 149
========================================================================
Received Import Request.
  Time since last request: 0.005731 seconds.
  path: Assets/npc_casual_set_00/Textures/npc_hmn_face_01m_05_01_msk.tif
  artifactKey: Guid(2e45e2e00c23e7d49aee0a16b8bca72d) Importer(815301076,1909f56bfc062723c751e8b465ee728b)
Start importing Assets/npc_casual_set_00/Textures/npc_hmn_face_01m_05_01_msk.tif using Guid(2e45e2e00c23e7d49aee0a16b8bca72d) Importer(815301076,1909f56bfc062723c751e8b465ee728b) [PhysX] Initialized MultithreadedTaskDispatcher with 18 workers.
[PhysX] Initialized MultithreadedTaskDispatcher with 18 workers.
 -> (artifact id: '0c02cbdfdefbfeda225bc81f61b73785') in 0.026729 seconds
Number of updated asset objects reloaded before import = 0
Number of asset objects unloaded after import = 2
========================================================================
Received Import Request.
  Time since last request: 0.005833 seconds.
  path: Assets/npc_casual_set_00/Textures/npc_hmn_face_01m_03_01_m.tif
  artifactKey: Guid(45d4f235317a2844fb83ae46ee7e6d82) Importer(815301076,1909f56bfc062723c751e8b465ee728b)
Start importing Assets/npc_casual_set_00/Textures/npc_hmn_face_01m_03_01_m.tif using Guid(45d4f235317a2844fb83ae46ee7e6d82) Importer(815301076,1909f56bfc062723c751e8b465ee728b) [PhysX] Initialized MultithreadedTaskDispatcher with 18 workers.
[PhysX] Initialized MultithreadedTaskDispatcher with 18 workers.
 -> (artifact id: '0ec428cbb6116abb3594f9615bdebfce') in 0.009811 seconds
Number of updated asset objects reloaded before import = 0
Number of asset objects unloaded after import = 2
========================================================================
Received Import Request.
  Time since last request: 0.003159 seconds.
  path: Assets/Scenes/ZNS3D/Vintage Living Room Game Pack/Textures/Furnitures_2
  artifactKey: Guid(9b003fd724ea5854f94f063d0f338c48) Importer(815301076,1909f56bfc062723c751e8b465ee728b)
Start importing Assets/Scenes/ZNS3D/Vintage Living Room Game Pack/Textures/Furnitures_2 using Guid(9b003fd724ea5854f94f063d0f338c48) Importer(815301076,1909f56bfc062723c751e8b465ee728b) [PhysX] Initialized MultithreadedTaskDispatcher with 18 workers.
 -> (artifact id: 'b0868b588c0c3dca95670c126c1e3d78') in 0.001038 seconds
Number of updated asset objects reloaded before import = 0
Number of asset objects unloaded after import = 0
========================================================================
Received Import Request.
  Time since last request: 0.015815 seconds.
  path: Assets/npc_casual_set_00/Textures/npc_hmn_face_01f_03_01_o.tif
  artifactKey: Guid(20b3f5b1a4a0fd442b83ad2ab7d27935) Importer(815301076,1909f56bfc062723c751e8b465ee728b)
Start importing Assets/npc_casual_set_00/Textures/npc_hmn_face_01f_03_01_o.tif using Guid(20b3f5b1a4a0fd442b83ad2ab7d27935) Importer(815301076,1909f56bfc062723c751e8b465ee728b) [PhysX] Initialized MultithreadedTaskDispatcher with 18 workers.
[PhysX] Initialized MultithreadedTaskDispatcher with 18 workers.
 -> (artifact id: '934bb45032680ac3364da92a7ff670ab') in 0.025499 seconds
Number of updated asset objects reloaded before import = 0
Number of asset objects unloaded after import = 2
========================================================================
Received Import Request.
  Time since last request: 0.011500 seconds.
  path: Assets/npc_casual_set_00/Mesh/Mesh_Parts/npc_csl_shirtopenrolled_00m_torso.fbx
  artifactKey: Guid(38138512414ad384bb197f5e3106dc0b) Importer(815301076,1909f56bfc062723c751e8b465ee728b)
Start importing Assets/npc_casual_set_00/Mesh/Mesh_Parts/npc_csl_shirtopenrolled_00m_torso.fbx using Guid(38138512414ad384bb197f5e3106dc0b) Importer(815301076,1909f56bfc062723c751e8b465ee728b) [PhysX] Initialized MultithreadedTaskDispatcher with 18 workers.
[PhysX] Initialized MultithreadedTaskDispatcher with 18 workers.
[PhysX] Initialized MultithreadedTaskDispatcher with 18 workers.
[PhysX] Initialized MultithreadedTaskDispatcher with 18 workers.
[PhysX] Initialized MultithreadedTaskDispatcher with 18 workers.
[PhysX] Initialized MultithreadedTaskDispatcher with 18 workers.
[PhysX] Initialized MultithreadedTaskDispatcher with 18 workers.
[PhysX] Initialized MultithreadedTaskDispatcher with 18 workers.
[PhysX] Initialized MultithreadedTaskDispatcher with 18 workers.
[PhysX] Initialized MultithreadedTaskDispatcher with 18 workers.
[PhysX] Initialized MultithreadedTaskDispatcher with 18 workers.
[PhysX] Initialized MultithreadedTaskDispatcher with 18 workers.
 -> (artifact id: 'a38d2f4240dd7ee25e129b8776f62eb2') in 0.084552 seconds
Number of updated asset objects reloaded before import = 0
Number of asset objects unloaded after import = 149
========================================================================
Received Import Request.
  Time since last request: 0.003421 seconds.
  path: Assets/npc_casual_set_00/Prefabs/Prefabs_Parts/npc_csl_shirtopenrolled_00m_sleeves.prefab
  artifactKey: Guid(1ba8a0970c788b04ca26d68ccdf0108c) Importer(815301076,1909f56bfc062723c751e8b465ee728b)
Start importing Assets/npc_casual_set_00/Prefabs/Prefabs_Parts/npc_csl_shirtopenrolled_00m_sleeves.prefab using Guid(1ba8a0970c788b04ca26d68ccdf0108c) Importer(815301076,1909f56bfc062723c751e8b465ee728b) [PhysX] Initialized MultithreadedTaskDispatcher with 18 workers.
[PhysX] Initialized MultithreadedTaskDispatcher with 18 workers.
 -> (artifact id: 'ceb3f5e449e94c19d3a6244daded2a3b') in 0.034289 seconds
Number of updated asset objects reloaded before import = 0
Number of asset objects unloaded after import = 289
========================================================================
Received Import Request.
  Time since last request: 0.009822 seconds.
  path: Assets/HorrorPuzzleItems/USBKey/Prefabs
  artifactKey: Guid(fd715faa1f55454459e43e0c99368607) Importer(815301076,1909f56bfc062723c751e8b465ee728b)
Start importing Assets/HorrorPuzzleItems/USBKey/Prefabs using Guid(fd715faa1f55454459e43e0c99368607) Importer(815301076,1909f56bfc062723c751e8b465ee728b) [PhysX] Initialized MultithreadedTaskDispatcher with 18 workers.
 -> (artifact id: '53e1ec38ac41b9aea8d9a78a5d1a3490') in 0.001029 seconds
Number of updated asset objects reloaded before import = 0
Number of asset objects unloaded after import = 0
========================================================================
Received Import Request.
  Time since last request: 0.002821 seconds.
  path: Assets/HorrorPuzzleItems/Gem/Models
  artifactKey: Guid(c7d7b374e7b646643a52d179cc9b7843) Importer(815301076,1909f56bfc062723c751e8b465ee728b)
Start importing Assets/HorrorPuzzleItems/Gem/Models using Guid(c7d7b374e7b646643a52d179cc9b7843) Importer(815301076,1909f56bfc062723c751e8b465ee728b) [PhysX] Initialized MultithreadedTaskDispatcher with 18 workers.
 -> (artifact id: '33e5b7fbd2f4a7d1417f40ec4d480c04') in 0.000756 seconds
Number of updated asset objects reloaded before import = 0
Number of asset objects unloaded after import = 0
========================================================================
Received Import Request.
  Time since last request: 0.002505 seconds.
  path: Assets/HorrorPuzzleItems/SmallKey/Models
  artifactKey: Guid(7df7b11f1ac646d438fa51232e50448b) Importer(815301076,1909f56bfc062723c751e8b465ee728b)
Start importing Assets/HorrorPuzzleItems/SmallKey/Models using Guid(7df7b11f1ac646d438fa51232e50448b) Importer(815301076,1909f56bfc062723c751e8b465ee728b) [PhysX] Initialized MultithreadedTaskDispatcher with 18 workers.
 -> (artifact id: '18a8b2798d3253127607a875c9fffe38') in 0.000681 seconds
Number of updated asset objects reloaded before import = 0
Number of asset objects unloaded after import = 0
========================================================================
Received Import Request.
  Time since last request: 0.009553 seconds.
  path: Assets/npc_casual_set_00/Mesh/Mesh_Parts/npc_hmn_01f_torso3.fbx
  artifactKey: Guid(6fca06f9a7ca18e4e8b9b62aa8993eec) Importer(815301076,1909f56bfc062723c751e8b465ee728b)
Start importing Assets/npc_casual_set_00/Mesh/Mesh_Parts/npc_hmn_01f_torso3.fbx using Guid(6fca06f9a7ca18e4e8b9b62aa8993eec) Importer(815301076,1909f56bfc062723c751e8b465ee728b) [PhysX] Initialized MultithreadedTaskDispatcher with 18 workers.
[PhysX] Initialized MultithreadedTaskDispatcher with 18 workers.
[PhysX] Initialized MultithreadedTaskDispatcher with 18 workers.
[PhysX] Initialized MultithreadedTaskDispatcher with 18 workers.
[PhysX] Initialized MultithreadedTaskDispatcher with 18 workers.
[PhysX] Initialized MultithreadedTaskDispatcher with 18 workers.
[PhysX] Initialized MultithreadedTaskDispatcher with 18 workers.
[PhysX] Initialized MultithreadedTaskDispatcher with 18 workers.
[PhysX] Initialized MultithreadedTaskDispatcher with 18 workers.
[PhysX] Initialized MultithreadedTaskDispatcher with 18 workers.
[PhysX] Initialized MultithreadedTaskDispatcher with 18 workers.
[PhysX] Initialized MultithreadedTaskDispatcher with 18 workers.
 -> (artifact id: 'dd0ae3c39d8eb787708b3defb302129b') in 0.087937 seconds
Number of updated asset objects reloaded before import = 0
Number of asset objects unloaded after import = 149
========================================================================
Received Import Request.
  Time since last request: 0.039882 seconds.
  path: Assets/npc_casual_set_00/Prefabs/npc_csl_shirtopenrolled_00m_01_01bw.prefab
  artifactKey: Guid(2e0d3b3db39bc2048a63b5b801f76c3a) Importer(815301076,1909f56bfc062723c751e8b465ee728b)
Start importing Assets/npc_casual_set_00/Prefabs/npc_csl_shirtopenrolled_00m_01_01bw.prefab using Guid(2e0d3b3db39bc2048a63b5b801f76c3a) Importer(815301076,1909f56bfc062723c751e8b465ee728b) [PhysX] Initialized MultithreadedTaskDispatcher with 18 workers.
[PhysX] Initialized MultithreadedTaskDispatcher with 18 workers.
 -> (artifact id: '5cd57aaab290a03c36daae5d69bf6e00') in 0.035916 seconds
Number of updated asset objects reloaded before import = 0
Number of asset objects unloaded after import = 289
========================================================================
Received Import Request.
  Time since last request: 0.007145 seconds.
  path: Assets/HorrorPuzzleItems/Cable/Materials
  artifactKey: Guid(535c6dda80f27e3498d1fc61983cc90d) Importer(815301076,1909f56bfc062723c751e8b465ee728b)
Start importing Assets/HorrorPuzzleItems/Cable/Materials using Guid(535c6dda80f27e3498d1fc61983cc90d) Importer(815301076,1909f56bfc062723c751e8b465ee728b) [PhysX] Initialized MultithreadedTaskDispatcher with 18 workers.
 -> (artifact id: '611a69ef5e7c05d902fe8da0313c572d') in 0.001555 seconds
Number of updated asset objects reloaded before import = 0
Number of asset objects unloaded after import = 0
========================================================================
Received Import Request.
  Time since last request: 0.004279 seconds.
  path: Assets/npc_casual_set_00/Prefabs/npc_csl_shoe_01_00_03.prefab
  artifactKey: Guid(787bb9164f9d82747a38af85f6d48125) Importer(815301076,1909f56bfc062723c751e8b465ee728b)
Start importing Assets/npc_casual_set_00/Prefabs/npc_csl_shoe_01_00_03.prefab using Guid(787bb9164f9d82747a38af85f6d48125) Importer(815301076,1909f56bfc062723c751e8b465ee728b) [PhysX] Initialized MultithreadedTaskDispatcher with 18 workers.
[PhysX] Initialized MultithreadedTaskDispatcher with 18 workers.
 -> (artifact id: 'bcc2b5b7a4b98c29adf3150c26590e94') in 0.031849 seconds
Number of updated asset objects reloaded before import = 0
Number of asset objects unloaded after import = 283
========================================================================
Received Import Request.
  Time since last request: 0.002675 seconds.
  path: Assets/nappin/OfficeEssentialsPack/Prefabs/(Prb)Container3.prefab
  artifactKey: Guid(cae6314782bce654798802c29aaac4b8) Importer(815301076,1909f56bfc062723c751e8b465ee728b)
Start importing Assets/nappin/OfficeEssentialsPack/Prefabs/(Prb)Container3.prefab using Guid(cae6314782bce654798802c29aaac4b8) Importer(815301076,1909f56bfc062723c751e8b465ee728b) [PhysX] Initialized MultithreadedTaskDispatcher with 18 workers.
[PhysX] Initialized MultithreadedTaskDispatcher with 18 workers.
 -> (artifact id: '378f364881786b5627a95c90cace8f66') in 0.031610 seconds
Number of updated asset objects reloaded before import = 0
Number of asset objects unloaded after import = 107
========================================================================
Received Import Request.
  Time since last request: 0.008612 seconds.
  path: Assets/npc_casual_set_00/Prefabs/npc_csl_tshirt_00f_01_02.prefab
  artifactKey: Guid(d2c9903ec60b8e74ebc86afee1e815d0) Importer(815301076,1909f56bfc062723c751e8b465ee728b)
Start importing Assets/npc_casual_set_00/Prefabs/npc_csl_tshirt_00f_01_02.prefab using Guid(d2c9903ec60b8e74ebc86afee1e815d0) Importer(815301076,1909f56bfc062723c751e8b465ee728b) [PhysX] Initialized MultithreadedTaskDispatcher with 18 workers.
[PhysX] Initialized MultithreadedTaskDispatcher with 18 workers.
 -> (artifact id: '1f78e564d359993a3acf86289abc3315') in 0.035671 seconds
Number of updated asset objects reloaded before import = 0
Number of asset objects unloaded after import = 291
========================================================================
Received Import Request.
  Time since last request: 0.004057 seconds.
  path: Assets/npc_casual_set_00/Mesh/npc_haircut_a_02.fbx
  artifactKey: Guid(5c4107e733507394ead6e48ad4370ae6) Importer(815301076,1909f56bfc062723c751e8b465ee728b)
Start importing Assets/npc_casual_set_00/Mesh/npc_haircut_a_02.fbx using Guid(5c4107e733507394ead6e48ad4370ae6) Importer(815301076,1909f56bfc062723c751e8b465ee728b) [PhysX] Initialized MultithreadedTaskDispatcher with 18 workers.
[PhysX] Initialized MultithreadedTaskDispatcher with 18 workers.
[PhysX] Initialized MultithreadedTaskDispatcher with 18 workers.
[PhysX] Initialized MultithreadedTaskDispatcher with 18 workers.
[PhysX] Initialized MultithreadedTaskDispatcher with 18 workers.
[PhysX] Initialized MultithreadedTaskDispatcher with 18 workers.
[PhysX] Initialized MultithreadedTaskDispatcher with 18 workers.
[PhysX] Initialized MultithreadedTaskDispatcher with 18 workers.
[PhysX] Initialized MultithreadedTaskDispatcher with 18 workers.
[PhysX] Initialized MultithreadedTaskDispatcher with 18 workers.
[PhysX] Initialized MultithreadedTaskDispatcher with 18 workers.
[PhysX] Initialized MultithreadedTaskDispatcher with 18 workers.
 -> (artifact id: 'f8e4255625c88d3c3c58a4c52006787b') in 0.085367 seconds
Number of updated asset objects reloaded before import = 0
Number of asset objects unloaded after import = 145
========================================================================
Received Import Request.
  Time since last request: 0.037734 seconds.
  path: Assets/nappin/HouseInteriorPack/Models/(Msh)KitchenSink.fbx
  artifactKey: Guid(59fd103e6453fa2488ff45426f6336ad) Importer(815301076,1909f56bfc062723c751e8b465ee728b)
Start importing Assets/nappin/HouseInteriorPack/Models/(Msh)KitchenSink.fbx using Guid(59fd103e6453fa2488ff45426f6336ad) Importer(815301076,1909f56bfc062723c751e8b465ee728b) [PhysX] Initialized MultithreadedTaskDispatcher with 18 workers.
[PhysX] Initialized MultithreadedTaskDispatcher with 18 workers.
[PhysX] Initialized MultithreadedTaskDispatcher with 18 workers.
[PhysX] Initialized MultithreadedTaskDispatcher with 18 workers.
[PhysX] Initialized MultithreadedTaskDispatcher with 18 workers.
[PhysX] Initialized MultithreadedTaskDispatcher with 18 workers.
 -> (artifact id: '9a8cc206407f0596a4847ead952d997c') in 0.059360 seconds
Number of updated asset objects reloaded before import = 0
Number of asset objects unloaded after import = 21
========================================================================
Received Import Request.
  Time since last request: 0.005103 seconds.
  path: Assets/npc_casual_set_00/Prefabs/Prefabs_Parts/npc_hmn_01m_fingers2.prefab
  artifactKey: Guid(9e5b758aa11364045919755d71996065) Importer(815301076,1909f56bfc062723c751e8b465ee728b)
Start importing Assets/npc_casual_set_00/Prefabs/Prefabs_Parts/npc_hmn_01m_fingers2.prefab using Guid(9e5b758aa11364045919755d71996065) Importer(815301076,1909f56bfc062723c751e8b465ee728b) [PhysX] Initialized MultithreadedTaskDispatcher with 18 workers.
[PhysX] Initialized MultithreadedTaskDispatcher with 18 workers.
 -> (artifact id: '89acd03e5da5e5e643bb1261728f84e7') in 0.038163 seconds
Number of updated asset objects reloaded before import = 0
Number of asset objects unloaded after import = 281
========================================================================
Received Import Request.
  Time since last request: 0.017833 seconds.
  path: Assets/HorrorPuzzleItems/Gem/Textures/Gem_Green.png
  artifactKey: Guid(46420a5c74792ca419e3f659aa0e7068) Importer(815301076,1909f56bfc062723c751e8b465ee728b)
Start importing Assets/HorrorPuzzleItems/Gem/Textures/Gem_Green.png using Guid(46420a5c74792ca419e3f659aa0e7068) Importer(815301076,1909f56bfc062723c751e8b465ee728b) [PhysX] Initialized MultithreadedTaskDispatcher with 18 workers.
[PhysX] Initialized MultithreadedTaskDispatcher with 18 workers.
 -> (artifact id: '8fe6f48cc952afeb31a062ef7e78a9bd') in 0.024763 seconds
Number of updated asset objects reloaded before import = 0
Number of asset objects unloaded after import = 2
========================================================================
Received Import Request.
  Time since last request: 0.005012 seconds.
  path: Assets/HorrorPuzzleItems/Gem/Icons/Icon_Gem_Green.png
  artifactKey: Guid(3673614ef2e3f0342a298a084ac491e6) Importer(815301076,1909f56bfc062723c751e8b465ee728b)
Start importing Assets/HorrorPuzzleItems/Gem/Icons/Icon_Gem_Green.png using Guid(3673614ef2e3f0342a298a084ac491e6) Importer(815301076,1909f56bfc062723c751e8b465ee728b) [PhysX] Initialized MultithreadedTaskDispatcher with 18 workers.
[PhysX] Initialized MultithreadedTaskDispatcher with 18 workers.
 -> (artifact id: 'de4763cc6393398adb819d2af8583f7c') in 0.031529 seconds
Number of updated asset objects reloaded before import = 0
Number of asset objects unloaded after import = 3
========================================================================
Received Import Request.
  Time since last request: 0.017521 seconds.
  path: Assets/npc_casual_set_00/Textures/npc_hmn_face_01f_02_01_m.tif
  artifactKey: Guid(a1d24fdc2443c204caaf2657d3845d2e) Importer(815301076,1909f56bfc062723c751e8b465ee728b)
Start importing Assets/npc_casual_set_00/Textures/npc_hmn_face_01f_02_01_m.tif using Guid(a1d24fdc2443c204caaf2657d3845d2e) Importer(815301076,1909f56bfc062723c751e8b465ee728b) [PhysX] Initialized MultithreadedTaskDispatcher with 18 workers.
[PhysX] Initialized MultithreadedTaskDispatcher with 18 workers.
 -> (artifact id: '2c61d41ea4570923ca74789c466fce88') in 0.008261 seconds
Number of updated asset objects reloaded before import = 0
Number of asset objects unloaded after import = 2
========================================================================
Received Import Request.
  Time since last request: 0.003548 seconds.
  path: Assets/npc_casual_set_00/Mesh/Mesh_Parts/npc_hmn_01f_head2.fbx
  artifactKey: Guid(a31fd8a1483fa6d4bbb28a6b639796c2) Importer(815301076,1909f56bfc062723c751e8b465ee728b)
Start importing Assets/npc_casual_set_00/Mesh/Mesh_Parts/npc_hmn_01f_head2.fbx using Guid(a31fd8a1483fa6d4bbb28a6b639796c2) Importer(815301076,1909f56bfc062723c751e8b465ee728b) [PhysX] Initialized MultithreadedTaskDispatcher with 18 workers.
[PhysX] Initialized MultithreadedTaskDispatcher with 18 workers.
[PhysX] Initialized MultithreadedTaskDispatcher with 18 workers.
[PhysX] Initialized MultithreadedTaskDispatcher with 18 workers.
[PhysX] Initialized MultithreadedTaskDispatcher with 18 workers.
[PhysX] Initialized MultithreadedTaskDispatcher with 18 workers.
[PhysX] Initialized MultithreadedTaskDispatcher with 18 workers.
[PhysX] Initialized MultithreadedTaskDispatcher with 18 workers.
[PhysX] Initialized MultithreadedTaskDispatcher with 18 workers.
[PhysX] Initialized MultithreadedTaskDispatcher with 18 workers.
[PhysX] Initialized MultithreadedTaskDispatcher with 18 workers.
[PhysX] Initialized MultithreadedTaskDispatcher with 18 workers.
 -> (artifact id: 'ace4eab784e269c2bba9b01644a6f9ab') in 0.092378 seconds
Number of updated asset objects reloaded before import = 0
Number of asset objects unloaded after import = 154
========================================================================
Received Import Request.
  Time since last request: 0.004020 seconds.
  path: Assets/npc_casual_set_00/Prefabs/Prefabs_Parts/npc_csl_tshirt_00m_torso.prefab
  artifactKey: Guid(3f3a6d1ddbc609745ac0569a8ac1cf4f) Importer(815301076,1909f56bfc062723c751e8b465ee728b)
Start importing Assets/npc_casual_set_00/Prefabs/Prefabs_Parts/npc_csl_tshirt_00m_torso.prefab using Guid(3f3a6d1ddbc609745ac0569a8ac1cf4f) Importer(815301076,1909f56bfc062723c751e8b465ee728b) [PhysX] Initialized MultithreadedTaskDispatcher with 18 workers.
[PhysX] Initialized MultithreadedTaskDispatcher with 18 workers.
 -> (artifact id: '8c0c3268bfbb0bac1fafaab8ac206726') in 0.033096 seconds
Number of updated asset objects reloaded before import = 0
Number of asset objects unloaded after import = 289
========================================================================
Received Import Request.
  Time since last request: 0.009881 seconds.
  path: Assets/npc_casual_set_00/Prefabs/npc_hairfacial_b_01.prefab
  artifactKey: Guid(06318a5febaf3344db3b500429920304) Importer(815301076,1909f56bfc062723c751e8b465ee728b)
Start importing Assets/npc_casual_set_00/Prefabs/npc_hairfacial_b_01.prefab using Guid(06318a5febaf3344db3b500429920304) Importer(815301076,1909f56bfc062723c751e8b465ee728b) [PhysX] Initialized MultithreadedTaskDispatcher with 18 workers.
[PhysX] Initialized MultithreadedTaskDispatcher with 18 workers.
 -> (artifact id: 'ca08e38d4b7f781257b5e65e861a2f62') in 0.030471 seconds
Number of updated asset objects reloaded before import = 0
Number of asset objects unloaded after import = 281
========================================================================
Received Import Request.
  Time since last request: 0.004346 seconds.
  path: Assets/npc_casual_set_00/Mesh/Mesh_Parts/npc_csl_shirtopenrolled_00f_parts.fbx
  artifactKey: Guid(b6eb4c4121ddb6141b1a71c69cb2a9ad) Importer(815301076,1909f56bfc062723c751e8b465ee728b)
Start importing Assets/npc_casual_set_00/Mesh/Mesh_Parts/npc_csl_shirtopenrolled_00f_parts.fbx using Guid(b6eb4c4121ddb6141b1a71c69cb2a9ad) Importer(815301076,1909f56bfc062723c751e8b465ee728b) [PhysX] Initialized MultithreadedTaskDispatcher with 18 workers.
[PhysX] Initialized MultithreadedTaskDispatcher with 18 workers.
[PhysX] Initialized MultithreadedTaskDispatcher with 18 workers.
[PhysX] Initialized MultithreadedTaskDispatcher with 18 workers.
[PhysX] Initialized MultithreadedTaskDispatcher with 18 workers.
[PhysX] Initialized MultithreadedTaskDispatcher with 18 workers.
[PhysX] Initialized MultithreadedTaskDispatcher with 18 workers.
[PhysX] Initialized MultithreadedTaskDispatcher with 18 workers.
[PhysX] Initialized MultithreadedTaskDispatcher with 18 workers.
[PhysX] Initialized MultithreadedTaskDispatcher with 18 workers.
[PhysX] Initialized MultithreadedTaskDispatcher with 18 workers.
[PhysX] Initialized MultithreadedTaskDispatcher with 18 workers.
[PhysX] Initialized MultithreadedTaskDispatcher with 18 workers.
[PhysX] Initialized MultithreadedTaskDispatcher with 18 workers.
[PhysX] Initialized MultithreadedTaskDispatcher with 18 workers.
[PhysX] Initialized MultithreadedTaskDispatcher with 18 workers.
[PhysX] Initialized MultithreadedTaskDispatcher with 18 workers.
[PhysX] Initialized MultithreadedTaskDispatcher with 18 workers.
[PhysX] Initialized MultithreadedTaskDispatcher with 18 workers.
[PhysX] Initialized MultithreadedTaskDispatcher with 18 workers.
[PhysX] Initialized MultithreadedTaskDispatcher with 18 workers.
[PhysX] Initialized MultithreadedTaskDispatcher with 18 workers.
 -> (artifact id: '572948e298e97919c185df7e2ff6f637') in 0.117224 seconds
Number of updated asset objects reloaded before import = 0
Number of asset objects unloaded after import = 179
========================================================================
Received Import Request.
  Time since last request: 0.006321 seconds.
  path: Assets/JustPlay/Сomputer devices/Objects/Keyboard/Textures/AO.png
  artifactKey: Guid(44292e34ea9377b4e928720f1b76f0c7) Importer(815301076,1909f56bfc062723c751e8b465ee728b)
Start importing Assets/JustPlay/Сomputer devices/Objects/Keyboard/Textures/AO.png using Guid(44292e34ea9377b4e928720f1b76f0c7) Importer(815301076,1909f56bfc062723c751e8b465ee728b) [PhysX] Initialized MultithreadedTaskDispatcher with 18 workers.
[PhysX] Initialized MultithreadedTaskDispatcher with 18 workers.
 -> (artifact id: 'bc1f5084a3377ddf8b28fdeac9044e45') in 0.025822 seconds
Number of updated asset objects reloaded before import = 0
Number of asset objects unloaded after import = 2
========================================================================
Received Import Request.
  Time since last request: 0.005971 seconds.
  path: Assets/npc_casual_set_00/Textures/npc_hmn_face_01f_05_01_c.tif
  artifactKey: Guid(89631f8bebca9de47beed45808b60a09) Importer(815301076,1909f56bfc062723c751e8b465ee728b)
Start importing Assets/npc_casual_set_00/Textures/npc_hmn_face_01f_05_01_c.tif using Guid(89631f8bebca9de47beed45808b60a09) Importer(815301076,1909f56bfc062723c751e8b465ee728b) [PhysX] Initialized MultithreadedTaskDispatcher with 18 workers.
[PhysX] Initialized MultithreadedTaskDispatcher with 18 workers.
 -> (artifact id: '3ab91b9ec0f8dd11acdb79ecd9b200d6') in 0.026949 seconds
Number of updated asset objects reloaded before import = 0
Number of asset objects unloaded after import = 2
========================================================================
Received Import Request.
  Time since last request: 0.006766 seconds.
  path: Assets/npc_casual_set_00/Textures/npc_hmn_face_01f_01_01_msk.tif
  artifactKey: Guid(140143c4af90e2546a72e39c34b74fb5) Importer(815301076,1909f56bfc062723c751e8b465ee728b)
Start importing Assets/npc_casual_set_00/Textures/npc_hmn_face_01f_01_01_msk.tif using Guid(140143c4af90e2546a72e39c34b74fb5) Importer(815301076,1909f56bfc062723c751e8b465ee728b) [PhysX] Initialized MultithreadedTaskDispatcher with 18 workers.
[PhysX] Initialized MultithreadedTaskDispatcher with 18 workers.
 -> (artifact id: 'd8c7cdaf6b32e877189729678f768517') in 0.025277 seconds
Number of updated asset objects reloaded before import = 0
Number of asset objects unloaded after import = 2
========================================================================
Received Import Request.
  Time since last request: 0.003428 seconds.
  path: Assets/HorrorPuzzleItems/Floppy/Prefabs
  artifactKey: Guid(b9591d54cb8f41740a6dd64724bda722) Importer(815301076,1909f56bfc062723c751e8b465ee728b)
Start importing Assets/HorrorPuzzleItems/Floppy/Prefabs using Guid(b9591d54cb8f41740a6dd64724bda722) Importer(815301076,1909f56bfc062723c751e8b465ee728b) [PhysX] Initialized MultithreadedTaskDispatcher with 18 workers.
 -> (artifact id: '43a836efe86665fd22f5ee0004c74fa9') in 0.000894 seconds
Number of updated asset objects reloaded before import = 0
Number of asset objects unloaded after import = 0
========================================================================
Received Import Request.
  Time since last request: 0.047816 seconds.
  path: Assets/HorrorPuzzleItems/Crank
  artifactKey: Guid(27fe36cb68788bd4292df95f00f5e196) Importer(815301076,1909f56bfc062723c751e8b465ee728b)
Start importing Assets/HorrorPuzzleItems/Crank using Guid(27fe36cb68788bd4292df95f00f5e196) Importer(815301076,1909f56bfc062723c751e8b465ee728b) [PhysX] Initialized MultithreadedTaskDispatcher with 18 workers.
 -> (artifact id: '7891b0e1466250566cab648468e32528') in 0.000681 seconds
Number of updated asset objects reloaded before import = 0
Number of asset objects unloaded after import = 0
========================================================================
Received Import Request.
  Time since last request: 0.007036 seconds.
  path: Assets/HorrorPuzzleItems/Card/Materials
  artifactKey: Guid(a8b5a0afa7edd2745ab7b322bbab735e) Importer(815301076,1909f56bfc062723c751e8b465ee728b)
Start importing Assets/HorrorPuzzleItems/Card/Materials using Guid(a8b5a0afa7edd2745ab7b322bbab735e) Importer(815301076,1909f56bfc062723c751e8b465ee728b) [PhysX] Initialized MultithreadedTaskDispatcher with 18 workers.
 -> (artifact id: '09ac70b9c53cd5d1b26a3476d17bddb0') in 0.000613 seconds
Number of updated asset objects reloaded before import = 0
Number of asset objects unloaded after import = 0
========================================================================
Received Import Request.
  Time since last request: 0.002285 seconds.
  path: Assets/JustPlay/Demo
  artifactKey: Guid(c1af35d95c43a7a4db751cdb5b244612) Importer(815301076,1909f56bfc062723c751e8b465ee728b)
Start importing Assets/JustPlay/Demo using Guid(c1af35d95c43a7a4db751cdb5b244612) Importer(815301076,1909f56bfc062723c751e8b465ee728b) [PhysX] Initialized MultithreadedTaskDispatcher with 18 workers.
 -> (artifact id: '1e691b8fcf68794b5341b2558c1c47fd') in 0.000576 seconds
Number of updated asset objects reloaded before import = 0
Number of asset objects unloaded after import = 0
========================================================================
Received Import Request.
  Time since last request: 0.004355 seconds.
  path: Assets/npc_casual_set_00/Textures/npc_hmn_face_01f_05_01_o.tif
  artifactKey: Guid(e1a204dab31551941bd6b5643596e4f5) Importer(815301076,1909f56bfc062723c751e8b465ee728b)
Start importing Assets/npc_casual_set_00/Textures/npc_hmn_face_01f_05_01_o.tif using Guid(e1a204dab31551941bd6b5643596e4f5) Importer(815301076,1909f56bfc062723c751e8b465ee728b) [PhysX] Initialized MultithreadedTaskDispatcher with 18 workers.
[PhysX] Initialized MultithreadedTaskDispatcher with 18 workers.
 -> (artifact id: 'cb14913f1c73ab5adf07a9cb485f2d6e') in 0.025329 seconds
Number of updated asset objects reloaded before import = 0
Number of asset objects unloaded after import = 2
========================================================================
Received Import Request.
  Time since last request: 0.046554 seconds.
  path: Assets/npc_casual_set_00/Prefabs/npc_haircut_a_02.prefab
  artifactKey: Guid(3ebb575ac4417e647b2c4789576a9829) Importer(815301076,1909f56bfc062723c751e8b465ee728b)
Start importing Assets/npc_casual_set_00/Prefabs/npc_haircut_a_02.prefab using Guid(3ebb575ac4417e647b2c4789576a9829) Importer(815301076,1909f56bfc062723c751e8b465ee728b) [PhysX] Initialized MultithreadedTaskDispatcher with 18 workers.
[PhysX] Initialized MultithreadedTaskDispatcher with 18 workers.
 -> (artifact id: 'eefa9d4feceb97a1fb52701363c391cd') in 0.029021 seconds
Number of updated asset objects reloaded before import = 0
Number of asset objects unloaded after import = 281
========================================================================
Received Import Request.
  Time since last request: 0.023730 seconds.
  path: Assets/npc_casual_set_00/Textures/npc_hmn_body_01m_01_01_o.tif
  artifactKey: Guid(444656238b316674c9ac36691cf77785) Importer(815301076,1909f56bfc062723c751e8b465ee728b)
Start importing Assets/npc_casual_set_00/Textures/npc_hmn_body_01m_01_01_o.tif using Guid(444656238b316674c9ac36691cf77785) Importer(815301076,1909f56bfc062723c751e8b465ee728b) [PhysX] Initialized MultithreadedTaskDispatcher with 18 workers.
[PhysX] Initialized MultithreadedTaskDispatcher with 18 workers.
 -> (artifact id: 'c95f2159fd335b7132a7a3e3ad936db4') in 0.028959 seconds
Number of updated asset objects reloaded before import = 0
Number of asset objects unloaded after import = 2
========================================================================
Received Import Request.
  Time since last request: 0.035420 seconds.
  path: Assets/HorrorPuzzleItems/Battery
  artifactKey: Guid(fa0bf08d7a7b1d745a6141136a6ad417) Importer(815301076,1909f56bfc062723c751e8b465ee728b)
Start importing Assets/HorrorPuzzleItems/Battery using Guid(fa0bf08d7a7b1d745a6141136a6ad417) Importer(815301076,1909f56bfc062723c751e8b465ee728b) [PhysX] Initialized MultithreadedTaskDispatcher with 18 workers.
 -> (artifact id: 'b2d3780fd64be8983e7a77cf3d48e244') in 0.000566 seconds
Number of updated asset objects reloaded before import = 0
Number of asset objects unloaded after import = 0
========================================================================
Received Import Request.
  Time since last request: 0.015017 seconds.
  path: Assets/nappin/OfficeEssentialsPack/Materials/(Mat)GradientRed.mat
  artifactKey: Guid(fac6997ebfb39364db1173ae4a1c49e6) Importer(815301076,1909f56bfc062723c751e8b465ee728b)
Start importing Assets/nappin/OfficeEssentialsPack/Materials/(Mat)GradientRed.mat using Guid(fac6997ebfb39364db1173ae4a1c49e6) Importer(815301076,1909f56bfc062723c751e8b465ee728b) [PhysX] Initialized MultithreadedTaskDispatcher with 18 workers.
[PhysX] Initialized MultithreadedTaskDispatcher with 18 workers.
 -> (artifact id: '17189fa0f59e1cae0672193acbd81987') in 0.029561 seconds
Number of updated asset objects reloaded before import = 0
Number of asset objects unloaded after import = 3
========================================================================
Received Import Request.
  Time since last request: 0.020040 seconds.
  path: Assets/npc_casual_set_00/Prefabs/Prefabs_Parts/npc_hmn_01f_torso3.prefab
  artifactKey: Guid(b7f7eb530372d3d42859e3c3d7d8789d) Importer(815301076,1909f56bfc062723c751e8b465ee728b)
Start importing Assets/npc_casual_set_00/Prefabs/Prefabs_Parts/npc_hmn_01f_torso3.prefab using Guid(b7f7eb530372d3d42859e3c3d7d8789d) Importer(815301076,1909f56bfc062723c751e8b465ee728b) [PhysX] Initialized MultithreadedTaskDispatcher with 18 workers.
[PhysX] Initialized MultithreadedTaskDispatcher with 18 workers.
 -> (artifact id: '614ecb3f1f31ab78cd8f885c19972ce7') in 0.043207 seconds
Number of updated asset objects reloaded before import = 0
Number of asset objects unloaded after import = 289
========================================================================
Received Import Request.
  Time since last request: 0.008682 seconds.
  path: Assets/npc_casual_set_00/Mesh/Mesh_Parts/npc_hmn_01f_torso2.fbx
  artifactKey: Guid(b37ce58f864d6224d819287cbd579f31) Importer(815301076,1909f56bfc062723c751e8b465ee728b)
Start importing Assets/npc_casual_set_00/Mesh/Mesh_Parts/npc_hmn_01f_torso2.fbx using Guid(b37ce58f864d6224d819287cbd579f31) Importer(815301076,1909f56bfc062723c751e8b465ee728b) [PhysX] Initialized MultithreadedTaskDispatcher with 18 workers.
[PhysX] Initialized MultithreadedTaskDispatcher with 18 workers.
[PhysX] Initialized MultithreadedTaskDispatcher with 18 workers.
[PhysX] Initialized MultithreadedTaskDispatcher with 18 workers.
[PhysX] Initialized MultithreadedTaskDispatcher with 18 workers.
[PhysX] Initialized MultithreadedTaskDispatcher with 18 workers.
[PhysX] Initialized MultithreadedTaskDispatcher with 18 workers.
[PhysX] Initialized MultithreadedTaskDispatcher with 18 workers.
[PhysX] Initialized MultithreadedTaskDispatcher with 18 workers.
[PhysX] Initialized MultithreadedTaskDispatcher with 18 workers.
[PhysX] Initialized MultithreadedTaskDispatcher with 18 workers.
[PhysX] Initialized MultithreadedTaskDispatcher with 18 workers.
 -> (artifact id: '3d1fca39cef3594609184a1d436b0278') in 0.088761 seconds
Number of updated asset objects reloaded before import = 0
Number of asset objects unloaded after import = 149
========================================================================
Received Import Request.
  Time since last request: 0.007083 seconds.
  path: Assets/npc_casual_set_00/Prefabs/Prefabs_Parts/npc_hmn_01f_head2.prefab
  artifactKey: Guid(5a9d134bb87169746917aca79a546823) Importer(815301076,1909f56bfc062723c751e8b465ee728b)
Start importing Assets/npc_casual_set_00/Prefabs/Prefabs_Parts/npc_hmn_01f_head2.prefab using Guid(5a9d134bb87169746917aca79a546823) Importer(815301076,1909f56bfc062723c751e8b465ee728b) [PhysX] Initialized MultithreadedTaskDispatcher with 18 workers.
[PhysX] Initialized MultithreadedTaskDispatcher with 18 workers.
 -> (artifact id: '5fcabdc253dddacd1aad3f69f48ace97') in 0.037543 seconds
Number of updated asset objects reloaded before import = 0
Number of asset objects unloaded after import = 294
========================================================================
Received Import Request.
  Time since last request: 0.020215 seconds.
  path: Assets/nappin/OfficeEssentialsPack/Prefabs/(Prb)CoatHanger.prefab
  artifactKey: Guid(1fd1948ee0343e74990f9a76872df5ef) Importer(815301076,1909f56bfc062723c751e8b465ee728b)
Start importing Assets/nappin/OfficeEssentialsPack/Prefabs/(Prb)CoatHanger.prefab using Guid(1fd1948ee0343e74990f9a76872df5ef) Importer(815301076,1909f56bfc062723c751e8b465ee728b) [PhysX] Initialized MultithreadedTaskDispatcher with 18 workers.
[PhysX] Initialized MultithreadedTaskDispatcher with 18 workers.
 -> (artifact id: '8fd08b92679a50737204fd60044ecc51') in 0.028701 seconds
Number of updated asset objects reloaded before import = 0
Number of asset objects unloaded after import = 13
========================================================================
Received Import Request.
  Time since last request: 0.010124 seconds.
  path: Assets/HorrorPuzzleItems/Card/Prefabs/Card_GateYellow.prefab
  artifactKey: Guid(266b86b5ac92ce34f994acba480f6ed1) Importer(815301076,1909f56bfc062723c751e8b465ee728b)
Start importing Assets/HorrorPuzzleItems/Card/Prefabs/Card_GateYellow.prefab using Guid(266b86b5ac92ce34f994acba480f6ed1) Importer(815301076,1909f56bfc062723c751e8b465ee728b) [PhysX] Initialized MultithreadedTaskDispatcher with 18 workers.
[PhysX] Initialized MultithreadedTaskDispatcher with 18 workers.
 -> (artifact id: '336bee7babfc987dc7e3dc8c6f143a81') in 0.025314 seconds
Number of updated asset objects reloaded before import = 0
Number of asset objects unloaded after import = 17
========================================================================
Received Import Request.
  Time since last request: 0.003863 seconds.
  path: Assets/nappin/OfficeEssentialsPack/Prefabs/(Prb)Sofa2.prefab
  artifactKey: Guid(9cf94939f3dfab54eb62e181bdc60594) Importer(815301076,1909f56bfc062723c751e8b465ee728b)
Start importing Assets/nappin/OfficeEssentialsPack/Prefabs/(Prb)Sofa2.prefab using Guid(9cf94939f3dfab54eb62e181bdc60594) Importer(815301076,1909f56bfc062723c751e8b465ee728b) [PhysX] Initialized MultithreadedTaskDispatcher with 18 workers.
[PhysX] Initialized MultithreadedTaskDispatcher with 18 workers.
 -> (artifact id: '8182545ece429d823837d2a063f2d450') in 0.029705 seconds
Number of updated asset objects reloaded before import = 0
Number of asset objects unloaded after import = 14
========================================================================
Received Import Request.
  Time since last request: 0.003261 seconds.
  path: Assets/nappin/OfficeEssentialsPack/Prefabs/(Prb)Container2.prefab
  artifactKey: Guid(dffdf6411c04f9146a126f1cd6000fda) Importer(815301076,1909f56bfc062723c751e8b465ee728b)
Start importing Assets/nappin/OfficeEssentialsPack/Prefabs/(Prb)Container2.prefab using Guid(dffdf6411c04f9146a126f1cd6000fda) Importer(815301076,1909f56bfc062723c751e8b465ee728b) [PhysX] Initialized MultithreadedTaskDispatcher with 18 workers.
[PhysX] Initialized MultithreadedTaskDispatcher with 18 workers.
 -> (artifact id: '650461d2d375a23ca8e552ddbc166f44') in 0.027509 seconds
Number of updated asset objects reloaded before import = 0
Number of asset objects unloaded after import = 13
